stepCount,sleepHours,heartRate,respiratoryRate,caloriesBurned,typingSpeed_stats,screenUptime_stats,screenBrightness_stats,Overwhelmed
8473.81430796201,5.90927488539289,826.6567068008217,19.228948423532305,2164.7447793849406,36.114128504418986,5.047162079856707,46.112547063284985,0
9364.052905057853,9.276671760562666,1126.3603163917019,17.392927538796304,2468.4828845520647,43.07832756918202,3.4876840649619445,59.42230017567836,0
4943.168456684723,6.858445085094179,2269.1285175984235,14.328845891488958,2300.8968726228372,43.68602724091042,3.2433787737021262,53.408707913462806,0
13720.369580143062,9.98008292088116,1009.6832319431869,17.608157647908502,2536.506269802129,39.622685629074226,3.113989803120117,37.96114365627015,0
10168.749901343137,4.970444317422947,667.1562739629196,18.796458684345527,2062.565052796395,38.145527958573844,14.377667300112268,83.79325364030615,1
8490.124719757054,8.27205454306318,-381.29664412370323,18.59804419164297,3137.31387745527,49.509071679200694,5.324216372476464,51.86161955581734,0
11781.404003703612,8.265498806916188,868.8230709736669,17.896470319070072,2554.4126918163925,53.34572062612958,6.596470973464217,61.20056637899783,0
3425.6214964619194,6.150469773930616,1517.534146012113,16.086351664399803,2834.7058055537145,46.0804478322083,4.5958282029231645,38.97908044407441,0
9444.050291506004,9.038008829873853,148.6654493804656,15.302645820028463,2077.642866521568,43.3092917080297,3.6245124801355315,40.7688081576347,0
21215.972598216373,8.19461302961615,336.1146905922221,15.70901664777079,2950.5799664206365,41.744048010569486,-7.476278660695069,84.0172563772616,1
2084.0895451557344,8.707366607696676,879.5177542271588,18.427831579678607,2265.9925851779735,64.92581884774765,6.635594264505227,53.88168033433942,0
5169.600541739537,7.505201867523006,1122.1446863545027,19.183724509569934,2768.2362625356445,58.66029606946328,4.3873852605319605,50.64048845017702,0
7481.45695585975,8.724791273393125,1262.6051789916576,20.636932700234205,3716.700043879894,52.47512353967856,4.732570809997342,56.1762066508465,0
209.7838866928323,4.745278737318181,1710.2480045784775,15.700839406276145,2704.935358608808,48.01834241252402,5.418771727779234,53.6358427384619,0
13861.678014180092,7.436996532994629,716.6951480894693,14.024802878379154,2225.420277846847,26.481940018173304,10.023659241830735,75.57774473991847,1
10775.779366916922,8.138142487006027,774.1692862195322,9.826616998624573,3663.235670227533,44.784382767812914,1.5826546032340465,48.176852992830064,0
1920.0277616459034,5.955456096421303,220.7109463374046,15.26698012246884,2029.5065609369049,53.68158144984033,6.087567970014652,65.89446936104709,0
675.0449298993999,4.354237850980773,39.957783497042215,17.226026317839995,3295.893489474848,52.53890106604289,4.607232886315487,52.563609837384654,0
7330.794030169387,6.828728193046482,780.0656417009327,17.981392579205234,2739.854086314804,39.9972627298465,7.565368477351957,63.73569241083423,1
13494.535046017647,7.193471937688858,766.1932612653796,17.06846077954097,2126.3160850393083,39.356248795071856,6.1828291722925375,73.01097117975695,1
871.6538590270602,6.825359357939905,1519.4065110906133,18.21416282435421,2496.317550226559,63.37009968242908,4.002947062886961,53.3300212944904,0
5460.325757582723,8.56545131866122,343.9269134471402,18.511227428672218,1897.3612292333141,45.0995927811675,3.8405347249684967,22.42146370452632,0
10136.182990788793,10.864233397277898,1325.8022075228337,11.55888582462193,2577.093716270211,63.931069242293646,6.248522191472886,62.40383434605422,0
-3512.396378245461,8.473286813596106,671.9250300880794,18.222502177138455,2691.958542471615,45.03981640738631,4.895950545408522,36.63668110784555,0
8716.973028590657,8.112448404796497,879.7903294589848,15.232723050263925,666.7872279897038,48.60231169656021,5.384484804741206,67.46989698175497,0
8373.299583477692,6.569979222405676,-792.0642225977401,14.943524830621852,3592.9219846615124,58.91452662852093,-7.128778368074293,78.50469635456732,1
7321.997284793443,8.620947505356478,837.267493301576,15.192583183303684,3183.4906050092814,17.56216353254606,17.269828076619568,82.08627280485648,1
9033.964407425112,6.308456049033133,1460.096769040756,18.57064994310193,2393.2834659910923,50.921218515523805,4.132088310385941,52.92484187942296,0
13622.453648109215,9.297556095169613,1346.0712120250714,14.921323900528412,2345.9170265290422,47.24292130393475,4.8329053334848115,57.069754644705995,0
7707.521147435566,7.325192399967916,1551.9891239528192,20.112422581232025,1894.0759116543518,43.78580872650352,5.075225110582203,27.149155053306497,0
10908.81452586965,3.6596961070572913,875.613576219317,15.109597343132418,1409.8708368580435,42.906679722525,5.059747167563295,39.82508937111922,0
8676.44808169146,6.6227067711797245,1296.0239546606092,19.766847768098888,3547.014077236786,45.87652108254892,4.800177259242427,47.208941436400536,0
9800.449228764395,6.50610360407764,2063.0806453431196,19.35782063399496,3229.4832281223935,65.78063923557546,2.978906754560307,50.436436368795874,0
10156.353503512195,9.616926765991229,484.3985422261263,19.825609359648116,2650.984133126338,27.81401597652468,11.878721449493554,78.29523851018304,1
6155.731958630389,7.229234461068247,348.81101422496107,14.22190765226364,3248.080560321962,39.5679745773069,4.686695363076766,55.273300794806715,0
1639.3307984604626,8.42454237165694,1429.7965723025677,14.953811294403991,3270.6903723784203,39.089056530965266,2.1489820695168276,54.282543975168636,0
7602.314239302019,8.187530548309116,-331.744348397366,16.404181885541103,3219.7014095459413,39.4464395778576,3.063400088771724,50.04529291051558,0
4411.997980500258,5.958104164191703,629.0276390245408,16.798272137726602,1499.3415063142727,34.163245793179776,5.0348509681624405,48.81147517979229,0
13157.39095120004,8.580429184877437,310.61292295689356,8.802961512779087,3710.7229950057354,43.771303625506306,5.816490367695153,49.543571466662044,0
10232.740044282462,9.065679792852068,935.8247663028404,11.496538456755868,2190.8841417407134,41.346791229887515,5.908681117889049,43.995530344113256,0
9727.60590194554,8.933552176240244,379.0746631637187,16.439409557671883,2248.0920460047564,55.66142595221794,2.2446396432646005,44.04575614756984,0
2385.3469816004263,5.6792466211694155,-54.35212782473707,20.003696494278625,2790.913595217351,51.753633501068705,4.349048846810004,39.60031848382948,0
18618.810779468946,6.164350638198195,420.3973601058394,16.043616166051134,1645.555647832125,43.79696776261915,2.6792953673134736,43.1452714731158,0
10662.692305454724,9.666551626770165,798.2656306966769,16.704765566598553,2970.836893749195,47.55494356171456,4.8198259799738405,60.02579814271594,0
9129.769467728367,5.857349308146228,711.0015293016036,13.16376232553141,2381.1173842850103,60.796370510669945,4.0721490856286575,41.29101179532066,0
10417.180647181029,8.277970546584498,1585.9003417102126,15.581723098477338,2867.521497527293,58.30708829727706,5.034476126537143,67.58272157875278,0
9737.375018356863,8.920803234950286,1922.2788784923816,16.818201985135513,2281.839964798456,37.45602817057915,7.384473210234428,82.03660422726178,1
-449.4491917634532,9.197551888275864,982.2839937589924,16.357953461576443,2341.3116240991244,50.15199265807897,3.9666245641467546,43.49906244691345,0
9314.24374858763,7.907279329826983,651.5966492308263,19.823929448193095,2109.3048191278644,24.59619849156089,-6.116365481798123,77.87592576181794,1
7818.422322763767,6.262949976254703,996.5202497677669,14.108885159747421,3242.1139596306384,42.87443131790178,5.555168751250772,34.69869071256668,0
8415.15481138702,7.0998529845287575,647.7237564316488,16.080508390803466,2301.2788565407827,46.38899815134925,3.1824883643195445,27.95517949119676,0
7926.211647583119,9.260190122080441,1627.5507366041593,13.737260344281257,2669.476579484415,46.24033701461479,3.008855826066102,26.180087268633415,0
14449.24100041606,5.754120011819037,583.7145058348424,15.821124590386859,1966.1683266983403,53.85206104793044,5.108163113462969,49.55291243240415,0
11979.323472367547,10.569851749305858,-170.94020403345974,20.985715402888555,2801.899165211934,34.49120348356019,29.08019010857196,76.46540229713716,1
5152.964650065389,10.528705673579982,1284.0231046880215,14.95722567755171,1926.2992610416757,59.424698948497394,6.479029588001354,49.11845131129609,0
12589.341578516309,8.919027513515294,437.7236327176129,19.490845403349613,2059.6318607121293,36.697564295368714,-6.217614152878692,87.15223268081752,1
9782.182715479095,7.575244792473407,-188.2012775592583,19.471732627901375,2728.8362344194134,57.93482960406286,5.5720167151297755,49.180877042743916,0
12189.846898571377,5.555274204883328,574.9771297915482,14.545573908059097,2859.6646336509243,55.61004511554695,3.139264396838635,48.14263236581501,0
7189.7640107037605,7.21585412334568,813.6266874068176,16.438663427724396,2537.121164041933,36.434231875345844,-4.44627603196189,63.12258591875636,1
13756.677664010222,8.498826157229889,641.149629997974,19.671815983204894,2198.8257233029744,54.21950921487998,5.403997406133854,50.552304364811114,0
6849.476765650847,9.245983117209839,15.04888938260865,14.45250702817395,3392.175901779443,65.50475919514511,3.7101896710354754,56.37333041272193,0
10300.170583425243,5.602024833008571,312.2869279189538,16.740470979165117,3084.549635960167,37.771296141890666,5.609791454852084,36.64677461244495,0
2779.350109769207,5.006985156150016,-981.298849517551,12.412422934936998,2582.4762559792857,52.25266724068668,5.21052357984299,54.66321649183292,0
17551.57601240329,8.933151771760002,809.7408928416792,15.444555180625152,2853.672091136206,45.162249066916175,4.6208829697456135,51.203731289555606,0
6734.360486269031,6.312357355160507,2383.92930056993,14.322650431276191,3089.564522309771,58.88399892517907,4.679994107889287,52.341941514982054,0
11160.75780726965,9.398447757825135,897.3246202097438,18.747607751419366,2455.636283622777,38.14018787709086,6.7187263422742305,59.84950103005851,0
14650.348386691498,9.215953671293438,1150.5477325646973,16.114931393099358,3502.1987110981554,46.21181294756642,3.9214508588142367,62.10323849941553,0
22515.382691960323,8.518811257341737,1707.2451293522226,16.86671175449728,2859.1401619596477,56.075537390580664,4.479838420826711,50.04438522609814,0
3352.5179949653384,12.527208505838853,467.9890919247341,19.527418067996148,3147.2476384798265,26.253052558113183,5.948910898987978,55.79581247984804,0
11712.399777085422,8.772208288088558,40.79135603123473,20.217438535104854,2318.9999141203207,45.80112431740452,1.8278861700513285,63.83057398581605,0
9476.67065544979,9.53621298590988,148.53243054980192,13.276141412127727,1464.501424155692,43.18423003960021,5.381923169105178,35.26719827106308,0
11225.597135948856,8.58846655281443,141.58882984133794,14.025264071049842,1720.3224798875456,20.94253724109612,-3.0513754693236237,77.42899382189414,1
662.4883631562061,7.690128155324253,515.4064134885565,21.87676497102589,2508.0173855749745,25.89973553456134,-4.64043872573394,87.7779475172141,1
12809.137899327941,7.442666965334931,1469.3912672956744,12.465744500916372,709.6936906733999,52.589059780103824,3.0044046267018905,45.2932685501782,0
6961.524149593254,7.093158922234017,147.70538133733123,15.082349463287002,3029.871826861085,48.80097573182265,5.456020992109944,49.93396089516635,0
7139.361760865784,9.605965293386092,-7.536096815531096,14.831779267820167,2460.165045107648,58.86939535964579,5.917465961064721,54.930864020479376,0
660.6611536840364,5.978051107302494,1160.4758958610332,12.185454870832658,2375.235378952746,39.693188646367666,2.8787106498582027,56.70872194501931,0
10323.446017994645,9.464094979231342,240.58117652195932,15.088302327393196,3407.3525263836773,32.031140173077006,15.189915363449174,93.28331806384352,1
5176.109234878394,8.359206382193243,-67.80995342407152,11.28403006690996,2911.349888634575,38.93585753004421,4.793729809334038,57.733416946447086,0
12542.68067946618,9.932625952856199,413.3118754485638,20.621198322261968,2805.0950609657184,25.25164423471403,28.76441827526385,91.9540649892294,1
5856.956174916209,6.689767984301252,256.44488118204504,17.412941927292092,2279.1773288762824,51.15224721583381,4.333718851923107,48.34031592205075,0
12596.300355318916,5.1594249268835775,-190.40359485215492,16.28741488164526,2461.9031191291356,53.99131520771532,3.1268942204824555,49.64361439068331,0
3002.7483367276154,5.215337213849519,1493.4965726017574,14.40283883355897,3116.2921592797957,70.02590244055591,4.369999340106493,27.27858344429393,0
8095.298206971518,3.878548321271683,-697.0519639689959,16.831190231049227,2762.4986595837136,52.301456349405775,4.539619052321831,65.12234910665599,0
8024.1927980379005,9.282210589730404,223.050839522537,15.029870468421981,2962.9886099026266,48.313322250763356,5.216467319686249,62.9133072906496,0
10192.476176749715,11.395677718699016,1883.1676652091846,15.09696923762867,3020.190725426446,47.179255223484745,5.91947392665351,60.7559490819833,0
3850.617208493619,8.904082820166824,-88.07517258693917,20.127295971998066,1716.1819179088088,55.25284208621444,-1.1912924249793004,85.97200370631427,1
17006.502045285524,8.948502144671346,978.9170920503993,13.92988632883596,2370.08541229001,43.37277422601399,1.087267602273879,46.129469737662724,0
4364.312423882168,9.018688639425337,978.5105636034486,17.64838974121342,1650.628883480941,47.426964792733685,1.6254872514429284,87.56311290689408,1
6023.062440539663,6.747725677692547,922.0762965856178,15.732720707725822,2904.8662157181802,22.75025992970192,5.080417884521834,99.10435632133414,1
11990.119374855354,6.821035141351379,517.3950870886149,12.022358314554353,2790.8492697391007,56.58685463581738,5.688359456519429,44.28261417774811,0
9206.57886718984,6.474199727345699,1241.8344264491218,10.46089246719664,1752.8509896229511,49.33690412900108,3.7096415028539633,43.66670078469764,0
10805.865001621734,6.0358882906544356,146.62839612020753,19.39692517826526,2250.1875492427466,40.25639922727095,-1.8649831338276144,80.33454120201485,1
15426.633138457553,8.138352215957838,479.1292321859099,14.786310375281582,3035.2304707146864,50.270964395481954,6.332769869033518,48.246203156790195,0
17592.07421677589,7.6300126839281495,600.7249436098036,17.567726411074055,3522.6684684081165,65.20665452052596,4.0773834622564955,44.05586301422027,0
17115.887058678865,8.362024094643203,972.0415168130389,16.761178835050764,1927.598584121819,45.684561649772654,2.26618396720896,52.040003810776916,0
8355.142093366981,9.648302948000358,394.9755986254309,14.287758398365803,2847.550816278382,45.216508350576774,4.024123770551794,77.9004721635888,1
14047.412999457261,7.989223095150691,1838.7602401517447,16.197930440190397,3988.350661040965,45.22582018905908,4.786269684767457,45.194565743932245,0
10282.595825675757,11.698437222006762,-130.31062065146193,17.59500891950988,2439.722151931149,34.54102330003353,3.914384636193497,36.8827956708931,0
14621.781172116833,5.900989753400923,967.0946507654685,18.06213838863959,3246.609382444256,55.937679699412,4.520663499276672,38.67117186645727,0
20002.560659498085,7.264402907769369,805.3864967081195,13.540289599618815,2198.8350337674788,43.04934809688232,4.740112870954072,43.0549683861519,0
4939.464109408006,8.021040055916453,1122.113152156287,14.615307396138215,2445.9207141523466,52.01194935953593,3.366296577589332,53.26563015863055,0
12621.950813039595,8.093598413738267,1256.0304809113677,17.607950818783916,2848.653081722084,62.69519725626473,4.517587091844152,43.23635496964394,0
17510.114737560827,6.6273800983124564,981.7245310850881,16.239543378325,2248.9146288172733,59.27003867607896,5.465744932232878,51.311121961784345,0
1454.5736663610624,6.620514077604532,524.4757033326441,16.106483435782387,2829.102670173753,51.355224599296555,3.866883188905139,32.58508343385904,0
17096.334113023404,6.198801575009725,794.7136638137139,12.246743011141227,2184.516840121712,54.26901139853181,5.957860836219641,40.022437208930654,0
9279.36563449308,10.882785369046593,1048.7318373718447,16.14689107302705,2637.4804835208656,48.609481196245035,5.62166129499419,44.1085645451561,0
3988.2422638607013,10.238622274785275,1317.737530193689,17.99115937623673,2078.6965484835864,51.14467949622396,4.212570819706718,67.89438711077374,0
7042.23059196528,9.86206592541135,712.5631471066565,13.668929117856106,2488.9731508959408,47.50633926026229,5.282496284825889,40.6800887471646,0
16370.97707417646,8.80477011598976,709.9106935578751,18.270114638563456,3395.4489630663916,46.804601752111864,5.739046677961346,54.91779889600691,0
14031.479944257764,8.466028585834582,884.1939456949407,17.727232606898653,2140.4093695121383,32.58902551012109,-0.686059044078899,85.91432599321068,1
5622.815572469212,6.960736728379004,709.4288388328001,20.59062344375034,3013.8450634444166,49.95967303821177,5.112079911805279,44.25206772784683,0
9401.840740999449,9.350465482391675,904.5105206062638,15.231852299637636,3315.9568851152526,28.93417980880936,-9.816575239726546,76.26996274738926,1
14809.701339300293,6.422285779098053,1063.4322615624349,14.251009028032307,3116.607534383698,43.73966970938844,2.4327330221215737,52.74536187583281,0
11688.53937032447,13.73493082204067,684.3626583481162,20.264677298787277,3701.600077408157,45.65842500877909,5.20588415341807,57.58065706173968,0
12406.746817495658,8.39129728196657,944.8521620229283,14.763141028321893,3261.7242229477442,60.87433139469208,4.394629978038176,42.798370963201805,0
11462.297241341856,6.484089416793886,1107.1345655580747,16.69845603712508,1181.7046327874855,59.39851246068554,4.434894476563023,71.40970296330354,0
15798.658775107437,8.183532897066618,706.2111396700394,13.129716408707221,3074.56049233881,46.90094603988228,3.756480023875572,50.79694067382712,0
2942.3957265273857,5.826889873164983,905.7665514759924,14.535782834381394,3097.3424228158915,60.73064055639744,3.4310019838430614,53.69979213880747,0
6699.153959568908,7.909360467961936,544.3224902073972,15.839874408038995,3377.408992460382,42.80900951298136,6.170389891417598,39.827546307131584,0
18728.350877876415,10.295126769623945,719.8630571544611,12.996002037329902,3820.2954825018996,32.59743160165578,0.016277035795175365,85.64650721503557,1
3088.2294215521433,12.669225032567784,1304.3010789369878,13.806819154564021,2616.720944220231,68.66428449689174,5.452367153196123,30.33951587032082,0
22913.129240859285,5.065209727880925,-117.11168247511512,22.0093943805618,4347.817215789342,46.80743568605526,4.5259519567122775,55.87042424067834,0
9032.843672739647,5.203226979541077,706.9471116894491,15.260323152794289,2132.5842701873457,52.401400394276166,3.182827963705667,44.64835732832362,0
9470.477468092311,6.324660640323681,93.5083491375974,16.95377442373506,2263.3645789855655,51.33574098667331,4.776640400653607,53.2183519002277,0
4321.265952901289,6.441002004500467,1633.7111838986407,14.126670484205874,3505.009652213874,37.29418321033744,2.714090144612361,63.68623422698511,0
12843.351365974739,8.889083394110965,506.3053142219335,11.419519659766316,1869.1524270469122,40.63469975839849,4.981760230177855,65.25303292074591,0
15170.880098179325,8.474330122940815,478.329183980355,19.935761116207992,2901.267849103857,56.748402329776965,4.788585179361313,48.1240117872316,0
5028.831929638278,4.877147061467318,1221.5923676029938,15.072568673423476,3068.8588106852153,54.95479436347759,3.579183016874203,54.0043199385628,0
10821.56068265219,6.690736223208683,645.9312425951406,13.75500994287136,2011.9761977627186,52.984979176728075,2.6977956904441944,57.51090543003633,0
1689.1768610570743,9.485823946853593,186.85592075228658,18.361144763775208,1703.8523073394285,65.57862789523426,5.143785272545595,62.039589650102336,0
16687.048656625753,4.847133057182578,1001.1274168641755,15.927411093554085,1997.5261208413478,49.801357486986824,6.067536570873844,47.12292944450523,0
7359.276539816819,7.680966703075973,1269.9918097693612,15.740259276188342,2663.057849821549,47.70334237507993,3.140871251374495,46.10788854803236,0
14568.29823509549,2.9180935500777387,-313.7338965422317,14.463684744520444,2614.9193239797096,61.86607107885273,3.835146739094304,48.515773528408005,0
8446.52616770235,8.912212069066817,757.280155794837,17.082083659802816,2660.6773116408394,32.162586874160155,5.4401617274507,48.47622502728823,0
17531.224256845053,10.580453079733891,-83.89583149436021,13.34547423803278,2438.2302221840714,52.47422708101355,4.818308428296483,34.785670190856926,0
4060.0727457460225,6.663547540166137,1234.9336930223901,20.083280849477728,2606.0423179216427,44.73221123790995,4.6945028311761305,60.5331027964187,0
9203.513296035058,7.190912624836802,669.2426663288779,17.01588262735,2068.472766995964,47.12075570253401,2.6221746900534475,31.740989058873943,0
6855.756780069411,7.883447375136922,435.7662970864172,10.31512122819399,3089.991297289587,50.528753970391804,4.665870283802208,37.90034971332824,0
11437.12237747147,7.612525688916828,811.539137264973,18.442351827795704,3162.761021271541,53.939498713233334,4.543535151166002,38.0294499517359,0
13528.257852602608,8.502188093589128,720.402410127799,15.741878473938938,3156.1665504164503,28.85584519738788,2.1077046321043316,75.6084466605319,1
4855.361751517023,7.388251402372749,1332.3362736188,13.043992476877843,2168.1127489720316,48.44332269568266,5.932977777615752,51.315227300781565,0
17777.202824803826,7.136439652585173,762.2188736219347,22.205585228644793,2234.2370412640826,47.94146799528586,5.847563245902883,48.48583932013573,0
9149.24592755037,6.013426895412977,1412.7285302493212,15.058874828206694,2019.2603672584617,33.9256024516304,12.090339049067039,83.75621231703042,1
15883.509042878532,9.577970033955406,1039.8862146069682,16.382612777661983,3185.755726309081,63.607772155332,2.777557407543733,50.90083477540107,0
8462.99285735946,6.75470067991688,186.23509314915225,19.311081237188237,1464.1867340593903,48.4352541052062,2.320480199839205,31.91657945975766,0
17273.460804580514,8.845300524205385,912.0857491589904,19.330569202230315,2593.738774368875,41.65779954594865,2.765267759068125,57.46316522559126,0
9657.03132173715,8.617116830991742,684.8022066597015,14.993687424520122,1999.0957779168311,62.944547849328316,2.1394865245126153,38.44970159591982,0
4675.141771721945,5.958832611519022,266.5053221319828,19.60771560054121,2957.2152513137203,40.05310191456088,7.0211846277757335,42.07724045828529,0
16526.74940671868,6.523035963249863,52.96450859589618,18.889467395779256,2679.129910638006,33.83198143299005,5.001709713007922,59.62613574711632,0
8109.87913954277,4.7366394741857425,102.91374407696446,16.907227454218695,2627.267289902895,62.166809856510234,6.910691302915353,57.310375253855355,0
13849.90608036123,8.588377289209715,557.3684554419638,17.674164708927123,2916.2779014665857,33.10557222473821,7.378044334061056,75.18342548945425,1
306.6323922883621,8.39930626339115,808.3619463957923,18.37155689629628,2898.182950137229,54.198340604010575,5.301999875527393,46.68835734144179,0
4451.477173568417,8.939851083755403,428.4164853254963,15.444464737345264,2515.6486901492844,53.504042068149815,3.572791931207451,57.84170173724476,0
8697.100607926073,7.494641797650908,246.5709256456107,18.637596085997792,2808.899628463053,57.394858944208046,5.720197066815421,60.01326134799592,0
5784.878070214851,6.676437374293567,809.1659873321516,15.410020105364879,3417.5251456476203,31.489124035145,4.300990913205598,39.86206259030277,0
7600.917349290532,9.32049200474498,1143.2889815618987,15.64528139418937,1613.0769762358475,54.10817095403788,3.3198602838264346,41.54769894563146,0
11811.827781833977,8.803585221647227,543.1371551845863,15.502623516156135,1908.2978834770538,37.23030257585134,11.995250881602113,69.27109884285082,1
7831.379042502006,7.486654946691292,1018.0593549460466,17.167865915540368,2976.462369458916,69.88251139626949,6.0074656133296305,45.85994764861596,0
5275.046246297372,7.4615867598569,691.4953162750821,14.24129156114735,1750.3629297175407,32.02357464003504,4.786608347739904,76.79154105664902,1
12405.205139475696,7.150981691207126,1583.317039753293,18.309428170037645,2476.23843620198,38.214346960997865,4.579529684813082,51.55751907831281,0
13146.378826283535,7.1626009922483,396.03402331257615,16.421768837750125,2930.6116173691235,62.33165755865803,5.528786630287413,31.418749862664082,0
6252.5409756951885,7.032007366199555,-507.004080699969,18.423579247802326,2818.381258016555,52.00411363004478,5.73443845906788,54.73731660768657,0
6590.695151971505,10.33588658874827,1349.670723366893,16.660236669824613,3340.9153868687245,38.038419301574756,4.830112172332505,34.36070735099346,0
5292.09586901886,7.744332954484006,1038.5904368583554,13.77675414344166,3671.8383421460703,46.63211305589459,3.911770912525574,47.02264351118769,0
15214.72938618952,7.962187976054337,1777.6851305400446,9.939351279492207,2832.2700184533614,50.34419588012101,6.311456235135157,38.18809059404283,0
14179.712373956645,7.66918302329826,767.393560709365,16.532570356886747,2386.3014519082662,47.30378900254899,4.538140685844768,46.592792284679184,0
10227.927295219773,6.014472401339111,-505.5502744051025,14.417209083695402,2393.368865840981,46.54356286152425,19.2093278612036,66.69810484446496,1
6309.059022733132,5.992176925230806,596.9265716723664,12.276403533536065,2667.1258872746457,46.976082032118256,7.616924648850269,42.467357882628576,0
8444.759282794696,6.222784307963814,950.2857946224613,15.22473409781109,2072.429025060273,52.16067529078211,4.3974974006003205,51.170410355812635,0
5063.771796226742,7.189504682380615,762.1051751419859,16.440051638517012,1689.4867628205116,24.321237730683414,-5.1489420845336635,90.0753140248854,1
6423.214897132685,6.759782514642931,-303.63438114193207,13.759459690036806,2401.788535972112,47.867988527259016,-1.6359982560306268,73.00217255795404,1
4412.114864765781,10.213748460289077,1389.6290719450417,12.408925848840498,1999.1914556209308,56.136501515917615,5.804110772431878,36.80828042167876,0
9453.24124328218,8.321210544466297,773.6899137921596,20.756493325660333,2155.1747122709585,60.89408730672179,3.886673745205458,69.2484549512352,0
8938.23081245872,9.958637466453073,264.0776204828688,15.78162818448035,2475.717371233883,42.87375138223993,-1.9287083538969192,83.59692104317047,1
5083.903271925705,7.783741258870482,1069.3158816948187,19.047373918471962,2790.432628764601,50.30462415517167,4.494621844347851,66.23861412322142,0
412.050108072739,9.776878006221908,-161.7599791920261,16.53566057116828,2290.853855008741,48.54206540657169,3.1915293614310736,48.944070407113216,0
12398.590801305225,3.8248283699650756,401.0230977310711,11.405974690833501,1054.9138977243103,51.68508356172047,4.0563399782888485,54.76265017256556,0
9053.19792998393,9.907366254171531,478.74939604020796,11.789526949280667,2324.6082770128105,37.73286328865016,3.883923983068726,50.800412692152605,0
14027.786883580751,8.215866137599063,-197.46413449915292,15.780540479310753,2458.933390939811,30.97944136058318,6.625149064017294,46.13015900842309,0
9946.358227182785,8.672920836290999,1051.1383967125612,18.116299362088625,3822.7698264737787,48.705081877138156,4.227968076121537,57.42995410939152,0
6243.0679674729145,7.085616379239148,486.28764689544465,17.889841986157506,2929.6294667779634,18.87631881909516,6.539449138299241,82.34313988611554,1
7683.19776519325,7.487960171868712,764.1789413704729,16.299727040832575,2652.3302774198473,53.84488972198876,4.633056603471405,69.37384241179385,0
9407.040173930294,8.985402950567657,186.81217063615145,14.439562566340355,1883.4105519620878,43.42802691260533,12.133157203850168,78.79557137358823,1
11945.617548399847,9.048010343084513,1069.8520070311183,17.606256745886007,2142.0239657175875,57.189814192109154,5.9682955917111284,52.82828160118703,0
7380.046810659718,8.047792791004612,1033.7180207789972,17.871326779680327,3195.757769153462,37.83422776292704,5.316344598861308,45.426870934432955,0
9946.968568840355,7.543195525153943,718.3275979184202,12.77592550844984,2759.9020686737276,52.086929397775805,5.9668825939806025,37.41802709973074,0
7816.812857440708,6.854775148447684,696.7187376151488,18.290634113337003,1440.496598045283,47.75980613662584,3.50500929301752,57.02503019063358,0
7314.8673618525745,8.360216624688277,395.1572512673539,14.465166510346446,2802.773237092773,49.7860295906166,4.130092044295936,57.23799416444421,0
6252.764315250444,9.825986688142859,223.20986417137533,17.758650009201972,3254.771120177721,44.49080073090586,5.447678549558409,49.94412866031817,0
1938.3393816835214,4.291525224251668,1834.2626175288788,17.100556878107877,1311.657692534729,62.033703205481835,3.2898222872564205,43.30633760881247,0
6208.354313224823,11.154998163897137,905.3529284961157,19.18203439202567,2846.3413684764155,66.55958191255743,3.0653096061318656,53.670467929299676,0
7740.988618454006,6.790015742982801,2125.4283147154747,12.921598611918721,2762.8646485432823,57.96763942581125,5.719971848779059,45.05088126700151,0
25307.12601950253,8.065820656189143,304.9787493186927,14.4195052631549,2878.4507786803506,54.27184637934931,4.3726415908652205,64.5881913585647,0
9442.633164778568,9.769869994246495,811.6038494749747,22.243329971318175,2166.3062138200276,49.7084214379357,4.480860327627876,57.29369795129751,0
7666.420875423778,8.118963495192434,416.5760488271298,14.15554621142452,2395.019239955529,42.34896942538333,10.93355348386303,70.47031740667595,1
9322.770914350256,6.804369755535388,311.0776282440658,19.508405117764845,2682.2988253615063,55.92336971238201,1.696855657438277,70.97127212373027,0
6285.483736008801,7.252208209654131,30.21874392650227,14.706806227431723,2691.4018432234834,50.548402404262575,8.634943462257421,75.8498619820343,1
11439.440866745132,8.814195441545213,-299.7028023873971,18.458393795793757,2771.190858005296,50.29282925250463,3.1774985222687215,48.87029524050932,0
15591.870177705407,5.906583115383312,1233.6468467134762,13.854740673413414,2070.9353360237164,56.52864835291151,4.757439502663699,57.899077468538934,0
12197.187840262442,4.523968610975296,2348.3978888050515,14.698663004323834,1595.7809454405149,57.18595658284983,4.365283479370443,44.906549036692915,0
15173.668712969307,8.115970727623194,1346.6363983849305,17.994965618550413,4188.699657122675,54.76258630314131,6.322823487037177,65.3281313232342,0
14887.633648612718,5.835210354137287,1248.7754413508128,16.58404643890569,2174.3269019755617,49.94932687627795,4.650490415371014,48.65355908175205,0
8343.981274650256,9.325706677144918,1148.0633358577036,18.223685698180446,3068.228770032713,45.949695696960795,-2.422697131279948,92.00629660979723,1
8523.501758298376,6.735212985111418,677.8649217694843,17.44972599961901,2011.3348966019898,54.55015756271559,5.26995027892945,61.2728112343207,0
9440.215257129848,6.341697579274197,7.772715837060218,18.83492243630107,2143.7070528636855,43.388068994318125,6.166560124343492,30.821673382019767,0
17707.38120228557,8.919384618201299,1522.4059857021723,17.620636698511834,3618.883392803902,48.02085648042051,3.35994974368102,42.60489428705947,0
10036.011353200922,6.1027955115421495,372.14519789083363,16.775904766607812,2466.4808989666985,46.075234064772545,4.659799787235246,55.03328773845567,0
3393.993545891045,6.720251868394659,600.261725399067,11.647792492547623,2717.660737486223,47.20023935718969,7.737648548180911,58.09779272561425,0
16756.459751361566,7.0715430594983175,1795.4910502659754,13.073533922056807,1696.381334259701,40.62813496023211,3.2507937380594556,55.55294190013616,0
2692.967084063672,6.894523727682309,1071.3734619267748,17.423214939010833,2328.858561091881,46.80141853123626,4.009324590012605,71.63474853700143,0
14734.905495322655,9.397807024861622,1760.0571277392664,13.936165639256139,2556.7211799903403,45.018155351970016,4.287989888750109,53.81269146967979,0
3862.675189250431,8.097310008327852,2283.234567233449,13.32606063443149,2422.3168239174215,51.33452847614622,4.639878788178403,58.46722338770844,0
7389.515612125739,10.847101461383726,341.6776729352603,11.944027873190493,1777.0951740599473,45.105857102458245,4.243587395294141,34.635402964538784,0
8950.894920482455,7.02918227741684,861.0121114650119,20.79939436883444,2459.877337937677,31.94619915768465,6.522893030368754,38.00717578035868,0
7621.243042262733,6.664857119616126,1411.4922052794477,14.219850746786602,2376.368979128636,60.07108964594257,3.469386866041249,40.34603840818299,0
8726.691795150371,7.573258644636189,1157.6786511758817,16.984259710649795,2442.340205310602,49.005592488972006,6.236187408133841,56.82652507292588,0
10580.831361171096,10.468788987827555,1015.453178102955,20.398718124628573,3186.4639882844444,62.09654359313163,6.62151440020744,74.84144080745335,0
-868.8520335782632,7.782435095259347,752.8099483406423,15.898805207849772,2892.488361657664,55.97098593460298,4.594287865153351,31.79340506800696,0
6375.082741545544,6.8106961845443585,1247.8582565025258,15.223429610689035,3680.804580881578,48.77535596414878,4.691802422289717,38.66924826907843,0
11639.118937962026,10.26694927147214,882.4973362200784,16.86741731915234,1736.4590487806788,43.393847236254736,5.216967520676113,48.406414252435354,0
11565.376462956247,4.662147104330002,-648.9312209075125,16.82801492546095,3279.542715076085,43.11594138795752,5.828727566404565,52.46552095497318,0
12072.843696345728,7.093968810049011,1034.6705276097257,21.43994553581583,2706.594144054472,44.55386842736779,3.339918564147956,52.14864709463865,0
5952.189965782225,4.974031712596341,417.00590534265456,11.899678639242996,2445.365521800871,31.157799546540286,-5.13075650525921,85.24337285576046,1
11243.398026447676,6.2738627496416495,492.13669160370495,16.912726501243434,2551.5386032257475,54.53864381589304,3.863987089464041,57.91153650364226,0
3248.390887460817,7.250381584718809,328.2246152194743,10.531982409928677,1523.8736786932031,47.5348189643749,4.384366457294132,49.7761534350319,0
2199.5224859328973,7.6956972131597645,-85.3122210846401,19.600928037389355,2909.7627221902376,57.92048984573088,2.98335412711954,46.749035285290745,0
5128.273416924329,5.199897739184257,-62.82455475480492,18.658064944191782,2274.8295946258304,54.40650268146804,4.847773434679943,71.91770332050811,0
11138.500982927953,9.269747940594936,-256.88551953760054,15.019961789763771,2450.7103124510895,58.49427813566657,3.56905681282488,56.88108024404269,0
5958.6394178602295,7.64960593604616,932.3563462189812,18.659915029314572,2628.193939898816,59.88754561782483,3.331127811698134,46.84432307465478,0
9769.645101517252,9.137067711348577,1623.3144561869744,19.418509746857794,2491.1054556902227,50.49945362661954,3.697880363221476,49.27670998697693,0
10049.497263156829,9.724693779708144,1075.991612335018,15.670803622280461,2870.9878834588512,52.19568142091073,3.6855550414660665,43.55797001680061,0
3331.53624677852,6.38039190433311,1491.5068273457623,19.906069085671884,1659.3235502259877,23.340799970430393,0.02066378122062762,75.4053960962479,1
652.6388598447065,6.583778095990667,29.4185205980649,13.458267609678256,2262.3400731407273,36.527967857630685,0.5995998285651529,56.234171586011584,0
18861.894876150705,5.52664875220417,794.0324163674312,14.815174661951191,3434.4553526354575,52.92144832242117,3.4843836101848082,56.60488982345697,0
7873.482479634307,8.694827860298467,1240.9277647433069,14.409150490350248,2117.4028665930095,39.270959738754314,3.7287340873407437,29.562312984735037,0
-1231.5837508835411,4.769858851144313,484.4241763455512,18.200261559958168,1955.8642903075315,36.624220225659585,4.8739611585689095,36.55113219218801,0
8694.937704915685,9.279769649958691,1753.3016939951606,16.38057000395885,2977.1421191238924,62.090264992885935,3.2369723340031458,62.85486949708985,0
7999.026897636588,9.265627146094259,836.1155706918246,15.322909509682008,3597.1251272771246,42.83040907286443,19.31896452771936,73.58887572455548,1
11326.653502832545,6.49893560870748,762.3721127122859,15.539097157314872,4387.397371768549,51.7841624236973,5.781428012753279,60.066246315965145,0
12363.842710787832,10.24555646163222,105.58908989283395,20.219643714494715,2346.239452562097,29.87895101651435,12.370089678081552,68.4713379845288,1
13569.002333202137,6.791860907430263,586.2641667405987,14.313970595593,2784.526612571967,54.380318561352425,3.9153348699981336,59.39029157499145,0
13126.617297616232,4.831392873433613,1066.6774681572076,16.177033657317924,3631.7799874981993,58.94105953283166,5.073376983504787,41.58086959165945,0
7677.272987325227,6.102122890062908,229.08461283755094,13.190940942044833,2711.5964932859297,50.16472141787743,4.068368801159012,42.764948909379925,0
15807.580377063638,5.646732339346478,661.5370719524866,17.436392627457504,1866.8621285830386,41.12988083676004,6.1332448331193685,48.51379616568545,0
8321.224192943886,5.788263900022022,1199.3060883183318,16.340942590506106,2722.786657491988,38.48235762705572,5.067835899870271,65.90835333926971,0
4756.5205242276525,5.62870470160923,1069.5942581947502,15.820576805033351,3963.7698092002624,55.23484552476974,4.861201480702171,48.51444585099418,0
5332.323700828003,6.7890533438328236,29.220993925603693,14.965345713586592,1997.4280338384506,52.345257802583745,4.320040450594966,43.64738615441391,0
5952.695591545387,7.656849107495969,576.3790704546989,19.404387396922246,2477.0555547460795,32.93504625825511,3.3492860787424608,46.74578728627169,0
7608.7724844500335,8.85186392169081,1748.570567674719,15.392935888194986,1916.9950171271373,28.200640552415848,7.640797984645842,78.02963139723173,1
10846.887133584441,6.033466776910895,-134.52497222736702,13.598944194691876,1593.391985653309,48.9977070178445,5.0133227332207335,53.385944331158626,0
10523.910344459227,7.262555706788493,341.1256327470079,19.20390260334423,2391.739847159907,37.98187798127775,3.278354793692622,53.72767224276402,0
13234.176698188938,5.875331439792305,-68.90770096438507,21.665053538312762,3693.8195278352405,47.36161394363328,4.719105365057203,54.918781505788886,0
12727.263628407543,8.407939337564503,1072.0834066466878,18.711296113330846,3094.6889429299945,59.88387015602456,3.215693471982701,20.047331092003837,0
9891.830689226093,4.40330295926157,1335.1246198325885,16.38255291277667,2642.1601498631826,37.613657421135734,15.888708606780273,98.20886591559406,1
5026.028743653856,5.477094329987956,1313.1300822516828,20.434546147112233,2018.2241153871073,17.999278350216937,6.388872859272838,71.20725537919321,1
12258.51885934428,9.474949815287747,1832.595685440731,19.214273978539815,3705.4571275041,50.64915065479696,1.594344297747266,39.559140641761594,0
7125.345810543129,6.654339566778296,736.5744184273528,18.49513820638343,3607.560068029834,41.84269955660775,22.5282708524958,78.20044450819626,1
3052.0723550362673,9.289883105665982,86.27171828332825,14.395858149763894,1822.1359863298076,57.35526743002918,5.3645833299051455,48.18265755146381,0
5494.308874900653,7.141273119995702,-306.7916899243238,17.62766635361541,3460.210778205304,47.21257639766725,4.937522164445798,45.71578269999964,0
13697.435826321074,7.465007037682803,2131.829950902576,14.972270533370716,2372.861396852703,35.83154558130254,3.8909623877690778,66.05690107820843,0
7517.975374560858,8.502329794148737,813.6044322969367,19.187073534503128,3881.478453199357,64.26491615994004,3.37082728646074,39.965661892417714,0
16592.488196835155,9.165099686606661,862.5316396553926,17.97075725663502,2750.313953266815,43.027276231452575,4.800516339601254,49.20934980512628,0
16845.69877704189,9.409600935574405,279.0092157947458,13.977786940141149,2288.6125782247595,58.159428843422035,6.431212050731852,33.496454958454706,0
6416.888384517311,8.13131521090204,-393.37740678173157,16.711080152669062,3497.403731050463,56.26928379381366,3.4390690307640943,39.72005926782561,0
230.38068126139115,6.652803335634041,1157.8167026821902,15.995724374297764,1610.7829024940308,61.362168682139696,2.816485113104267,63.162472971612736,0
5348.694468811669,6.277766692714981,431.64054848675994,16.586945261970207,3660.598103012632,31.22939182817956,8.1306502948812,73.72181254046681,1
12756.945458242148,8.465404628070464,1223.5223465577287,18.71354505039999,2303.767039084842,32.02125876713836,4.673876099913618,72.39318260114098,1
2946.2965907494936,8.847734141683446,515.0275663818568,17.821827305219553,2860.6964869978783,30.355313672224344,19.957250776029973,70.26642580565903,1
14801.895998387885,7.3177667312860555,839.4838488348832,13.946541825208545,1950.09844101612,35.77437817947322,3.9285610075212154,47.685819387950076,0
7987.9765223021295,7.660554940810613,966.4575362450256,13.612882420374447,2475.68317539385,55.88981956132102,3.4550803482711134,59.63951251054712,0
15086.892909853128,7.022970869117007,466.17698419283124,16.94084699376169,2051.7498506155243,41.318867654701336,4.301305232918887,55.44322704765736,0
6095.793958287857,6.27437504856767,1794.0559127079914,14.464159182607592,2863.8394343665595,53.036880451315845,4.602572700417957,51.79666038871587,0
2305.9423315716376,9.100268870850895,1536.251572676054,16.32486410549967,2458.61788242978,58.704739705668715,6.830095346462043,52.438269266167644,0
8050.620894824123,7.689868726934494,1452.9861255005849,16.696299847887687,3484.6136244268746,38.58828870861004,6.061316032158746,41.107478375290825,0
12084.57597451303,8.113840225643562,679.9790042346798,12.460505803491607,2661.644800205096,35.18730532567531,4.833029621371554,54.91586507590473,0
10650.038348075359,9.5340345707496,45.77543454758177,16.776979804082444,3581.7270431111797,32.87688552019584,-6.201377427598928,69.1994252469826,1
2670.599129363838,10.151499529245475,841.3751456201823,20.768271581127472,2687.5447805718886,49.80241885532006,3.1657791520031653,43.568460027988884,0
12285.250157872732,6.008864036041208,802.8762421432214,12.399989868404738,2686.0832241149533,43.08083110057262,5.4301072940947686,40.56398284080669,0
15011.113501919788,6.166337583347044,712.9866570738885,19.191422701809408,2771.7908047548626,51.8825373478771,6.29071741137007,32.8625642587076,0
7707.02041693866,6.308520376345985,141.08514546588424,17.784997658311173,2368.5559871745254,51.35678141115948,4.522555430382591,47.110227417338415,0
16520.550875247594,10.657084254541447,590.7449392998094,24.43051664486434,1683.5826565337948,45.001819337779075,3.8494997339425456,42.78559250169795,0
-3543.1737281744336,8.325083257540316,2408.251843879531,10.85961765990709,1899.219238397244,41.627047135251985,5.5384304508600835,53.02743792505042,0
9691.528469298024,7.3404292896615155,1265.6316613923768,18.90310764923255,2963.2900698123476,67.2577270995819,5.142784861622969,52.19870142373946,0
5736.56389869168,11.153461602859561,1109.0754593588345,22.29953093548746,2831.480945571098,62.34310484431295,3.3935708097873816,49.55401328004777,0
8223.737021471086,5.570503139719696,634.1866544684027,13.635411064647633,3876.653493255725,38.10168165434057,3.9161025043743147,40.00052973206618,0
5572.88364014352,8.490785244394017,1333.3273814443914,13.504008733723428,3970.605835115284,53.45027053509039,2.5174772019684784,70.3474915815259,0
10468.431388396082,6.021798996836026,125.5085062044069,15.573963574266282,2279.641505109764,37.65849648508284,25.696365716115682,82.91861313014654,1
14008.341683441477,5.417903838986423,209.36417523022112,14.33666669419295,2683.2333149038905,56.91513197925332,5.0782819584484065,52.73935736931338,0
8529.697826185467,8.169187644407009,1561.5207795152714,12.707168897026765,3877.5365093219516,50.94014095326477,2.2261987589013468,72.59602027742478,0
-3152.6323575045117,7.310956082610438,1379.2434231150528,16.953433039926605,1826.0729526082614,40.28288332474668,14.175360947941314,79.30718879670869,1
5149.273313521438,10.286821541393822,-30.677019241973767,22.846449591727403,2609.582982940891,45.25493586266253,-14.75377956905714,76.36129201536687,1
9531.122850019623,7.234562327732868,1388.8292620839402,16.688169493244647,2359.762888927237,41.84926024500278,5.247433781953795,54.63460355666217,0
9745.088451345451,8.472912683951566,774.8543078642483,18.025567316592298,3306.1840103221884,45.14141563623268,3.478662255798736,50.82590516875413,0
19299.1511287691,6.983199757971052,1905.54328110181,19.014863371442555,2009.6265953666498,49.623531673804905,6.298750155201038,33.537586508937494,0
6708.362988839205,7.421799214607122,475.604575091881,20.15092862964946,2812.1635300488665,37.97352542827553,-1.269345818745263,81.68680859410509,1
11261.050422599901,9.004168395447014,-922.5921966915774,15.365842204399982,2366.8283108733553,33.725153056925095,5.334351271997263,52.1092616196393,0
19749.712243043075,9.152114126046387,1332.5162341412079,18.79141297046319,2207.19682467369,39.22247498758354,21.53619668528335,82.16701991109541,1
5620.8602369606815,7.338444268199118,1779.723072331304,17.237134544517524,2834.017349016677,26.832591338770882,4.693625206865431,72.67861098029262,1
8827.17519721598,8.155688038325936,883.5604091837776,17.635325349469145,2243.736242163118,48.39826666806675,2.015671746583926,39.74056660300572,0
12646.313488323769,7.182570792346286,629.4499216151037,18.228751128704555,2280.958964691662,52.62074184914366,5.071936208423777,42.15888465943761,0
-2746.793306010175,5.164139296429889,805.9826527577223,14.811294496807088,3370.0462006635607,52.017704026902905,4.873246878441694,54.51662473284194,0
17188.225535814512,5.455570419080111,935.7154290254167,15.708063710003927,1577.4940147247828,37.97475944320318,4.302582561844596,63.53435062907751,0
11552.834827395915,9.559227645101608,1222.1158943286164,16.88134787366992,2003.486925518628,42.912520596279116,2.988845337743954,41.966580247095244,0
6465.235848066838,6.865857102591367,460.8539081774313,14.416333616533436,3326.831466508206,45.561640438100355,18.525269564560144,82.3734811948953,1
11326.93660513964,6.8874682751467775,45.783755114811584,18.632575728591796,2508.4356592833688,49.77208700391686,4.6614999417746965,46.71433483747042,0
17417.180848402153,8.202437512223797,822.9531622539909,13.242426698106284,2927.602791801122,56.67244361479495,6.816789910867511,67.63404045918521,0
7345.373877054048,7.900809224800713,-147.2830301480899,20.281253114056792,3838.6885477833275,54.04314700976371,3.697466113462653,67.10808544114316,0
9158.244798451768,8.095331586183384,636.0839387366764,19.072351565625016,1796.9815416424335,54.796629022510025,4.028587331079351,51.724198520913994,0
3405.0865454392324,10.67163601722804,1221.0238600748698,16.121879211555775,2671.1841529371627,57.59760307422296,4.090560320768045,28.232202990281515,0
9205.502057712883,8.488094141871994,1035.6123334930808,16.558408312720047,3076.226809358476,54.05109397786316,4.454528601846373,50.12901295568306,0
19594.25853893597,8.011230393755246,368.8092606342992,21.566183379594438,2245.5336449607253,53.63465146521783,1.7202661716870113,50.486838849015435,0
18712.626383829407,5.470189032320473,513.8351212641301,21.7465784373174,2269.785792900157,60.87508178584595,4.354429594332503,49.618304130335716,0
8875.588050549286,8.426228169749772,-192.451782360989,16.63023011939889,2625.423376553041,52.79434217883366,6.879927187104912,60.6104185918358,0
8007.657737016565,8.796920780725905,609.6726364970552,11.22401967558905,3411.9027695112,59.679151680152835,5.3260164444456235,40.452901663070776,0
14912.20850132986,7.95211164603268,576.1747129096714,16.69755619927711,2696.874490158073,63.08038136495567,3.7681167516609575,33.2036450229337,0
16528.33288906767,7.312815154643415,439.12219096458193,17.944511359931816,2092.5508890208916,47.86762156575402,2.9680581597064064,54.410826618604034,0
14326.421866729419,8.845962339541723,260.65618458282296,12.870305889640356,2629.665697542165,24.164538075514812,-5.624963516250174,86.90617522145618,1
7667.040887175162,8.116155422789927,-109.47851758782883,15.792928076016457,2439.5545458342904,53.53527137731362,3.535908648249076,34.277242202754216,0
18843.139419723375,6.5513168243812,445.8444246164682,18.7145743900442,3211.2499263360655,45.26920496161378,3.521152742280787,51.244375979069446,0
8271.79143961832,6.614278946615549,1179.7078260146145,13.80439957724225,2436.16205144195,65.91107711003883,4.8251056112489294,38.12398882622653,0
15616.76966838113,7.222295355803859,1477.2713239077373,17.401409621152087,3429.8196166614607,51.61223684626002,4.09127510670748,43.83899846760716,0
12393.982630268381,6.3539320672811135,339.7830296250845,14.260936222313129,2222.35571642736,55.494203912381316,5.192646783033541,63.17058677967364,0
6163.0493471347945,6.856788958341208,517.639532979181,16.372969239403073,3839.4783785857226,61.88173267317694,2.9498310555994607,52.871006374012595,0
14910.758279991212,7.240261326780301,867.7533304002644,11.40166482210539,1934.52394457546,51.60315827901081,3.37553078824064,60.541831646373076,0
11070.275345983115,7.264439309794687,614.3065591681863,12.662449393703419,2666.493217301985,38.12955315973341,4.562061461775825,44.616505424890235,0
13369.560335510261,8.230766197917022,1029.6935740105475,18.029672885745583,1828.9221577406697,46.85759186495086,3.799727342524712,56.24606644894278,0
8919.515602149277,9.450999951036783,-480.6598382028509,12.402645819610175,3591.927799231228,67.14755854834918,3.4206624284883906,50.56245337573179,0
3093.4967442574416,10.7243468664911,1000.2537463544797,17.15770685294387,3722.270806819597,48.88090032379278,-4.791949523785322,92.6351304283315,1
18122.535716380116,7.480964562721471,491.93345545322893,16.88733540337701,2401.3498089779287,38.92912784803323,3.9687395165613895,35.62454218555592,0
14961.13028627917,5.809194237556545,809.8007291355581,14.804666006989546,2013.0751825794673,51.46763381177786,5.160668319391478,46.00972068450079,0
8455.168785688886,4.752575694358599,1528.5475580904777,16.473143857341658,1119.4531382149082,39.346020124814586,3.4308174696558833,70.96161276050951,0
10301.202886854673,7.9270480891542086,879.7151333273523,15.224901704934197,2624.702960706888,39.245231961355586,3.1348797540429176,59.35494395878445,0
21685.47737752791,6.3689309740122235,1288.98210805321,15.811259766098514,2670.9015655884614,63.9559643948791,3.927628968055129,69.79948368290599,0
19996.319538369877,7.680547426039973,695.0893548592504,14.364547786858521,2360.4833051207415,50.88669102953778,6.495332747015363,39.68173449271565,0
1687.4693736800873,9.11996386164493,101.38868228806518,16.398016848831716,3157.1236119276386,6.179866368319701,4.348416936847263,71.77480355818317,1
7222.894477039477,5.75521706552546,743.6240956618875,18.51309088221414,2313.834663847825,52.628504921500124,4.082271185758444,34.66825404637665,0
11905.053026326152,7.592696473840181,1335.0480528892026,18.243014589129466,1800.2017786649908,40.02927765103301,4.141275123576204,44.309386091534265,0
13297.215670772923,11.335860308877884,1886.3301138875486,21.327719558352698,3153.86775755747,56.59761392628878,5.46196766028443,49.133058464146224,0
16848.775655026253,4.539133427036637,870.8870514501186,21.068711073720706,2151.1338344967103,41.9363021206909,3.7720032710993197,53.07961552080295,0
6144.925813042673,9.91321989287829,-257.90711723014226,15.276363684668052,1499.1206515002004,33.30865039328035,12.562784714875873,68.22357330125487,1
6080.977707180859,8.48069764264887,535.3374187137803,19.976156134857394,3855.618888417791,56.145553024846784,5.2584278683404255,66.76189507502015,0
3223.3859914717696,5.468953745300803,547.5271438912374,18.48282674187283,2171.3280806317257,32.970807003851846,4.419649331621705,51.316153732727415,0
13439.823805962433,9.144948495828562,343.28351075376935,20.388929054710633,2264.009970813414,27.034744248396528,2.632317670452138,74.06144009882532,1
6479.80843878566,7.240973751938444,224.27326849881536,22.60079569730621,2226.9502951038526,49.938330788142046,3.8978906865963356,42.69165100302329,0
12274.951684944957,9.469362961685174,842.9621871508247,18.764667454404208,2769.6339658201864,53.21230908575364,3.030720272134764,48.02470662530832,0
11809.472086787426,9.047563592784115,853.332592825125,15.489570270001954,2077.5413243382113,40.74746929125505,23.000788239610927,95.69634504577714,1
14362.04829452702,6.125007202365313,-92.181504760689,16.520169907253486,2418.146729671152,61.739007906621424,4.135292822861553,47.88089406522519,0
4492.647388347687,7.236377001646071,-175.8920840448567,17.11696232512961,2527.843050955601,44.37074898147934,5.500920686292082,41.24676432408955,0
2769.0552497719773,6.618529767409131,115.74833820695835,6.324530060228916,3205.3278032281087,44.23876818382747,5.320341974323599,49.3748623182279,0
5198.010271892869,10.812636358222594,-334.2597301103325,20.188060645821825,3605.6362672604228,49.842553965373845,6.465937419763707,67.97016516497953,0
14963.55243789776,7.426478178925821,61.61427776010805,17.309007307283366,1887.133393273029,32.93491941300117,8.425313917410772,76.07960131302877,1
10179.970505442152,5.502323988715487,957.5845914486822,13.473994483749877,1747.5745291691037,50.889786678726864,4.515377165479794,53.882742549264336,0
9784.807942601332,5.842855476022318,416.52439444308135,16.81016071211739,1428.9557697869675,62.93886957956044,5.734618984331513,40.393868235871736,0
12788.952624158164,7.809394104599573,839.8184736740028,20.790903429327255,3260.256913020652,31.837234568090825,11.606953137775282,70.44982296460522,1
10537.145973800805,6.685924709182797,-199.33473931776132,9.872920729558762,2516.0761851661005,59.34978235384989,4.20027286555154,54.546727409425806,0
2832.4606302307357,8.463582322583525,947.269227533907,16.589864910764017,3092.028487508679,31.963118103231622,-1.8176670884623647,84.8342823064746,1
8533.849933319454,7.629498942175311,1281.8262121746243,15.771661562382063,2428.967250918671,43.25518156269705,4.996351653257203,60.39762289604782,0
13739.709674474829,11.261620750592657,1498.5436264198586,19.337643783874455,3352.512809955933,43.20982092416911,16.756669479078614,68.34470610423688,1
-862.6365319771685,8.123406574787802,237.54693290009914,14.308291085104491,3321.264756313974,53.72853398622883,4.674910367193188,55.141326999931195,0
10046.332421989388,7.984989574838064,596.7650338317503,17.04827431218699,2231.9193910949703,28.311537071312234,10.67258581278982,82.87994312427,1
5926.247937537864,5.764432351814353,1976.8019874807087,13.646746247441042,2691.9243147116135,45.09396948279943,3.2630098479366616,47.14235283963644,0
2180.8393101527026,9.418634427548815,1237.2870909153712,15.93609426762622,2391.585342356911,56.113500929084516,5.5200051215635115,46.322644167240334,0
12668.456322501253,9.482829387219242,2015.5374402742027,12.742590821231913,2869.6251351520577,53.829449445207494,4.230831806467625,58.49521986994124,0
4626.015770763166,6.968070694482999,721.3268618271935,12.296721013897741,3347.373697546186,53.26303240717993,2.6257457139306832,53.46034410910802,0
-106.53084684202622,10.464207514677096,1753.2283748619802,17.893338431866518,3024.5745224170887,57.80268587911008,4.496465506400886,60.08762507133135,0
13607.652328269382,4.709434636210311,2163.6068787966906,16.723271744151692,2805.1943571695742,47.86246747475769,6.782118850441853,64.53397105814676,0
837.4677135824677,7.32685506706836,652.4794872582934,21.540234666658115,3443.4414408158696,52.899606949004884,5.624887538963395,51.446861305250366,0
2949.6143814508687,5.860859765452749,1031.3078826049684,20.3624361573529,2479.126180702484,55.33234025586105,4.143997515990634,62.82108391426512,0
13765.158384352768,8.214299509787464,-36.714180484424105,15.143885847394756,1522.9356106568157,42.666890453091625,4.8034519890188,44.31095146910575,0
7354.578681690269,10.04810647887279,129.80562170484177,18.936035268006652,2974.987181418623,37.11982661672803,5.104985461140333,38.821056612797925,0
15239.620698605644,9.518009584668707,671.1581072137486,20.29787470594271,996.3335693723398,41.17778900943745,4.618231229886465,57.81428919465528,0
9815.541649533649,6.806939027133003,1034.7214560417253,17.2217808971063,3559.1536338107444,67.76257486403905,3.8048336297051484,42.477111782385315,0
5518.931547602222,7.595509843954208,409.63701681399147,17.152076332952436,2634.680778272189,46.70271083961429,2.7512716101606562,48.11523181105508,0
10736.758432010518,9.283845754514978,2713.978483662763,11.665108477935195,2764.416724495026,55.63831553951189,5.651395291919329,40.260329557508996,0
10510.381164259623,6.960064523239879,239.8649082082161,20.451441560824097,3041.86888521953,56.5465098905597,4.491985712336794,38.204825433594884,0
20651.243282862364,6.622902153379339,423.00443473934035,14.875558938250634,2245.11370232655,55.00380800243241,5.018395876043533,40.39989477812172,0
4955.666595400735,9.184775990209712,15.032803408475615,13.155085017239465,2662.042078578147,36.106185457884486,3.3383402453403646,63.78911243001683,0
4299.4190135619465,6.705116943462733,1334.5617544617908,16.094827921815973,3043.069948038379,39.03326364136795,5.065042631250457,48.07696815718373,0
16170.748645311014,7.561322557255029,281.13354881206897,13.193455862961713,1676.6182429368064,50.44504099012631,4.547171038492158,32.646892964072286,0
14839.374984576505,6.503272036213028,859.4439285911249,15.486481459616185,3300.219051334041,39.07030727278219,5.613686407992827,57.68116952430694,0
179.24779429083355,5.77393910407885,990.8201466459598,10.724215097477332,1690.3709211598625,61.93554447329313,2.792839836942715,52.288492080959074,0
9585.696239686411,6.135009267289339,324.1789482536703,19.470574640789046,2698.1096973149747,48.510814248274805,4.615716455434205,48.92872782829324,0
14593.89282401347,9.685696850300904,337.4365729804066,14.041508178374727,2550.4059622605537,57.5675276851155,4.189099129103243,69.96152319754925,0
7714.961633518666,10.048924839778088,840.808481599598,14.967744536296607,3578.7494178552024,65.17510998297665,4.486067862653948,28.407310646802323,0
9161.236401063426,9.121084324216756,74.80229351657022,17.77339025225379,2775.89104058359,26.581266490829112,29.551873001590998,70.13080616767668,1
7893.8868785548875,10.165841182342668,-882.2165882209396,21.311320301437704,2298.102734068781,42.07044625900357,4.436119598923882,53.859567362586326,0
12800.25520750381,8.174191255545345,976.9392881017881,18.538855781000294,1390.7633268360148,40.298075081001556,5.453728846152403,37.71055093528108,0
13461.634757889718,6.964775367862235,1124.2323401703716,14.16292028686515,2964.8757330592653,47.066258651391735,4.577153854305098,63.67651303935972,0
3498.521174877854,6.3380140198268515,940.0858527471897,18.514171906701733,2899.0446932227746,45.285307483318554,4.629124123467541,61.912351951807416,0
16314.0251917868,9.595209454168568,750.2519853329351,18.290625249897595,2825.567239982402,42.98115411876085,4.481343415627711,41.14029917525871,0
10077.125358418923,3.506060986546661,559.1860525831893,15.921107645418688,2337.1096436840216,45.227010448132404,4.175393635084591,72.11242950282562,0
21082.429700885506,6.429448195855155,2106.4893237173987,17.0164630775376,2927.9210546047793,47.06717944129005,4.358149865314864,43.6297439012714,0
16721.147810894807,6.46063858792171,808.102496952926,13.950919978261654,1751.1651637714135,63.34238346403612,4.32038286250162,51.48202968627898,0
8392.833867239959,10.226708256976563,453.22058625732,13.623939284812964,1967.479530312492,44.97521731936173,3.74107315430859,47.71895315548483,0
15044.054644186559,9.867796891051219,830.4436496517802,19.415382034719862,3259.7614833447205,53.97774384362555,4.549297036913705,45.010212569441144,0
10551.949769185048,5.475428539420816,104.67631746943232,15.532903583749786,3065.028467154047,52.5506992270434,6.052787055950001,52.555596989868036,0
10609.187569275231,6.1296902275132545,452.71979740969374,16.46648000631266,2691.388615946125,46.52212025500647,5.103707104003995,68.67231287180809,0
3061.575807541404,10.150410945444822,1019.4255264627916,16.25173866763511,2937.8508419442746,56.65673614699157,5.3844274266675765,39.62558303591675,0
5897.0438735461885,11.614642403374415,1441.9638184342853,16.253364482490483,3453.6819090625536,43.63629910578904,10.695007664155188,86.68797465865265,1
8621.442778272833,6.180612403120589,-34.601432933610795,10.703917457603845,2881.1575082823433,39.81429780869282,4.99042171473049,66.88311811452883,0
7601.3136100584325,6.483282236894351,231.2646908368862,19.801076037483533,2103.0264825686327,40.26764217004678,-0.01856743969933916,83.11393501078072,1
5962.432969345597,9.623405359039173,523.2421410328316,18.433335616446186,2565.2421689716807,33.30344603432387,5.699989206071534,54.41625067814217,0
13915.926715333318,7.870579812108686,-109.88950920123273,20.078535493743296,804.0397827086488,29.899618254856648,6.983745758908306,86.68724505272479,1
8805.05723595116,6.125090700953914,189.77347249822247,16.901072451620855,1830.2048195221787,38.71816810994723,11.642668997913912,81.91007634295467,1
4365.5673369409415,8.499991245033046,1249.3562743469115,15.302370662466956,995.8596389435488,56.089538981612066,5.915445921129286,60.41912604177478,0
13040.343900780175,7.883329813497279,1830.3922279543494,18.04174211903592,2424.7734297085985,57.56397843727516,5.104912598332731,61.142343467426045,0
14570.82758127592,4.0322167501636486,1799.622674097959,14.33130571625311,2023.2211856773974,38.20985969271416,-0.017435646871880373,75.41447339868802,1
4002.4350816166634,8.313911498136873,813.6805362771953,19.113791406974318,2768.76718634509,51.781728500807716,4.408577196057697,52.24816736691475,0
1164.2146961365324,9.203564012739708,-86.74944184641492,14.163605131859143,2204.8066102605126,53.52991857736217,3.55114725661372,51.3074385901825,0
6513.054212848776,6.802399586324025,1097.3961345969428,17.633242636654437,3066.257970684025,35.24997632965896,5.344192227253406,78.47009588957641,0
13160.862750440983,5.427082367308971,-87.9188735963836,15.060480823199217,3168.460729527119,39.52009990614586,6.162525337987659,45.27499106915096,0
-4199.013245908034,7.686920997171548,469.6036029132478,13.101730918039642,1350.9070603255645,34.913083057086325,2.611983660473112,58.14339814567873,0
5305.367900238414,8.095641530570902,1126.7772256987312,13.814991625861683,2405.3667291970405,49.42017824324772,3.8618691588460354,33.95878987529675,0
4166.592050300033,5.847091831097043,257.59119225393397,16.19046403145722,2568.916683055521,46.454250460578436,5.451486446204642,62.79614119177748,0
5510.172804865908,6.895756517555317,1471.5948737707236,18.050452389795193,3096.0911452819582,48.46398983790864,5.019655654324736,42.928113207065394,0
10403.780021291292,6.75113898653476,321.907951542541,17.829130497617676,2769.7629539289674,51.63323097596822,4.156438316526975,43.77935165055045,0
8656.90028886518,8.463733083909629,1618.7653810675665,14.271229107272601,3090.212229083444,56.10714463665576,4.1612255496900845,41.54961488283725,0
4860.392996766132,8.496241000000689,1356.944865116147,19.45613272435108,2400.1512008459254,35.282897019501576,2.451328806515337,52.868638428193506,0
12614.53260799798,7.427845171359415,857.1201329143678,16.95808520475112,3252.137612811215,62.719164758485555,3.647169609039587,41.65623688245262,0
6196.681411969217,8.323357431199776,887.2300622494098,16.26602114602773,1917.2115044977209,50.41616520351696,6.0582495957229,51.72158669606441,0
12771.145301082543,7.332448113745139,1458.393774798209,15.968586029002493,3028.85235178776,29.599789667869228,4.513598854041281,51.43737437820857,0
8750.166584502807,9.719436179032746,251.90459459990325,14.04854173288155,2863.6390995015613,36.90958571920432,3.7153234869216427,41.10037443442859,0
6929.688364424037,7.138598284307111,-712.8318662101286,15.461798430518185,2087.6986166297525,58.236535390582006,4.11818313896798,51.303572026571096,0
12553.918483525982,8.09856777922937,1274.7662320760078,15.288964499709188,2721.529676989533,47.84767126489534,4.969043889362352,38.399796180567115,0
9974.080503339017,8.311179304018399,142.24050875106877,11.08410342041091,2640.3786387637647,44.346054546861176,4.26444765870508,56.86288541731814,0
6232.148727740716,8.905099226505673,553.3954439611111,20.379611897525,2142.4249457912024,47.431364564326024,5.043315105417679,52.41914984321499,0
8501.22934734901,7.36188947177592,1313.9802987629373,11.36502006291828,3958.1631475187696,55.38376164825534,5.467077332401282,67.897907703084,0
-4453.181032777489,8.115528964025636,584.0902252526998,17.365276377840235,2790.388744210341,44.79365075945232,4.450463071929155,46.932273153363695,0
1173.3480627130539,6.830420925203456,1050.1139165995423,18.765155493846756,2756.828156455044,48.91301561308963,6.026036149827069,53.031538283762735,0
-1320.040295204186,10.31370591762699,659.399506324818,19.846024647540155,2322.393678879292,36.93628250918263,19.877965038116102,85.87114397070984,1
18858.54395033221,5.588058003770165,923.7982245875287,18.536729985469965,1461.4750630464525,38.74551564316103,3.9981013016642026,43.00430721421578,0
6954.471927912822,7.088256270040609,452.07767469536594,20.19695803167598,1429.5328328231756,44.452600778941374,10.566926996134137,74.50624231393273,1
5574.701089750338,11.203676453283471,165.89872261376206,20.585937790147828,2676.532076046447,45.85626160626792,3.701831640858705,45.70323872925405,0
5809.950721405648,8.540448174627535,-231.53300861100047,14.243184428891807,3593.2366523430924,37.1615655128155,5.8704655108226955,58.46045008889408,0
2129.8260521701923,7.663082761272682,753.3938785442888,15.923037382326683,2166.8700037461103,57.31964266408179,3.6389296329599365,59.01143630529225,0
7102.569651186883,8.889446771338555,1073.2049642629947,14.70889498397819,3044.925121733038,50.73936917871389,2.1619457919214184,41.95987002045754,0
9324.417253796435,7.114933232101646,147.38010745173528,18.478081453519337,3549.4389372097676,51.958276956828,3.411142856684015,50.43640132465738,0
10140.560947861772,8.51164649687771,603.9069973978444,13.542925467292983,1991.7276751630293,38.42594314937228,5.221896054482615,61.021953187712,0
5822.241145733811,9.035483729361514,699.5217815708448,15.580151712858797,3662.858167341712,44.2442209252965,3.763963679252117,34.550906304068846,0
17109.358798726593,7.149659733788867,1129.8759829434064,17.13681315910683,2544.932027939982,53.47254789746542,2.6896686547443482,38.99983357925338,0
1258.7935918560916,8.044223870045684,610.0909673167955,15.487362728456707,2958.050711296075,68.4615058218836,4.495827348357677,55.37365424934825,0
2056.292218078912,5.692473587431351,741.6551391059114,19.93939593450461,1950.8011813575527,54.16003504640648,5.443557877080334,50.28872480174468,0
15277.969302233556,8.718456599584545,81.04119834044877,12.525806954771289,2763.7273399993514,60.29001669163887,3.5248985828936794,56.232554234584725,0
13554.292988358597,7.118137217753646,621.0578155161434,18.437480504675655,2482.7211239199496,56.72865230885132,3.7698755503306294,45.384868647450915,0
10000.57890064773,7.557564399062208,475.2430243855715,15.348726310360073,2317.2431477750183,47.98117214407288,4.700152397437191,39.698778947032245,0
-7390.6885209860775,6.205079050043744,1258.6139043400144,12.270545836230493,4085.361083305343,35.37468057658288,4.617696540335753,57.46278389935394,0
4748.736532135024,11.148435241519998,729.3447441163349,17.36656882885639,2454.786812923996,29.135827215114418,11.152903274589056,76.0743832264241,1
7235.082704795889,7.088839519671293,133.18675556073083,18.11473268165257,3994.307662813875,57.59410539425847,5.752532347682106,51.04046481039086,0
12980.670573628942,6.699072447697977,1039.96408595492,16.190152649833234,2682.6744374090213,41.768828201532166,15.083887130111439,69.31273045793674,1
12784.941429097908,5.919969339221976,1134.1549485747748,14.487220194035347,2494.4918058249523,26.06254717882347,-11.485264102225724,71.61014437270343,1
346.90240797598017,6.354252289870005,168.36960811298388,15.236469550083513,2862.6827712206887,53.456961951870156,2.113158964594445,42.49961822356879,0
6768.782930079815,4.3488936059279535,242.62829977004498,16.423768127696533,1688.124890052457,29.992455813092963,8.595822504383584,90.88910512665238,1
14549.53331552734,8.030099814025945,769.9282264244562,18.197529219915502,1562.4032495294614,52.07535993010527,5.444728433779467,58.928405543192966,0
618.933281606377,7.833156081011166,1696.0137491403234,21.84084083363675,684.3107315768139,52.130362851524986,5.8344728160397885,40.3387347687091,0
11385.937173533539,9.518767456573059,698.0669553962566,14.162870053876278,2854.775623309776,38.84561799836466,4.139023043550189,39.308957088340364,0
7489.962926995775,10.879515862822288,1836.463007823484,19.115041223501567,1986.8553729925882,48.77816044015875,4.077990908587474,54.85593920044002,0
4258.797653895452,6.361939839539672,910.5350753751231,17.510096862328133,1601.525527444822,38.57546259115644,3.3662226117099356,52.57581749210437,0
19848.192756318997,7.17494190512482,1906.0762887512642,14.14584333003745,3665.5721754362467,42.361047347327386,2.7114085611157277,63.05776578287521,0
4029.741587532535,7.669651272137645,1745.9901685077139,16.88599310026804,36.85450499587387,70.19607421285995,4.235324958709213,40.343503603927,0
14374.727361458416,5.69362762322541,33.43266691142958,13.645385184080782,2249.890560721957,46.107314642394776,4.345738758737844,55.227667423667185,0
19333.346392409134,6.781305700412147,1573.2861428906472,20.03885526800766,2733.032232075707,37.70379199097657,3.7986078806467214,43.24960988580532,0
7184.629304321954,8.685944176182504,701.541388625448,14.576973143106748,2682.5105302237375,56.478895878967,5.955580714259245,51.071864647824164,0
10561.728112173427,7.539158500025708,1796.4949866897425,19.158119067196143,1628.9876611033244,54.16409997302624,6.332558860986157,49.65187685242048,0
8421.065996692789,5.054674670399814,313.7638875518717,14.978646067086201,3763.451997040288,60.968790511295374,3.240391061091846,41.50204996977055,0
8239.033580475454,8.57546262491612,965.2139514284061,20.155204267361942,2588.240248948076,49.421658722284114,3.153805439504899,49.62258203791399,0
12048.30961622943,8.173811014946041,1316.4502650491995,16.12726401184979,1794.758690561926,57.51127065631646,6.734297853780207,62.931480750212714,0
15653.74813626018,6.009825813521168,412.5351260654694,11.239042506431186,2689.8004874749536,54.070106648394436,4.165602274290495,59.3680567713306,0
17302.822223294694,7.096061453298538,842.9245475260425,14.805663330821766,1844.2941053475197,55.248929614882165,5.62609370864795,44.865116362259464,0
10661.853506363736,4.1170561374798975,22.41454071818748,16.769651069014603,2464.046320178101,20.048603415161168,9.630803959715548,80.67187675493999,1
12101.528103109129,8.264591556357624,2092.335019605593,13.575733563689228,2524.565483883612,50.24679594205551,4.735965290100294,40.09302490463767,0
16586.76970424714,7.612068074425675,729.6088102803337,18.736508574698547,3507.801923053592,45.50671554459659,6.680772983670728,69.46698462365562,0
-4277.170345702314,8.936123758571384,1474.6546594876795,15.650851332503578,3199.5959792573262,55.35894430323857,4.524326270546745,59.58332714685141,0
5004.7415494971265,8.998786101304955,802.2766634282921,18.378245101668693,2384.835838093506,59.410752449371635,3.3904271778623625,46.99557191172448,0
6216.097921059663,6.260337423414472,1284.2926299362798,15.428458951351642,2576.889451565617,56.23320513281019,17.609095653427445,79.5782389350336,1
4518.2184172516845,9.252969356673944,644.8754726799303,18.175404080391147,1659.3521424274572,41.42400422547114,23.317541575774825,80.98512221079692,1
1783.4852364849003,9.250837967793707,999.3291730830819,15.467014180968407,2629.781054832889,18.96002385245042,23.604847353232035,89.35349819274732,1
15298.824449312648,7.08570784226792,429.5017645568639,17.99001042060311,2386.9311383737945,35.74512385096334,6.640605275031701,69.91732242133655,1
5187.998585085407,6.07214605847819,2152.299570531766,16.144467175947756,2703.953271355002,53.55114271234309,4.035618193346208,43.284893946989236,0
6338.655658932976,6.651968798587027,41.9382239738444,16.291945294350032,2241.6617359430443,46.11527910363993,4.035498906630073,46.02259715754468,0
7069.5679108230515,6.543711789054118,281.05570516111106,17.24333348535244,2329.0465286879457,30.406648759474336,9.958223266752997,79.00380050219526,1
10391.405692321106,10.867970725677083,1061.7914695215109,20.166724894962144,3405.066838651809,41.271626262447406,3.919819309915421,50.52939468234801,0
3149.520436438801,7.522764100305348,195.50737815251978,13.64108638868341,2792.6019533338035,55.58719297063521,3.8284149830098055,38.29485069871091,0
-724.5982105832518,6.571941214918041,255.8208725537769,14.76282896432301,2087.2573081360983,44.80738933146689,5.121264916832487,34.52721448753081,0
775.1041276909718,7.431160296610028,738.9039012847073,19.713858641827603,2370.659181791635,45.641039433411905,4.853482215090197,45.36202730350121,0
11559.513515325747,9.185424312150204,1608.4454573032112,15.22121401180249,1445.6312565041558,36.433988430335305,13.0919643407834,76.69636537506369,1
9018.456751910991,6.690985072861443,360.83791381554295,19.241719822603834,3397.3923514763164,48.11215920906443,4.405408944631854,47.54934912956739,0
-2223.5718341587144,8.55054623146332,973.0819003950642,17.73590566274157,3195.0418143077713,38.864461835180464,1.39541734272224,92.1683679142444,1
3869.3738890662744,6.958907770776069,502.6329786596781,16.97528361391608,3541.3093028480384,46.93600628413234,4.222963066562477,45.730196284932376,0
6641.623202673839,5.510277560863911,529.4755376517716,14.238160749878123,2913.2855445376963,49.0098084969305,28.23664175433755,83.14513743802696,1
3873.5146720162093,4.449739717946253,1330.8587766552746,20.390292535661096,3322.347487939952,44.63031139892889,4.134022440182004,72.18743357530849,0
18992.69311170876,7.990105268976235,-16.163526764601215,18.39423984279618,2534.599312750979,50.88853978556506,6.1809327314347815,49.553135985598104,0
10530.132483997828,5.634372840685434,1136.8847936655673,18.76822149481943,2126.604629936617,20.243212518098417,18.618533687966245,79.39593867783864,1
-2582.8115344994458,8.564930970561072,382.826508046402,17.208397868724006,3159.78704822516,33.46557632684486,14.24367785648387,87.10514087121861,1
11806.547413221018,6.073938535638271,83.64877977695119,16.610591371615904,2480.231517985012,50.16021871843224,2.579772855885409,44.089542792731585,0
5513.4647503429605,8.648050244959176,485.2074508794904,13.931314658834843,2462.420252164321,48.4757984830397,4.868771224483606,40.54531660005342,0
10191.616734705087,10.071864169797008,1087.4811813330648,17.32987658536095,2750.5008477123497,56.01637106895064,2.508113324993781,76.64614492001434,0
7474.5798300531815,7.444922738303592,824.624430376789,15.642787975949355,3079.8163334431893,61.46390621367662,3.0175992248358243,61.612222731541635,0
2454.771000054787,4.951960324550319,1920.3533716528873,19.22763925531491,3186.752436057697,60.794591422485915,5.259834214406299,60.310427387826614,0
10185.957119037488,6.655931722210917,893.2450186179731,16.568764715302063,2437.5542375465056,34.49082269660782,20.126258523490485,95.43950604761145,1
3826.861426879056,5.240499112859494,841.6583634237679,13.642512363212031,2714.554648319381,46.18124113244932,6.111332357307604,52.7845878944741,0
12307.578883330114,7.463927545566894,460.8855320094572,17.88386561819323,2433.832018263864,51.74855111098972,4.1039367177071995,31.7280406252874,0
10103.775558827969,7.396287036469765,179.5963415719874,14.805653159711056,3113.133448305409,51.85222784174015,2.5253853058495848,54.868948111619645,0
9474.270406252945,7.692730601194873,-32.59526747745929,17.12498356140127,3555.9470755100515,38.39878981314909,5.44570670506795,70.8780672879388,1
-1212.6744557711027,8.84092843230581,330.4635180109369,16.291639500267102,2902.3207425445107,48.61898917593218,7.178815239822885,50.492974252171585,0
5889.400461228098,9.179242238402411,1078.249963591075,18.78865933440498,3657.7210845416275,46.80242807331207,6.013798788962861,37.830374231564804,0
9958.582419861148,11.692410381290038,479.86288454586884,16.412139554149668,3646.460335278677,33.07084628908617,3.4926420138365017,74.70369887298297,1
2226.8599870237167,8.505041296766885,-400.8259455831504,18.79714911504713,2113.810661066158,64.90207749104226,4.401428345312562,54.450426998941865,0
11462.173927892904,9.245540237628683,954.8088165737594,15.728247584671601,3070.2091888189198,29.956491460597427,13.67685612811298,87.391186527732,1
1035.22938999922,10.090148805961867,1429.6620869165463,17.082030368536845,2351.648066114992,57.54527360800133,6.3191341755530805,51.96272338440863,0
9478.72229670414,6.009695958589379,611.9835717411955,18.55252050613494,2034.982261264271,28.952981449029174,16.58311041211841,74.49299118032744,1
10628.217954894148,7.531680797414879,-514.1393660103237,11.146074886171672,2499.2215558752905,45.65760822626428,3.075443601260011,40.0347158338144,0
6611.078191716617,7.206187135423063,-146.19847847911637,16.23798711391217,2972.8134609784183,46.521435097071084,4.25946602078733,45.748070467271155,0
8504.73428795565,8.089549568762715,1302.668653009969,14.852608152365573,2753.8503310468714,44.660927565118975,3.349860742494231,53.28009717983405,0
16557.335792318252,10.210869614019774,1439.5192168941967,16.012245449417875,1929.6059885233763,51.3635439897709,5.448769900665206,57.17931385822665,0
8543.336118519142,7.406596874862007,135.25766278976943,16.186521307143423,3152.513293678763,38.164356834264524,5.140751489147933,87.30935434101578,1
11853.98692409381,8.324742259070371,465.80326022244594,17.501418076528932,2572.100088829347,58.22042170940126,3.5770256642320586,34.801319626244904,0
9056.877539363799,7.944952565746021,926.295268974686,11.941056063679884,833.2827375408303,60.66568449104035,5.224829816339463,47.12641125850365,0
20407.174722679592,7.762365787727403,-25.610641525121423,15.867932052707355,2124.7226231613286,57.955315360721904,4.016691252112299,54.56770777700459,0
417.68420910304667,5.417321635984193,728.6398016822023,17.21642411571862,2586.166031792066,43.45934730577847,5.41715109770452,55.99441015306259,0
15035.606721566768,8.016289930800347,1171.228350287582,12.969143843334734,2427.901141443906,48.71276049378721,5.094619828973875,59.0723466005762,0
5802.283142265452,7.6062500081665885,-590.6617209522391,18.70212835884949,2266.5018275387984,60.77338401120917,4.028689257099829,55.8645313033361,0
17970.872825906234,7.616598580030876,150.30045701994834,15.904663900287883,2982.5234256356025,35.048207393384985,4.135121690321091,33.907129133125665,0
21963.66731316164,6.466276332508405,1770.6474277105513,14.404824657709154,1942.6993291770632,40.636931215165276,2.910166435379713,50.63193603850227,0
2088.6685539238533,8.278174040105371,1659.8432862875356,14.95301452826467,1778.9017224928523,66.94184002406851,3.8799490686841374,68.90729848594029,0
9406.383092884436,10.995101077405646,79.15744915437062,17.352039593715638,2027.5683891174249,61.50556468166999,4.52142636177861,42.75325788317695,0
8209.731258574126,8.860100232568858,-579.9988678448769,13.54285594096156,1813.5228348849994,25.160519341174457,-5.534724287815804,85.38229311830416,1
11059.485145997633,7.550886792521744,519.124505638149,12.670210855667172,2812.5288226270295,48.812564791486516,4.337946477764671,45.718477469120856,0
12220.104971105922,8.381740819889052,1686.9408069557726,19.19847378296527,2196.6273193959673,62.990749954154055,2.1035430760584304,44.26244449595624,0
16691.53607682199,9.168081861177216,985.072126367741,19.731399113881672,1654.9017022886253,30.38301284412416,12.944413336690117,91.06853624472569,1
3579.1876055825533,4.130469890165845,320.7012986276093,18.090928041089217,2420.7652326075813,54.01481639487913,6.272306426657639,41.919465709099626,0
14150.100786135596,9.451799823425347,746.2033145538799,20.259907042600307,2269.7214102413427,52.111107954800175,4.396144607183277,43.83851871107372,0
8766.509532887438,9.51038375033664,688.376256519894,16.013340480024013,2620.448633909562,54.38021224348496,4.206720197354987,45.13178127481702,0
13318.962450980536,5.352862786739226,628.748146619567,19.34170513777643,2625.713328148562,41.44256180810792,8.1054782036421,100.12955849433982,1
7483.360084546249,8.949183741984399,605.99564845293,12.835308513171974,3106.993630783842,49.39280971936272,3.7222410793346667,42.86047087840447,0
6870.084854186201,7.5721967791632805,1532.3540601868574,11.956186948074222,2775.2850753313523,45.35715997717815,5.101498904168643,56.488018161515754,0
10915.174288167174,10.189642938847964,1395.8527526726798,14.458955208012478,2941.0424409832044,50.46203317333782,4.607073944249699,58.21615752237163,0
5481.668063593261,7.325630884637586,598.4328170933641,17.796107274567614,2355.0813634295287,17.927588647946326,12.697333059950015,75.6104922950118,1
15235.331254364704,6.0603604286521575,603.2667629327095,13.424308756436591,3165.325443691087,45.3194946288272,3.5967369097163187,43.45015511391281,0
13967.100299310434,5.203229636272953,-438.8931322635143,11.497720512102504,2273.331612206913,45.309719603582785,2.1838957568118813,47.68122024938767,0
2305.107355055942,6.550400181018991,1793.8909225859668,20.500302942823858,1681.8654955634588,54.411492305404366,5.3259421301858785,55.954953007219736,0
13894.333718960639,9.00043375151682,467.0866399412674,17.611125751803407,4882.122337108575,49.259204837852856,5.091258503353681,55.10678883166039,0
8866.576801195757,8.31939582294017,695.9355750723419,13.000250301731263,2633.45633890853,54.6696913585916,6.882271842805628,38.21058597892621,0
2977.180548205012,6.108264421406397,1574.5229090378866,16.405695549296773,1627.933921978566,54.09132204017504,4.111975596673542,49.58392504629606,0
10592.320315441331,7.020307677531582,1238.1718164715173,18.828584013404587,3409.1310334992772,51.237188345893,6.205803942279712,63.33439166032965,0
7860.97652292866,6.1805393662454655,81.41583989217168,21.45585273881531,1635.0830985051193,45.64871957189394,3.36165371854924,63.44959666174149,0
16709.492181980582,10.063910771335177,257.2394974730631,21.515772292234793,2791.1632990283183,47.359945051000906,4.323413633739768,66.69383459547647,0
8351.689802995324,7.375817556044062,1257.4649172841953,16.599449578693626,2939.798394468714,52.36906871908484,5.595684967114631,40.307208016556345,0
7369.217039048341,8.05756193499674,657.6537045119875,14.178693613035282,3680.0039067691896,44.564964758415364,-11.277248639102066,76.51594170495585,1
12876.18286599544,6.473895364245684,1226.532221819446,15.635386605544854,2461.940455759828,42.97200967224396,3.1446173068855154,47.87765698384453,0
4154.881654579828,11.036108101758368,204.4871162560379,16.155097800792067,3188.168741732428,61.707485234087954,3.5037184395992584,52.22377748930556,0
7963.179180375189,7.633685390363076,487.69276376941156,15.301084499956444,2814.550740190198,44.184041394263545,3.4368449184001326,46.77323535000035,0
4104.248854644413,7.161581869735445,1225.499795972964,17.525667875476785,2374.6625784012135,48.5231120445036,4.339016007609113,38.82413957376676,0
9162.881569349884,10.103719454870292,1635.9755904548751,17.719434969701627,2466.993289592352,53.53841724908273,6.50849250478011,48.62708932089633,0
11860.00936008866,8.626374306489629,1789.4926766637086,19.17149223264363,2266.416435321232,38.91258667223803,7.149655257052258,45.782231356123695,0
2179.988185674386,8.22544336719522,1334.8898064979608,14.405609024178736,2822.9021220655777,22.52810007887071,13.790826192412396,89.6268491705257,1
3854.6769597035836,6.267799383183977,541.6756898772101,14.477502057314936,2782.3397411629526,49.016248426925046,4.460812915511628,48.12402999908388,0
3020.505046728659,8.698729105160883,514.8291272733154,13.1467935377818,2241.50158347657,49.26267351342819,5.8620442285220875,48.673182202801044,0
6647.832183684992,8.889736659675432,1398.8867838997498,11.65587991819713,2972.8395231095806,36.504984389015576,5.027382993594918,48.169092153887156,0
6572.406639158935,9.594871460166559,402.585081366698,19.071248616816767,2788.899940759004,46.86960088081298,4.117190363432576,28.227639311032643,0
7802.818379058551,6.590693411454759,287.7519643391773,13.104587120151859,1257.613896753978,25.51168128376657,15.080800102973402,97.61402549936115,1
19649.04970170575,6.726424437705032,1765.690974949805,15.236621913989314,2409.587101079193,37.14832879167669,6.246597950494731,41.636615003353725,0
12205.98720675311,7.0626748890807,788.6287878096391,13.880565782462373,2784.5715001462013,46.66947794124778,2.751392761894852,46.62250967298065,0
12192.6568565779,9.850683232901327,370.2335623412742,13.632961718606447,3753.7035584678697,38.79954770269296,2.6628868409848243,59.54164514190924,0
8035.66249136648,6.310432551078817,473.7445147588637,14.59240905162422,2121.418612141924,43.33709379876372,3.7475561890201865,58.228592227833516,0
-1813.3715862899662,7.578997128825434,1145.4342945323215,10.379737841481523,3513.9143955584555,57.22142514159399,5.614621495260269,54.92483484744622,0
8381.719522404488,7.919940814893955,997.3688073488189,18.17802850413209,3023.5395531118984,44.23777138729655,3.813029971426091,36.33753370602889,0
13815.896197322672,7.975078148790911,488.53379350065785,14.742613784607936,2731.386183940351,58.30981647553746,2.3444681198669572,54.122805981435,0
9707.123623842479,9.470666858049608,902.7030177401664,18.999129830382763,2606.990504926986,59.25443159130778,5.395533112332491,59.8465579813761,0
6620.593538464465,6.0863330611554725,94.4111494419958,14.543365832414448,2715.6822687149565,23.539080395469046,25.628902199409257,80.2340451074413,1
15015.050199996122,8.795151180955303,1428.900203251349,19.19246496005604,1716.3428528870445,51.035373414522404,3.8159095929784153,39.120665413709254,0
12913.822461646443,8.904382571891512,1197.9925905517325,20.35681439960313,2928.4594697262773,49.716740487637196,2.9632654255666697,63.173513046520114,0
3821.264621551075,6.1180251903399725,1132.4792137558406,16.78036139375243,1006.9079090761657,40.303061822496026,14.731601126549526,70.05348570028794,1
9061.033527666032,8.830122802389077,656.208235221615,19.984902499459867,3257.843574702118,55.976470622592984,3.6098152299578903,57.495550374451284,0
13584.90807473279,8.916912185612679,175.89210227350043,14.594064754900566,1575.8026728331579,52.445609525998215,3.7677351689545753,26.81757019647501,0
4785.89225207936,8.880076748904496,1105.426066085584,13.393192931284423,2667.8021504190683,48.76881780811492,5.652888014188843,61.92477402507571,0
15480.207437466463,5.62984442538715,1737.6721753184097,20.45766231829439,2396.629750156952,49.0931616471416,2.5869884096788756,44.80174777826461,0
7797.108436783599,9.456250120348288,1202.4952419900005,15.539349816468036,2642.1720226044763,61.436157268207936,5.623604856995196,39.585687301354575,0
7746.289050662581,5.117745295431126,570.7789113835163,11.15409875955778,2304.7545780087607,65.54061743064506,4.63403295612801,65.44333486971234,0
2670.7847244185696,6.842632181890321,259.8400235194639,20.020576713446182,1854.9924818184259,50.13943162366481,5.03965512899581,52.94934735110136,0
2162.2522617850946,8.751718298689742,121.53724268976111,15.474285064137094,2937.3749659316973,56.153722217832396,5.964571669297289,63.42747603316766,0
9959.64818434757,8.332568280617432,1574.4101468307417,12.464003579830688,2099.5068382330937,54.346716775992384,3.0699370396591883,53.945440343166744,0
6359.647581290963,9.32657747360427,208.18368672264307,21.314179568174026,2230.3876705793255,19.35084075839929,29.481395194794825,75.80230287633188,1
11728.466302810684,10.012871916174678,691.6016647962614,15.147477452837565,3071.883479864734,11.961550305119783,12.58192939171904,89.00864440548995,1
10386.771050739908,7.174817828682379,-265.6616389435909,14.085301453536792,2722.4694322613655,60.760937388894305,3.716882508802214,59.15529791724743,0
6831.163164908559,6.754807534859835,-99.16753294674618,15.509522779026552,3004.2560439143476,53.42141416807944,3.0333291364896553,48.701636741505965,0
2127.2394005306796,7.082226530893177,358.4403405515352,13.744933739543722,2380.0580049198593,35.50090148570797,12.485696910042263,95.23945809163283,1
9456.782659972454,3.391149054699671,738.6792292064305,13.970742774965807,2938.9402863590053,55.59560072485233,3.919176452164466,63.22742831879786,0
2844.4743836074103,8.819242570694263,675.4975653545546,14.714418615918806,2718.781305576654,55.180847860536566,2.4634846280526537,30.237839356096885,0
8078.935477769948,9.166306039995582,1311.0585567403866,16.0433007104042,3030.786861549097,60.24281616669708,6.41720999604598,57.14816688480072,0
4613.491530377038,8.747541503502811,364.7812265478546,12.935960078906744,2495.254798545451,48.943390520546885,8.715915395740124,83.93634876574566,1
4963.016961689491,3.7525190692951513,245.614802266914,12.841353075305074,3086.662600343269,37.58574900737142,11.162357531837387,83.57821062519898,1
8484.041721732594,6.485485305510961,1392.515265648564,20.417627221184524,2065.6885591595205,27.804804871139726,5.915837653317821,79.601794238849,1
5276.983375496277,6.025229029895634,566.1105378257726,17.256072432254843,2451.2054931419657,59.39073616293362,6.271337849478917,35.31978351232649,0
7871.773381047983,9.172846771743822,237.37203484215308,14.367566758470591,2890.820627279178,48.20063815251583,2.9900443376989134,54.7849973179589,0
7934.292786903242,5.917165178569835,1193.1080772710513,17.556436113912323,3000.2476370578465,53.709784460456916,5.146849796103311,44.80608677909457,0
8006.704786793174,6.708443588140971,1919.081525526085,17.381855797910635,781.837693082585,39.849991939189735,4.382646003498957,37.28455927873233,0
10822.035826563513,7.367795883833392,984.8758892804941,11.350657369724232,2843.9940709867587,53.53869007980958,4.31545780182457,54.79119127782772,0
8062.100924635558,8.4313972265288,722.4939334779589,13.168435345628605,2675.6622093297765,63.46310711158265,3.6887386940536957,44.839398234696525,0
11407.540728719385,4.82325427404669,921.6462450837104,13.566652381534642,2467.847864333084,50.143759320131764,3.9639277611326054,58.01128583911954,0
7407.206455480246,6.695011219480261,258.2470513267357,18.103567627566946,2322.603962094116,48.113028283730586,2.467152862529514,48.91248977166382,0
5996.37075365286,6.507247593939736,1229.7639373739019,12.287894783540413,3906.269709187055,48.528090719176284,6.267580293155795,62.40965598738532,0
9143.710821184333,9.799257153395299,144.85244169887415,15.435087839631313,1519.847857679797,39.13394411102011,3.9723815892978607,47.49212392789368,0
5165.188014087198,6.689764179917891,1529.1103869107994,17.145173866553193,2328.460939473924,57.29400099177812,7.472314960468094,51.90282909922422,0
15862.54493565222,6.557102930686739,1479.9188512779908,18.008178322420065,2505.2835876026925,58.62740955578357,4.4904856950559555,58.53060456051611,0
10373.032500477137,8.152196117533542,1489.7212252481095,14.184390941038549,1853.1809272611606,50.63362342951715,4.850442866077089,57.582447761547975,0
4900.361333008043,5.321815102639544,372.34019617209725,13.64288338352122,3277.808214677213,41.31861057331405,4.651108584582547,45.08736972338678,0
7600.900207657016,7.230824529745848,1152.096716092136,15.327214054956677,2872.109577717325,52.17552472752432,4.672357000785837,57.56594118506432,0
973.0699043542245,6.473137864126906,1377.2650310001814,17.022624454491794,1739.888484242057,31.959589008466835,-9.991628018580819,91.01917830641382,1
-1208.7859226097298,9.319869055664743,66.70925255432849,10.956859340642879,2097.3055899432084,47.034416678270546,6.225634466247914,50.79073857962613,0
4775.423647502848,10.556135962001784,1023.6821471951639,14.312456859171277,2278.322639789479,50.60366817504881,-0.2671209085941104,75.9751631717612,1
8196.78957269218,8.247427400014757,1534.8602524142118,18.74054042093165,1734.4670289732926,52.0656218776091,5.606608147808504,65.29101006673247,0
10253.651257468031,7.026218006762499,1497.928813483798,15.3994197373203,3252.8636109395275,49.320096713686254,-3.738827721322046,91.05935461957709,1
9077.578775391856,6.774905928394452,-160.47972258428592,22.25603007322063,2581.4436112323588,40.906455048633475,2.2337719047415128,56.726128910898424,0
12065.081954249219,8.970811992844382,-153.14479024445268,20.48676407458307,2827.344628732887,48.54683888875013,4.783976295207419,46.26279129509567,0
14817.770407918419,5.698967448256518,641.9381358750281,16.66176045118928,2138.500452491405,21.378354280787782,17.098754612848893,73.51553864583751,1
9874.453870485118,9.735598050231426,2076.7975947039176,14.329041336135711,399.7906396301232,50.44166407193867,2.0964619033617686,50.576227631595955,0
5244.777521357905,9.29789630242991,-201.3341856718232,11.696850852846108,2632.331185695899,50.22852610222069,5.536096885873933,40.17583759519063,0
13914.140795339137,7.295673207041872,795.6021558981649,15.704985916766226,2895.9033415575786,32.71070317142632,5.697701007124387,49.83335866702056,0
10096.39153107832,5.858830102258715,1202.445077531108,12.821546585173364,2308.8693733076075,44.827772164187884,3.4698289305928296,55.93105399357739,0
1719.3482038312195,10.320489707702976,520.5551095496598,13.712782597906662,2572.1112923336914,40.85168744209188,14.119295647340078,86.50536488977602,1
7464.186435458267,7.533720393780396,649.5161298031529,14.143569639986518,3543.557370089794,40.229620923158194,5.490269303017951,47.589457854060356,0
10317.967413747665,9.387706636199733,1041.6361606316557,16.134944376958774,2118.9987899628836,44.64722591889829,2.460684576470978,48.724920210908465,0
5086.4995080005465,7.0751089759702,-331.04687932267973,15.714933995345731,2677.867336967597,51.390588201958785,4.182948858006762,48.30106798332404,0
723.1440766218939,5.059675331333633,1156.3968366838471,16.63762722761929,3229.3293018903087,35.65168341083202,3.2423012722463955,67.66163413745805,1
2900.3520475333335,7.784406686797286,1219.819585878662,15.223274227900387,2310.115893464145,61.10276776276778,5.282601462138823,49.339780140539716,0
9192.169677853737,7.875923482754651,1530.421828607719,16.109103908070157,2517.5235993448923,56.83550200912445,2.897170173968309,34.306436572748055,0
9828.771668375766,9.469063695487021,-45.606186191909956,22.320834144328376,1751.6923017636973,43.36685211645276,3.6198897998193136,36.519657484549704,0
8928.917703036894,7.929423856546784,-397.69683651263256,14.40492672796179,2496.9788110019153,47.6525487814935,4.727577545849877,24.741683141953917,0
4343.7464513377745,9.571152778305613,178.1327172805926,13.941656962901527,3512.0084066347863,54.416996677838746,3.5097445493451405,48.86829351709937,0
3551.212797452844,5.672853502248667,1248.4668505722448,15.453270786921472,3324.152830802851,56.02915425306771,6.074649592321839,42.7034211770588,0
5421.458164925225,6.863829188925775,258.02834289478346,14.514289067473921,3289.4008117724816,30.94467308237542,9.207841476002077,71.59187198440218,1
8086.725729711311,8.872826649019059,1522.3898726804214,17.452279515800022,2044.1563085075527,33.21661612505281,-4.757917407817274,85.28777158908763,1
5425.132169403438,6.058691505992324,325.9180741607746,17.593737021978452,2092.5964200801563,39.84061530137962,4.403835518544229,27.722004426634182,0
12310.32211866913,5.79886168822453,1322.9570365416735,15.904653658628042,2365.9402202780393,33.30269512714479,-2.8651263075859,83.18142314696372,1
9331.651015342934,7.762985361680753,668.9918371693514,15.508314248246336,2140.3709653205087,57.10757544286844,4.427663101166423,60.38654287319735,0
10666.81973103617,4.459035902581103,907.5232459337127,15.35379929390244,1788.009254268727,56.93925151804444,8.158630663197572,71.24218724947245,1
7624.306503680224,10.710150558800061,747.672061164765,17.52363341364647,2876.788159943436,36.72980299931175,4.15060347548839,58.572915041230154,0
17461.196606263165,10.039995325296623,1185.1937194941543,16.41478433201072,1814.4320617761148,58.45304563471828,-13.031545098475053,83.47410477695102,1
-1914.7125922626474,7.534981928563995,1466.3483127406391,17.342383432817435,4066.3693414118998,44.566224502255196,4.940598486051654,59.94518116028477,0
8642.161279237114,5.141804249180042,1114.1367631450025,15.019286323936951,1655.2834186502855,55.561328140946046,4.922429794547137,54.265679117836775,0
15438.37472693644,7.37609247823659,-269.2573840888423,16.98911543185902,2516.3976004820934,51.14871860383594,5.819298722151524,36.27208750253591,0
11098.249717987435,7.988895940514429,1064.8865837626677,13.05739401130111,2330.7855555695182,55.76179213524326,3.667564209042715,51.394151593464066,0
11390.148666589408,9.972709931086783,1271.1417146807878,12.653705825399749,2158.2384617348907,30.449912542788617,11.056698728386237,94.69643886658424,1
8317.923230583234,6.503927306096435,857.1439224248344,11.528364901364792,4166.76550723779,38.3451389740157,2.7631246895292714,59.08889036369287,0
7081.450634181431,5.593504458442471,8.63483626495838,15.721825068642827,3490.709789002619,47.269563882719524,4.122047505054306,55.0200188906656,0
9216.644037845179,6.794640755837947,505.5045421421438,19.350369850979206,1831.2224649095567,34.56960067763411,-1.0288804388675103,92.18257922619726,1
10529.383332150337,5.846240077497459,674.9691458277642,13.96778660494822,3072.0911185818836,45.550683444624,3.571632186074244,48.642043597429854,0
10171.81718676805,9.094417642095507,130.05029621363167,10.307675392272522,2094.8640019648305,43.842343206097155,3.8551123453154235,58.35969924272277,0
9241.078047706455,6.863136628426166,1786.9016506756825,15.709297475530219,2505.382983942289,44.50116452513365,4.939375831158819,63.34482350743504,0
10531.317369458944,6.848292805775591,516.4059844202479,17.640361307448458,2963.3568180151033,46.346969714224755,4.106332259187888,34.32227652410225,0
12952.423150612609,8.473071903176264,525.0642732371026,12.666931424364973,4003.5722352298853,55.70420680346359,4.727200843416199,41.673927802611516,0
6381.157780939431,10.631621138947988,1741.331109266145,17.080660755566335,1812.2628647971828,44.45214312250382,15.574191823824282,81.209954343635,1
11793.848107746966,3.1111118077517457,604.1969588563505,17.60142824446482,1744.7745639792442,22.071262677954703,17.89632329301116,82.99150972957446,1
12277.23390401361,4.395808525013947,1140.09938404712,21.981676632573567,2183.7961318621897,21.911561579970016,-8.770019227815474,76.37665541725137,1
8538.200200061196,6.083540708448094,207.98255976758333,17.049819773713935,2440.4932273498634,54.317789437906455,5.244995934347839,63.706959889049756,0
3315.142875250056,9.32806381406779,1641.8105280521695,18.312208026376588,3841.9099793775817,52.65571142853243,5.926169959804229,48.393351516252785,0
6600.095255086131,9.400129494995515,1558.7044846711506,16.06501270220967,2593.726707756814,30.342466069225374,3.5376468993083137,77.80378159268396,1
1127.65882722264,7.814461690496724,-224.9423944963612,16.012165241787677,3721.641286396347,51.92860863042636,3.0409872206095576,53.98232784692272,0
12483.494636768835,7.496350834311934,-63.61658473437569,17.598533471465053,1710.502768947592,50.876929682261434,23.3876522322982,98.51154062019116,1
14511.856781791645,8.735507745061456,693.8776787295371,18.969966900213237,2646.465884739083,60.10831208637207,5.556968224181066,77.43112872463746,0
10944.982193629547,8.15825428264242,-751.1175722430432,19.15004440849389,2331.1253754175013,38.58547713879228,6.134428907968646,91.75440644955864,1
12384.65882220693,2.664135852030233,-419.21704460350963,14.099461689348278,2689.270237244589,48.376253254816916,4.498113831152167,36.616581746780604,0
8225.194248728047,6.490046530433741,532.1992482368298,20.43906993602775,2492.502569302321,56.99791697264206,4.299792398767295,41.139606116140925,0
5047.334746541073,5.89042424625518,960.4469266856026,14.496426550254522,3228.005220662635,42.274656689222155,4.111621146349007,50.86694571485534,0
-2746.54026690285,10.112769008961411,983.7728631903681,20.13735882723844,3979.468162720554,40.27249745619279,2.855692092950537,60.62572005733362,0
3387.3477096644237,7.321193419409966,953.8813294583181,16.186010842170145,2832.3075267684944,27.05718152864965,14.67530516400679,76.56924069258602,1
5585.290458996331,6.596366246116704,511.0391714394212,18.128234349533244,2305.8994105995553,68.99573026627193,3.8726625401205945,46.833165120365905,0
8833.494348268003,6.938717460870758,350.6005651369997,15.378207405773896,2760.010315096208,57.67402701159231,3.268757702933712,41.17402713856487,0
13909.502221418985,6.6570620819040975,544.1398506891983,17.645673330228423,1193.4606696620663,50.187081001249446,5.699257135671347,51.000486277777455,0
11664.92428051465,9.100220010043241,-690.2027523247096,15.225963693865673,2182.4918482871453,43.08662336660828,5.031074914827369,69.5466254346249,0
12532.887540903144,9.677674090188322,283.3107636314317,16.875002247433997,2986.705535935718,57.068996391767776,6.138394497930985,42.8186234123727,0
7141.368733876961,6.553887584004691,928.0342686410396,17.866020666640285,3333.854664712856,35.95918374983071,5.227709674069396,48.37043689194159,0
21476.537111952475,8.555279319675481,801.6581108790165,15.609637330137225,2981.389791855895,32.85942229367983,34.113186517578356,98.87166061671248,1
11444.087522332073,5.679614444372787,837.3656385393946,16.20821757046636,2971.9716162285367,53.37575057146766,4.090175501993634,53.929073590143915,0
8255.837344122949,7.579662596437712,675.0532584010089,12.238978661909394,2493.984049228819,34.275948526821026,19.227211798231124,81.96511926001214,1
10804.642851117425,6.3219802548286586,1324.3419392407525,14.626698184042553,2383.7056113949575,46.62239452156204,4.9629857837186675,54.24548599719669,0
19577.193777548924,8.618523678852203,1624.1487400891433,15.337627702189595,3270.297071901665,40.95583635173631,3.407761552526507,52.578616172949594,0
10221.85596239948,6.705174521060252,782.9099608783162,13.791247269660555,2707.546449825146,49.58041840280705,3.528287350080081,50.18777723387947,0
15920.451812293511,6.059574227257629,1405.2833548866154,15.07602416568518,2777.4060756139825,44.02749318184071,2.3434275988450746,25.138334322786434,0
3279.868490865105,5.628802188065554,960.3314572454559,15.460651323724553,2652.0656239764908,53.81836807047539,3.7442102349043083,41.717942943407024,0
7450.381439306367,6.127900943952842,-389.22969471945805,19.55893078519594,2408.00409608008,52.094857657965804,5.1204003630167225,54.35415652730941,0
-2666.172554896013,10.061510521962003,548.4356400348076,15.527800585159225,2216.2530642319794,37.73088858529889,-0.27010230204903873,73.5363232965403,1
8463.45380020985,7.912721032025164,-556.553115874587,9.705692119959522,3535.3846498049993,54.07236115837715,5.291282147818194,64.90143595883477,0
11639.71635877015,8.609148480513285,-274.0384073635647,14.609336520787702,2232.079300278052,47.4105379676705,3.60194018317076,43.09662937551654,0
2421.778359894319,7.276054391544537,560.5083960554201,19.016904372579823,2981.122760889271,44.10190658886431,5.138539361023658,42.3391954385307,0
2313.3156536731767,8.178058861845273,1728.1867047700478,18.304129822608335,2129.387011010961,48.12873611644085,4.558401651795303,61.651571238945216,0
20439.0252778352,7.146093316380754,1712.4535080320234,15.335424457267044,2339.392587438429,43.86504379905671,4.471354838028657,49.85029581969046,0
4277.816297427221,8.848356808744352,1232.3205610986001,12.13289713592856,3071.0823254288593,40.857674440028795,1.1595405314422815,46.03303820034793,0
-2744.115021139258,7.373325483619523,764.8904159604649,14.359351253242343,3069.4868848160627,53.19203807395082,3.8840242931932067,52.516538689865534,0
9169.078339993737,7.238299890024719,862.7577230123027,10.525907439738756,3303.1127060976983,36.769592497398335,9.69752955127549,95.09701819187646,1
5385.707399876506,4.947340285669992,1586.8688435034528,14.75249950889463,2996.7156494854376,20.679803687791214,11.206139719478557,69.05454024881,1
15182.960037984674,7.87217329730824,1217.3723173156668,16.295179005571086,2409.8119808892266,48.59713460484127,4.847603774565769,49.95747903280058,0
14636.614361754131,7.085236365158628,-93.22503526775074,15.297182582936808,3237.2868769687498,55.65564007936434,3.9061077654116376,55.98092272777455,0
5307.637919786644,7.2548733498292455,679.6610225382451,17.283971867289207,3371.929372260902,35.287286924713044,5.819931935504326,77.39843220373325,1
5606.181034610341,5.831562531704029,526.3677205924274,15.788290048449893,2748.894561778452,14.771238427709108,15.098565050594598,96.65679080513895,1
9816.209455938333,7.597343405485669,395.66120245700125,16.780631002720522,3518.282551137899,40.95906694104841,4.031678962882058,46.71890711639759,0
10857.432233793363,6.0727590169252235,82.05704530325954,14.895276399360567,4969.8345098924365,16.211430862568506,21.50646686857405,99.97844773627145,1
16955.915488753126,4.478367297237785,220.8099788828457,13.001870018901894,2647.7764358677364,50.68271820635915,3.9948797224994808,55.54632200640681,0
-1046.140711021677,11.486896270019072,596.0318248213497,17.450328329187,2084.15007784172,59.474395449253805,3.7556828439987857,56.76888204480716,0
9196.334725124512,7.142252413811186,2083.3096969723465,15.187808036088093,2311.545835152297,48.01399108911125,4.353785266426757,44.08354184657554,0
13131.631577621998,10.416011028628047,764.2630859489701,15.50665098769558,3088.6820109157206,53.12137754304068,5.869745493985525,50.6307767542924,0
9798.773964042388,9.078444505997274,360.7274974803296,16.1629175608989,3415.840159375529,43.89514917243619,4.150774232297647,44.06270806314258,0
4173.10655817236,5.915642973277001,-867.9985329801151,18.341724912583434,1677.2300710335821,35.39590312812232,6.613802272190403,52.73521567475017,0
8399.902588977384,5.546965587480031,275.17828891677516,13.685071756768599,1926.6626049039469,47.38139539942083,3.0978109294808798,79.79854516737147,0
2969.562577139922,8.893541138101044,1247.7439057501815,10.556281248063991,2403.662191565095,62.06466280115217,4.313029101381712,37.409972730318486,0
4398.79940687045,8.008398658851934,983.3480947050275,14.815189853386558,2856.111234164938,50.452061395434136,4.195631455328998,45.33144589600081,0
10305.656907153601,8.790590340779692,842.9568673730497,16.99920250899995,2810.127151621067,47.3418183899993,5.943855338750742,61.285940674785806,0
20177.446103084607,8.406835658103049,1003.7398932330186,13.438309305459837,3096.055686074487,68.94667633920349,1.6222042856989227,74.26085613853053,0
12749.586698115101,7.767847934464374,136.295954071011,15.466041477548185,2251.8436638377157,16.630168387748544,16.228789499187865,80.4494895702071,1
11778.050021415349,6.679258668565701,-537.9589893894162,18.864607260189988,3350.0436204457874,51.42972099468762,4.67005414838101,59.41256396668919,0
2883.1282340114794,9.599609551278464,955.3405760407609,17.86779276592318,3513.5672716555673,44.70451856066058,4.891915151899627,50.136529120750566,0
11574.597546639501,8.284330202989283,561.7357740049237,17.435343098935203,3050.0297309190837,52.4535755362387,3.865858802519531,34.60374305794039,0
5035.184147569641,6.393429403894244,589.2988878684855,21.881118673953445,2258.467249642605,74.7727111691404,4.7935176835790605,32.78952874370337,0
11648.63823540812,6.241997179688825,642.976220324095,19.495788084585243,2100.661835717332,25.80189386849093,-3.0762893023480604,74.63795719459836,1
5165.346724846435,6.966634443582291,117.081134953115,11.885347817950425,3157.1180836910135,51.34145066759392,3.064392120947746,46.719296296353235,0
6884.772963743194,8.348515568511448,852.2079490746304,14.702205804387978,3242.1381112315385,41.435934922916644,3.49386209892291,30.69166399275917,0
9916.348185200472,5.149885487782045,-226.29391786534984,17.956979957737598,2454.8196540233803,48.06169521457289,3.73857441187927,44.11307475308008,0
7651.713874027646,9.073148238516623,934.9272053730828,22.428443275176235,2202.6233852656983,52.866398519462145,7.704810449835678,33.4706543762704,0
4257.898869108138,7.554112097217918,-144.51617569056896,19.79992372393481,2534.0091315719174,46.33746424327852,4.235748564439107,52.8483969535545,0
10460.228800231354,8.158308644549434,1039.735412199173,18.87746902059888,2597.616657213985,61.488714769456124,3.6055280015547244,71.15770809562984,0
15028.71451387736,8.096178455367454,679.129649832454,17.261447188238204,2660.2349597281095,40.060642609340704,4.175056203625124,35.201350944911866,0
6179.131079998615,10.873130517611235,351.0174424208072,23.06760871827122,2754.7455291968968,32.49115820417631,7.5743180243966695,83.3776031993531,1
8988.132939242336,8.364847575853343,303.01252630619865,16.70494053763078,2798.5265069477196,67.47384481403921,4.053292175849155,61.97494516564363,0
11344.25426221477,7.671537395255554,335.70008913441984,17.928491861514548,2177.6560140771426,39.126389850693414,2.870761527758938,39.11372279326375,0
10314.17174633262,6.989809885832915,1396.227543716684,13.155377402911213,1986.5015578373232,59.33832573907024,6.1449502005669325,66.84170406340633,0
11339.61471038194,7.615265790291572,1452.9523116726914,15.693828655161164,2311.220049139308,55.66233291324014,6.079319342220577,54.89811254794013,0
20762.6443068425,4.886696404738943,1683.4708665167313,17.78344824266971,2702.6660349956383,61.334672657110424,2.3735666058911495,57.769218547601916,0
10990.137865844026,8.7361694372835,538.0850046926788,15.410039945923456,3347.7314400604073,42.55067791378432,4.1919194358239364,37.90577546108166,0
18194.225959208874,8.47274253392968,777.7331902015369,17.206366135918962,2900.1103460436293,53.948298353630136,5.750000079700021,47.98892204710574,0
11980.063399022296,7.396745345886751,14.714594608445623,17.581928126627428,2596.5588650496125,26.24955305572029,11.349709813196972,84.74919873793804,1
7147.469498138469,5.49062453619834,1020.8449080789422,11.990450533953483,1868.5158272093781,61.67328795350953,3.058157526312856,62.186081743344964,0
5250.752893986686,5.999262710497039,1805.4765694550292,12.217519341626447,1977.2926126056045,58.03944235254306,3.7018711547774337,38.04530283334488,0
5833.838713945157,9.664022145831808,66.12935874065806,16.84075631137048,2649.538937276441,36.546399586263476,4.0937694877182285,92.43192019144855,1
8599.485162282817,7.277007424213316,1237.486368617056,22.310969157502722,3218.810934819495,51.22822765800281,4.81284739436553,39.20838183095508,0
1506.0299373266516,7.151878255181513,199.66934458959457,20.36691169263926,1799.2859408894255,34.621493091898834,3.937875498723731,86.59573957406657,1
1210.2525386408724,8.50015627566247,545.0812149065541,14.528622101959492,2476.9579740265544,36.91767783942758,5.907473134357774,53.77639571786641,0
8911.67650772078,4.333958648063467,1114.8494428850022,17.589743837789847,2832.649844432278,56.02570757132926,1.1180348565573857,43.951256009908164,0
20285.292404472813,8.262400979185237,1538.5025089320106,17.53796482821708,3538.0832237996306,68.752430230661,3.517829896643798,41.228660615525754,0
14297.570366946658,5.682514299164076,8.07100987344461,16.073530558729114,3013.2285609817636,37.77553970159862,8.057531034927731,85.79976576957259,1
18293.57947609327,7.856563444275406,1222.5583464661504,15.290100146555853,2997.451806797321,51.521687674742736,3.9052214965447916,45.4099553977709,0
13890.293903537098,6.057568368308728,1159.4847106645414,16.48472835947853,3249.3737317640416,51.05400087797833,3.429042038741211,75.89389717389048,0
8479.902303149885,6.213691046048497,1444.712537739599,16.23316517545588,2953.9304634917307,49.28531307623163,5.951437681363522,55.662707080586884,0
17925.842890800202,8.380101562323315,566.3709280571791,17.84159082682882,1530.2216681278253,51.12373580587885,2.7250928542829738,41.54066359897031,0
7121.297722109017,6.801031735370887,803.2191639912028,12.217119233861833,3493.590635333331,42.20261523552609,26.04430900516641,82.37041223863027,1
10865.0200480659,4.104852638984016,759.4936351551369,11.345066670760087,3466.58861797794,54.05227513108734,2.343610023264719,51.388639892005486,0
1721.4821013628289,8.376748809704983,1512.9262902077062,13.844527249196677,1524.2665294307449,44.9296908337776,3.2514392305325206,49.22710499850618,0
-711.3210989734562,7.02105050350393,1161.7337599544562,16.512238854158795,3034.921057992119,38.527496086255134,21.6474533796822,88.43383452990732,1
132.87124763946122,7.004340836506399,1303.0179646292204,16.18784508350516,1993.4663551000942,56.578738389500415,4.582588389245579,53.995845532077595,0
23383.818222195223,10.353447955344409,-598.2526442568661,17.395996475381303,2884.8092183368067,53.07328142373982,3.1104795603224327,51.55675387688387,0
9602.693060753445,7.006959100294879,138.55803807228193,20.41849136823807,2953.067399791278,43.6540327000224,15.13522667904823,81.79127813778956,1
4390.552682887508,8.257190180564582,431.1420707654245,17.972774927886036,2263.6038905031182,46.932656464248545,5.151005075597419,60.06250799432715,0
10656.830726107026,7.053589910679401,1472.7831243632036,19.118501870045655,1256.8174162823564,50.314846039953565,4.313093629700148,46.99164713044968,0
6348.2424300988205,3.881125186747677,686.8900751205454,18.71792339939114,3533.6657644860056,58.8891617216357,6.378545591950934,63.05645561840047,0
5520.278880520041,7.437362025050566,482.5041060922583,18.964481244052006,3158.711694200805,51.16808487820582,6.3092492391760375,69.69656684951096,0
1190.6115020389962,9.525650581299809,952.8058846774351,18.300777237511966,1621.0695895181043,35.72050850186656,-4.128170026609979,74.20240123275977,1
8623.446463550179,7.464316500116081,1471.7690189249547,12.481911391186955,3032.548607451176,42.78146276324366,5.17783695858715,42.39807678259101,0
8113.2029705816585,4.118359276013043,389.26111647156256,17.763842497264314,3867.2246521344787,48.105183607022575,4.699222617449487,52.45528172056168,0
2155.327201395722,7.268568647292424,521.4721369761046,16.408816557776166,1826.818094171525,30.86414488355088,1.8122500435606548,62.88210471066083,0
4518.821680985727,6.248180698892227,818.8764134346319,18.14842338986136,2701.7854276192043,50.91006146784222,4.541705373950218,59.9578351015749,0
22748.530370132165,5.882835365788176,978.8623687634271,15.946721726348718,2640.6016781157027,50.64899666734802,3.2954546214436364,51.93921946481535,0
8596.821749998822,8.153476731140076,231.5244525438173,16.386152858532718,2165.337295261778,33.03530775448475,20.45507582117459,83.35555854639598,1
5560.666584533918,5.066461739804382,811.3876794549892,20.09210560561258,2379.2546298360567,59.26933618673041,4.310016464885546,49.355778004228114,0
9120.401383025275,9.746733727940528,2035.6707473662773,17.09610807611911,2431.5273675036574,47.4474966417224,4.541723097713348,42.67717589569798,0
6199.1067065667485,9.75957610601756,201.81161101011406,16.771661277441396,2802.98775680638,15.944266470274698,2.5739712889767983,72.61585295197122,1
5448.963983783302,7.455412891623621,1555.4084368796025,12.406961767430118,2207.9574837413625,59.54593820113145,2.4323447648505225,67.51409073748911,0
6514.111124872635,9.171908066641752,833.258217428268,19.008977361608324,1989.8412677220324,48.187796851467894,-1.9602774598961314,65.76839722851435,1
9525.02803919936,7.889081278606655,1560.135101440949,18.304321705946116,2730.3242760439657,34.33860447953526,5.8582838104635595,85.74722941075262,1
14021.884347466555,8.727199553961434,1023.3785588794867,18.35816157746048,2243.4886892375334,21.454003389273577,6.979364588007511,74.77497658117183,1
9256.511138172315,9.094037741107194,-123.09739737939788,15.147492718695236,2034.466852950939,43.19993396191691,4.573612397089036,55.763560176138085,0
9565.479420625514,6.885253518139636,608.4978798002503,17.45965447300003,3344.7748578007513,60.58038770265328,2.863914903194983,57.73131863803225,0
11102.548301705378,6.9708889154979845,444.2248638017125,19.59701505397687,986.7963501817128,53.59154174554398,3.2293703893704064,61.0317393879364,0
21734.804232216185,6.849179618199958,951.037682249576,15.103458270381752,2498.3464109560578,28.56012411228425,4.596856472071736,50.057851148266536,0
5964.77065129551,9.31174420614177,1126.1376030034994,10.350104812812503,3606.208975875628,55.60904960570335,3.7521836216303233,40.98434504696484,0
5296.098120417202,5.417315450081318,776.3322605840498,15.008540364182158,2806.791211466997,44.6952626093969,3.3939385962217017,43.9687991177388,0
7288.21264482653,7.549129549771031,1019.4678168450885,16.54469112209623,1810.4366192931025,41.19886066983172,4.410074913931532,46.32136706303516,0
17557.04618105411,6.702420027908396,-305.59882627881086,16.49828723783869,3064.3184167292834,52.797982521983855,4.031635021065961,37.73439420098035,0
8651.024106481094,6.236391933298109,1105.5739108783516,17.457357837415568,2743.8386671112717,25.962512820893444,-6.586632677585911,88.02501153693369,1
3493.085939171364,7.9070612682830905,1392.8120886696147,16.160562965303576,2200.388408579321,49.026101969730995,4.6130117630083705,47.55682961360351,0
1252.6474062874795,5.814418029553569,657.9377826217185,13.662064497199255,2232.6805914164247,49.63964417235877,1.5974694395166953,44.89222808095528,0
9173.318537111834,7.758736951128441,999.224370179335,21.51942316480452,1903.862158739235,52.18648999668132,5.9048145464478,47.04798746897304,0
12874.259661074178,6.697544060668279,-174.96357124575206,18.559604498559686,1697.1542441274962,49.586416484998146,3.5928296504219857,48.024713957087855,0
-454.2151958238301,7.249170529029669,1004.5315759477159,17.90219849097085,2695.547976349188,37.325379377212826,4.972054013363655,45.68820279650427,0
9116.572069839822,6.273435533630204,1665.166878192997,14.002691264351055,1743.0746768446015,62.91826603397862,3.0156560898685854,59.01619448924745,0
13597.38498110678,8.22747885850964,1474.267645678753,17.026678075379102,2782.880661341595,37.96681175241617,5.0134054326432524,44.65249195409085,0
14076.711247135883,7.898148340658491,577.6688852882328,16.092947799300635,3713.1477525338655,53.15715266685333,3.838971035605606,43.85809581874507,0
9868.811254535482,6.055508025824379,532.2311087026004,14.526090632313664,3372.7840890585194,24.335665249348235,2.8656708601920347,59.94687603183937,1
2296.09306815169,11.089685145145172,1324.6571654496252,15.950408522899906,3125.700691797154,41.87769163796706,-1.401945732223428,75.65549800351553,1
14482.131509706613,9.332136332854976,1219.4002150123583,17.297648095138992,3485.851481651339,59.567535259482455,7.153599634321839,50.712313974590145,0
3573.916481854374,7.971673663730363,1680.886982035938,18.17495742192862,1889.5710505143466,55.032683272112,4.5231111708374545,45.9098215218506,0
1781.544577839065,9.085556644147267,1138.4714386591452,12.1743122429037,1995.6318600557322,58.22307113146728,5.590134198774927,68.062822963826,0
6373.924685019032,7.173495865891871,1072.7744572286244,20.656265164883497,2516.488422090918,56.28813832651367,5.8889063351925905,55.248649917251285,0
12389.650001787504,5.898208056892764,781.7910106368007,14.82253707201791,2720.008187410932,65.69654689518822,3.3503047444303675,45.915004818437936,0
12690.410165023855,3.1918372669475126,-445.4005725232329,13.89084394539376,821.3541751669754,54.48609014404458,4.261677413575819,52.22387814134697,0
4590.662865763822,6.456580604363904,537.9462423518473,15.392353874252807,2205.276016301169,37.957766590708474,5.6488918142786275,48.63903541318351,0
6497.265969783562,10.43891600968406,948.7643195543999,18.01533424885925,3028.4753324313347,44.90615552713554,5.195398485120774,63.57341495716284,0
13560.103708228411,6.296504665202452,561.629174973704,22.917130220646122,1443.6258077726823,41.90782326480633,6.882787893185767,88.45843844684688,1
5317.822093844139,6.344838652739003,858.6218218752823,16.829678797447706,2387.1951876912485,49.976678788681646,5.05846089218301,47.76330725802084,0
11848.772862194943,9.681278175321241,402.1354293680444,20.387948504556018,2205.032929950732,54.222389753134635,7.56118664141803,91.64733042113315,1
2806.7073515681586,7.004900277909055,863.1397743440959,16.258383143319154,1221.0332490981525,30.498765267061085,14.897224864874275,62.53270633483908,1
7710.389523199425,2.943827885394872,-586.2615066446557,17.114984018435287,2540.573880933385,51.34153227887649,4.102087465282145,56.9857548086202,0
2094.7363486972254,7.7158280817104234,972.3005378358665,16.225308533757104,2102.7923755840343,48.816090019817175,7.177795602242959,34.94428658980316,0
5216.66517512472,8.832399877085827,876.1858817665632,14.561214009517743,1537.405465862783,55.90852831361649,4.2078227164405195,46.33880310624653,0
3306.5905395815244,6.130577113410247,-48.41753328607183,13.19894419451693,1927.9321512962179,45.58787415917615,3.444192832678816,39.57825192901556,0
3589.547293577054,7.940865630795714,492.13520457766003,19.16039641761941,3422.930543612206,44.20491867902264,4.778003926822472,47.776058489203436,0
1475.2016036989826,6.975259018573176,1203.075794406854,15.70611054984251,653.2470536820915,54.90307257410547,3.7572198589366526,65.15176393443556,0
4020.7457330685984,8.481004820210261,789.0381911353444,13.6724770462751,2213.9674594071553,41.664904540181055,6.030926184909987,49.19038575263227,0
7941.515984509792,7.374693169955956,459.2164845951554,13.192217227247443,2002.5413916017014,48.42115875732269,2.693913750895436,69.39691442728385,0
6151.680390498159,5.606048545508048,177.3064445281192,17.344505365759563,2301.5395515748037,44.91041247038297,4.277341758488576,41.65805906126217,0
11560.596330143999,9.009423267143926,331.01593077116917,11.238729979951053,1264.9124807444396,60.38667591820334,4.193752638672451,43.54091826737704,0
2764.514120209821,5.430495631223733,1337.9552742697292,15.240652979099693,2565.809436846278,62.45749305901406,5.87702473995869,39.57416846466174,0
10550.970671815905,8.22685673720534,1422.1577611161515,14.49781338647518,2260.757499724812,49.874496265944494,6.175917415467813,49.5082586997291,0
13184.347158329376,5.747064534296029,-131.8522951306502,13.439171700566424,1673.8228214361052,51.844332694805836,5.730161525469097,47.183116792108706,0
14289.786285268576,8.279771683570706,573.284136195078,16.03866816726796,3012.9575438874535,50.96945721520542,3.5070278984858048,48.772285743131896,0
13968.215811083368,10.097330131128746,1066.3209818547953,17.37198350622433,494.71167113284764,53.8617020844491,6.8367650746676105,41.28489405666843,0
12961.690704667133,6.339394725018138,585.5111075550836,14.161767940895839,2307.163032877819,25.70073390130839,-14.948892939584269,71.78713204279829,1
8051.3895092184275,5.4345876925795515,602.0125544716847,15.065983683929925,1907.3865775030235,45.52946966610564,5.839716898538649,56.942110429452256,0
7141.152912274783,7.9834710208351884,1383.37436483081,18.078470019199404,1417.7114689315563,62.759361664688115,5.6854013055695924,55.44612504184037,0
6913.875898289862,10.137621488769724,1189.6249218001929,16.827038038292205,1563.4946416188295,26.91754507011976,6.298016564125636,91.15124315494968,1
6441.349587540773,5.772256246892846,1894.6568333908594,17.48807221620952,2758.3113575477432,47.57525824246619,3.9348122276831963,41.87530167707666,0
5249.7035374861425,7.856619191504168,603.8628228646234,18.221940439872462,2274.0721773756586,48.197214930295935,3.8038035334505764,49.52402754881493,0
19926.757216105238,6.660600031746068,861.4542400444761,18.252951539658632,2528.204194082286,48.13538246359342,4.347404644447042,59.510213361781545,0
8502.79719018393,8.019516995986534,-72.25199713754603,15.999917330806902,3254.0004300334294,28.95380279482793,3.2508858991715774,75.4816327179648,1
12442.86604644054,6.861990970857181,799.1820419689598,12.100662555025444,2206.7296515556995,44.21541516070285,6.345918769094442,54.71080404096887,0
2567.493061163368,5.960347197780014,-264.56512862748275,18.13215114954188,1994.2023971227018,25.950220080991905,15.798197674916882,85.57786723886163,1
7407.445983331535,7.395794893369348,743.2606722558181,17.384402263868548,3098.6619942784773,44.66989290911367,3.045878151012763,58.215388173082104,0
8835.518794575784,8.90732218644143,-430.1687533382825,16.74586507383387,2081.18148686537,46.09353770630807,7.0967715999618965,58.29223585637112,0
10454.933051981989,6.791526644975788,433.89432945142795,13.369640857609113,3598.8696093993294,56.576886778262505,6.699736978078139,63.11602029723922,0
4489.990032171014,8.267611890317037,-102.04185366406989,15.53911278883498,3732.284988921139,60.4815588484344,4.520620620462633,59.626072740766524,0
11356.814573730482,7.483829543329881,920.367814968324,19.186640730438597,2600.3042556548285,53.65198428200517,3.2998332945120517,52.905803478745376,0
5733.835238868279,6.780851742475968,926.4744597593287,16.092246161544036,1581.6473134034331,48.75908419298973,-2.570308648525259,95.81375969171434,1
947.5065610302045,5.618965110200197,1693.2576132020945,13.645104855082586,1849.9081971350563,44.96500631034836,6.677579000787693,52.789230971674435,0
14743.60707504718,7.1606593566815615,684.902610978975,14.908175226163731,2126.6563541786927,44.88747733734387,5.1760852325376625,42.04824987586166,0
10196.7171369557,6.735452086518197,178.22803739179415,13.541656277651557,1534.8809079066837,67.33567413797573,5.501987312854303,41.95862311839311,0
18207.757513487388,8.502928885434054,-792.9294003721462,15.565609257782608,2896.5364280514905,39.33426356839203,4.1923732285762245,46.05320291339497,0
12259.378682650182,7.528249057099148,2625.6888165884898,23.696381920826596,3148.266173766586,47.43500418954551,6.128074188854545,62.409391873848065,0
5340.114960536159,7.283470441456196,463.63679321359933,14.059124660285814,2818.621866773736,61.86266293108726,4.284956814817031,44.439474425205965,0
13740.680621606492,7.252163562305471,69.12095989306636,18.32574054972521,2498.570450288803,56.341921410446176,4.7368421546816295,55.789130237729,0
3752.367128557833,5.5385102187968425,252.2251413070545,16.981493515326903,1766.765686188126,24.95890592793881,6.048654169786584,71.9072408061276,1
6487.239050960804,8.537697619874256,536.457094899747,15.44424525838123,2134.976416401031,48.2376206283529,23.891321279295333,69.89670212403466,1
8645.67551441476,8.117360861632458,524.2353552752704,19.19755712535375,3090.698239559348,42.33907881864624,5.744038653370477,85.11643063469575,1
10134.371109974072,7.084276384780479,1047.137365265828,15.968320582320299,2304.465118942336,54.74373155089295,-13.849218907610116,77.83793082216674,1
8584.29214504633,8.50744861190063,72.00828832779348,17.645363434470717,1752.7789643195633,35.200013221509245,4.070351635532559,71.25158722766781,1
12135.154266288948,6.690641718973316,11.969957477988942,12.073540104136473,3625.1175728587386,38.0701773488763,3.294791685240492,40.53959981748447,0
1934.4391026022786,8.711483105551606,1001.6747577192975,14.612568751045997,1715.1253507529323,50.747667934130824,5.8835210123697275,70.22212562972086,0
4560.765207494316,9.482408329592573,811.3083560368552,17.943280085964357,3513.8023888331063,46.13217492004498,5.320925989121689,53.18255246583427,0
9939.713713221714,4.761085444988234,-225.6136093638255,17.262708685024155,2964.149543710825,32.39351150105078,5.186776723081778,97.01325106456653,1
8693.767817116823,6.091529012677826,1510.8262795264384,18.827513929262615,1376.6668072855705,60.76700002542174,4.9852897848857,42.16691243274936,0
8079.094073314071,8.261581973493465,286.1475503204793,11.100600112013776,2282.66659320846,42.4481198772169,2.6613338553116264,37.17443306994713,0
10939.578608703952,8.424710992187736,100.32190194638372,10.779055399698564,2420.021793599407,51.330710927605246,3.5772481047902494,49.021075948278636,0
6368.982635641455,7.107636078992389,1401.910312149124,18.118350223799666,1395.8441671304045,60.80795124582013,3.5312666759875553,53.36321809621686,0
139.1915913412704,8.399735943317244,1013.7449227134213,15.389561673439863,2814.1356407332078,63.37633418433857,5.4461987368212235,32.686754211236845,0
11150.039753533503,7.872103931230745,300.9275628771785,20.142976188340626,1956.5412836388318,55.54958364010516,4.724312463065397,42.96263043275037,0
4389.482824347031,4.588665784096155,2316.532706410014,15.507830626021871,2978.6523641902554,50.99894088156383,4.004736864966283,55.66465484109534,0
9789.262242758938,7.102046758648335,696.6598387347275,15.783258041676763,2800.4580587171276,48.174789205694125,4.238813854634261,46.3675081774717,0
6733.120234570331,7.199020782911692,1714.3040158853337,15.36265419296259,3776.990817892288,40.36536138256832,3.2387496596559675,56.14547237650868,0
11954.846716766026,6.473599870178665,877.4312624745269,18.649599432376633,2423.1448224670876,60.5403265521392,3.7264534427058322,43.541510117059815,0
8780.967137955124,6.139609510964673,1495.2184093722876,18.049486766879635,2797.3438875676375,54.303869377207526,5.305511599292825,48.428215000698316,0
15201.528327413127,9.904814117674682,302.7899903746067,12.501716376193574,2420.2072259978463,51.26946658894983,3.2644136931690966,54.46446783304778,0
8550.042887080139,8.613020795726438,174.4415982104539,21.26241013152641,2864.5029556728523,26.630439603011702,16.848016626956543,85.01716324234197,1
16260.202222179098,8.968708104468567,293.6611531855393,17.162022619557813,2741.000921576818,27.933782440437014,-15.095533126555914,80.64823898755441,1
10163.190779736547,9.982769714368633,1516.8360585323683,14.355626462901858,1705.5617293389791,54.84435186068466,3.5944747411280726,47.832849886135726,0
8613.08969244942,5.612489309236152,300.77457499207884,15.434876654408114,2806.826071659615,53.97105317223076,5.527998143843288,47.96843633666219,0
9852.74952080007,4.8115277033260915,176.51633167372484,18.462957736150155,2665.1615475786716,42.49637272924086,3.8175531520835357,57.25923611648402,0
7352.068860688178,8.012093962622691,939.9418983292983,12.687275781896957,2821.1056404751857,50.160110440012886,5.98458117057446,50.37092341936456,0
2701.9815306014343,8.603524746071768,787.0513105843935,15.284401492103306,1870.56423619405,20.525377429728405,17.98083664571886,104.75064639169304,1
9314.43173093224,7.956772175049332,656.380273983111,15.852863865300577,3435.6111868645526,48.17692569294475,2.951799102658252,37.43844725492613,0
9345.183916869146,7.948025665584287,1694.6026291207427,20.090851090450602,2414.57600380085,53.53825310664248,3.8528244916668255,58.78205565436645,0
18791.02183138284,6.868116307962662,689.0306724478461,20.58763007683143,3022.297197915389,27.741163382791964,4.688562739854668,70.6239222035269,1
8602.096250746503,5.407208815418365,474.28502218584725,15.749498468743493,2413.7856454257426,46.726039587430066,10.322177549706428,73.88985648239436,1
10858.307558232373,8.07117420244547,726.3357635290508,10.714701811181904,2722.21880184597,52.356614404322556,4.463288322923093,52.961845539884635,0
9059.218897768058,6.907979941526531,315.54839109670564,14.350442086470286,2589.2128920635296,37.795080559638045,6.048510389540235,64.49292428403827,0
9265.781136243284,7.249848456802161,-47.79686391166274,13.461750927042358,1959.018573747378,49.912487584319315,5.428079779281133,38.218721046499454,0
13221.986648766,8.810925144497373,196.9026559557401,16.28172084950091,1921.1796116007363,39.76772553002604,10.316959138273536,86.94545551958183,1
12531.916628283752,9.477705200886556,-89.60950003886933,15.434785103758863,2644.299566282869,61.084601871531845,4.972951812520978,51.80910675225025,0
5246.263565422463,7.306272218057977,1468.026636053106,16.76780053567595,3104.311279795371,42.40003437184244,4.45453595877379,44.881315989064824,0
-641.8862152854472,7.3570865982514215,1227.0584741562734,20.060176524333677,2611.8066031199965,50.28674635886439,4.410217895579297,46.838837193695895,0
7120.533627163698,8.680711545822671,1632.0808634803398,15.26471634826623,3352.644868100377,43.34423113537175,4.327770396692452,57.98461338977883,0
17067.406353782702,6.996837698984215,45.465636309807905,16.226330910023293,2243.8040247001286,52.23857276755422,3.5639482102200577,49.30780592058482,0
22596.66899068281,10.316501058305422,1400.3989805916926,13.608294400570419,2672.8151550622,51.28548398500522,4.258694477279558,46.90671507225703,0
9674.024428611732,9.21099728644305,1404.468527340838,17.170572965275646,2678.6516366214723,53.079328389524704,14.277665661808035,66.40710948579836,1
2526.305202803791,7.064874649541549,877.0404670911809,20.325708522729602,2283.185830665368,41.95555223053002,3.6270411525195936,71.71993209494292,0
4299.461134531775,7.894701607734773,1965.5391595164738,19.546187209874336,3252.499202307119,47.78432724618268,2.8416446580155945,52.52927204213126,0
10545.885368581767,7.892751813659199,1396.7313738772052,14.275852060634644,2571.4766425648504,64.02700158979452,4.31288868302051,57.52436200817479,0
-275.44452978824484,3.7282093286757365,361.143668418613,15.795318225093773,3274.340502463491,65.43415997297026,3.3483211982004795,55.36824683955676,0
2289.325953983448,8.469092137136682,722.7847957649248,17.759349806446647,2824.9731997212943,32.39511467186647,5.673102333186795,78.28554256543225,1
13921.129489844592,5.41536858518384,1325.9510940092266,17.428771900722943,2279.6963001702175,48.716110237371495,4.256042106507834,43.84607674245123,0
10165.694599143764,8.142623253361299,983.7288330434815,15.56682383096367,1971.7995519652736,36.283390272029386,6.548406485143848,90.42139892635177,1
185.7607002117711,6.663290322542807,1432.196397958126,15.737041601537973,2821.8636943237216,42.637131069544594,5.566728006711645,55.90688044844191,0
7265.58830350319,9.014831600637283,650.3793466504991,14.112968355108453,2901.729422563996,33.21450029383038,4.271417162633873,34.54770885001329,0
11456.762535561593,4.883687044667912,1044.0047116706062,14.01385753135296,1363.7528865168633,48.670063421433355,2.863160202192823,49.77322474512659,0
3704.7210846346807,6.404480672130317,661.3623152775116,14.617994481252973,1475.721484240868,25.508823717200116,4.813313835909588,75.9790389550347,1
7410.151136331678,6.167679981570164,-626.784392908722,14.602972413011768,3444.2786627109167,43.578226270200666,4.819413438245016,27.606773334357747,0
-333.982658914927,11.07129716417909,902.605057846288,20.21039739147342,3050.778225253388,51.84367904502106,4.877651930868912,44.52781559734027,0
9820.464038068218,4.6615841329546095,880.3530129761391,14.944087555604275,2909.600939009411,56.56726816935286,3.880768161933926,50.72689463035433,0
11061.836582559241,4.400938235392914,-105.56496172992604,15.931395338779168,3460.154598464273,26.775926227278624,15.636899670407283,79.58779256631883,1
4336.210800131325,6.235533394808384,1421.8043909109556,16.534219543827255,2287.1764193163726,55.74729358221304,5.604475393505382,52.83269950146598,0
13422.963704809361,7.918750001053638,624.042894200012,17.225045555622476,2948.408842631874,49.436317276272035,4.825241103433494,46.309998107484674,0
13206.708180444057,6.056527984127243,202.69181868342469,21.002781993884582,3259.5249675491323,44.47718507098969,3.6328838623182267,46.511480028088,0
14029.650063543224,8.34632354263407,701.6181921922482,22.965922463874243,2729.949174903956,52.27142310083777,3.7317234054383834,56.70992652088924,0
8501.031114132704,9.678242770165816,462.7336417290159,15.837556883926998,2907.3880587255276,63.35046465040564,6.365955273270918,37.790494290011296,0
12223.007572151233,8.965881164295158,453.23901123260674,20.500815555328195,2855.504735434295,50.002548891720544,7.423182149075092,51.25390971806738,0
4809.289479478863,8.973459185813274,333.6549395696845,20.27309314751635,3001.3729092057524,50.703918403378154,17.24399355301321,90.68918415238034,1
-653.8500314099256,6.532755958386636,1089.8400233508148,12.333247441437766,2782.9183956009324,46.29666896410939,5.858516257001627,57.34964815751985,0
5622.438457057335,9.128038435183512,758.1470148182748,17.139295059943827,2321.5318435699746,65.78019818437524,5.222323484523891,53.95697506608005,0
9858.531776475285,6.981201457058552,1691.7133256689026,18.058577857776594,3385.0587963734747,42.01793773872516,5.420460262191252,61.279249855168274,0
5838.200181248273,9.461306007476637,1652.0242833446025,16.815965035724115,2354.8967021714216,50.083903861391,3.123860281648141,44.33023608995721,0
6204.604484692603,7.934171911471169,900.2515930518173,10.771445226561267,2465.953283399035,58.600827630471514,4.110024666886408,39.719321875358894,0
10641.441619362115,6.387325561685222,438.80699053836315,11.12398451891209,2849.2831305887053,58.14025139144501,4.697948250490829,54.70967069785162,0
8493.734079838516,10.192435096417741,-149.5899054908375,17.58744018145758,4007.773753411716,42.46772863785805,7.018609476422927,51.69540410218286,0
-1099.6639228406111,7.195656885953676,888.961371963107,18.695601934372306,2293.422408732236,41.140308730978475,4.883733649352184,57.86120547598246,0
11302.655311497885,5.185905652168035,565.72800136864,21.606651610224237,2417.1851902289986,33.633813085224276,12.97706193163144,85.6681693206206,1
3980.0405802653995,5.437332663419486,797.7193372410321,14.151396387066262,3325.8356591971406,62.16531338384949,6.130739941520539,54.34207177861886,0
7057.408322727983,5.583222473024515,2074.3012123504454,14.713775349786241,2040.6962965136895,59.218005214981986,4.318364515709109,34.60945078429532,0
7951.867470110046,8.31747359158497,857.0498136324934,18.05967672079243,2046.986158694372,48.83324453622248,5.168435546985363,69.17848001606666,0
6717.768470259308,7.031890890654779,817.514833438622,17.219940760439556,985.9811404512866,43.753560387368054,4.579117330294681,39.9886244211485,0
14773.729773523039,8.80162214854814,82.88758965729699,19.231975731523114,3540.305148355677,39.09517535534725,3.4444724290032123,45.54859487368658,0
4718.926728031236,6.052060773267176,922.3545195689635,13.843287165250914,1757.4375071846782,43.69397175078791,5.16410267722001,88.43150372596492,1
7465.650301830414,9.540739861718718,395.31292408089814,19.774393232631407,2564.6822221240814,27.438649422074473,4.585037996466164,34.785579079345155,0
9393.794758473286,8.412237419387823,940.9502901212757,13.282719666613165,2188.962858211193,53.93019216581026,6.903536500891543,52.648242424647776,0
13646.787595646441,7.370444950190816,948.2217881548245,16.363149784227616,3158.288061932573,22.437139585930744,4.282996880664014,85.71995637392685,1
9238.04539188904,9.881082822548956,1039.0595404631688,15.648244877296824,3375.9268510555185,51.01739135355428,5.23684351674865,51.53763829544706,0
7111.265128155632,7.535644091229806,1574.0873497501057,20.79087217304982,1464.7194918601763,25.59667812490432,9.913232032993907,78.27797835420739,1
9866.36036035323,8.155454073787523,815.9258073551582,10.23446221759841,3898.724940915535,48.2754564526484,4.013295171902786,57.323480796505244,0
7095.563788571132,8.171856126955397,1919.4033427099166,18.345850000881306,3787.356776469487,55.938308060626426,2.4194794919901024,45.85483782532349,0
12672.259350078739,8.080652013886708,861.0506581661605,13.273629762487305,3230.268948888168,66.88274121677102,3.635533969439434,26.785146579224218,0
17587.52896691751,8.026236698220828,833.4644471057557,16.72778589167727,2484.146367007182,56.916678334014165,5.368890060893165,46.46182473787819,0
13645.696476800264,8.781715149031404,374.5236082648854,15.572473708680603,2231.3601986835183,59.85827063608665,4.068293980073242,49.23951092302958,0
11869.08282462513,6.979140019833021,384.08165924002867,16.535850368883736,2878.404642798452,40.152172025557924,3.6410089033502997,42.9401483450109,0
9682.459850066243,5.9872977970872,521.8812268485472,13.787250544825143,2628.058658413874,48.78000257352065,4.3711838130588445,52.385575315418045,0
17017.16155723505,6.355267414930412,-507.1001762766176,13.261519275907037,2119.660485592314,57.74799042099901,5.021871555212806,69.68654100384583,0
10842.720723809838,8.532504817143105,-51.00925086649488,20.785748311673757,2191.5083448453256,50.2199010668865,6.9871182489150225,53.35218346217372,0
12596.779820576416,6.778948222781631,410.407655614394,17.259088219628232,3500.3632402837297,38.75312251307628,4.513401611407593,59.88095983576687,0
6832.253882929072,6.5106236404470215,593.3432654836695,16.54179814657505,2308.8996497042995,50.59525337540918,2.8340490822181774,40.311758859650055,0
13573.036311675673,8.063877888369598,545.9991282153699,18.542589140073492,2390.7189049157514,42.51933730857962,4.992608149783658,40.233223046926454,0
11906.88498115096,6.45863094948823,619.5084905099066,21.385170224968086,3492.018100037728,53.02169408091067,6.041975657714602,43.8037624531071,0
10737.337066132806,5.770042923367863,543.9964861022199,17.391282654679685,1838.2547905865877,63.07890280928278,2.7122363215617913,44.88802201438615,0
9605.562547897365,8.288241300708751,643.2189007460802,18.66123282039823,2477.504160168798,71.43702955120003,4.929881512817343,43.29909426181966,0
15585.418387442674,7.866299833978088,1135.8250522863977,19.78414136761521,2382.370089411875,49.76393921104743,6.376753604231645,48.89600095900956,0
7162.533650414534,11.210349350961133,266.7712937795595,19.811655116984184,2290.405676001897,53.23152332854644,3.4529864680732363,54.43375982102375,0
277.94016114324586,6.876646540076691,124.68049493550689,15.7866339131199,2649.5252611970886,33.78958507932462,8.540054231485694,85.49526674429644,1
10446.710914079325,5.562938058247006,88.71268791729892,22.077547382836627,2460.8461515670083,44.90994532011171,3.572431879000055,52.49725487053597,0
11789.877097669843,4.283150823198456,244.25618867309447,17.619784615984763,3005.361275553931,41.13460242812203,3.712107643983694,63.96943456232821,0
12597.061847049416,7.377607876763017,1673.0080463467375,17.95713120423981,1862.3940124959813,55.76791322744736,4.963471276925498,53.28766851441058,0
4549.793631538004,10.432517905583651,1102.1796409564506,21.102916413042593,1905.5780501030158,41.306910488917744,6.9539265576372316,47.26393443465831,0
13412.669307273329,9.22629673563216,675.0400617528396,20.426771439593647,1533.367209523801,52.77911873366844,4.1396182289214325,38.38755547519642,0
12191.852859320728,8.752687680336493,221.88358793389853,16.61263642516537,3129.2345674548365,49.226768723054874,2.78192436417031,63.69114367674751,0
8695.56174861327,6.252653374857124,765.177265397351,17.421733649442604,2807.4874563011767,22.8971088576962,6.989455872399419,66.62153628184052,1
5605.296883114068,8.240572069832638,-423.89409869380563,15.52039772562671,2925.7244949125984,45.39730105565537,3.863303573223349,56.98432782062975,0
9596.171791955134,8.847354073621137,288.51877613784353,19.751755026161543,2804.730534223879,58.02650650251921,6.387763226451483,61.50128678393632,0
18654.867801709173,10.193684873209381,288.3745689737135,16.663694896715747,2335.9818383684046,53.0111084951136,6.252982461946935,37.01196445948138,0
6698.566414690249,5.211367717539287,870.9999335516966,11.528294769148742,2163.357809368864,69.77547017945486,2.9179183410318403,30.01394433444493,0
10466.056203542477,10.348542089372165,2213.1153651452382,17.247107367452635,3216.209839607512,44.81877794897564,5.895483087052967,42.89729101688092,0
8417.91200325306,10.074679214780275,-49.35888474895273,13.571828876264421,1240.715861912803,30.281553788444953,-7.972415974532183,80.12404983146587,1
2431.5016807052707,5.468339255689541,946.0841929616963,17.098508513014327,1982.6580922930348,58.453843446205425,5.461926191671645,49.65828118465673,0
7654.618272195071,7.291024895261651,993.6840415024514,20.872115405820345,3503.481091188861,39.15566511068699,3.246089958453298,59.10461102451841,0
3307.6672621258576,9.091367531328602,1388.6839864230574,17.738207451194477,3365.6488210843368,71.52252005830955,3.796061117328297,42.08532357487147,0
3458.8381912432915,8.030994921604453,675.1805239745408,12.350151253308704,1702.2620137400286,32.458912884016414,7.491768111360981,70.00828157154005,1
739.6433968371184,7.959777590693637,451.83463703192655,15.24878158487615,2982.4842733989503,58.390355517369926,3.4839368064881926,30.49904839981241,0
16099.604599642109,7.702685798300609,602.3990587448444,20.095023173007,2576.9879483103264,42.804975206878595,-7.830015786034302,87.88180009145144,1
18700.19204807873,6.105059535828885,-316.0240834191337,19.25899643708841,2462.806345383062,40.51318136608904,3.953205002383607,62.53063726928913,0
7678.3379111769445,7.599009822650335,691.4189402221807,18.47832629360012,1452.8266961763834,55.57746096634283,3.9591521289872893,70.24028536379257,0
8669.708279191424,7.928846889300644,616.5890595352619,13.919019311137024,2466.1803353292107,55.21064761596163,2.0100483829256364,30.292787181544302,0
588.0282000653733,10.283897253351022,-305.99916969635115,20.798301444641716,3571.8350187823785,41.36598377508667,19.86848707354141,78.56620495160024,1
8786.244954625323,8.222841927052714,248.55203983857257,20.248241465661973,3548.1176240927243,39.56641527307945,14.261882715783463,75.4549170069773,1
17794.405231841793,7.08096924433874,1329.4325646253274,16.74718965337496,2182.743319681297,32.698567915883764,6.913083642496121,37.681313118669195,0
3114.074119346911,4.20767846869469,564.7378391938279,15.850489562328704,2320.1951128709666,26.383362966272603,9.566596984944912,100.91665435270079,1
8507.94667124278,7.085442607657528,1895.6932138714906,16.50889857015335,3059.3151573551218,46.348035123967236,4.742264633149779,48.64869992924298,0
2652.68844279777,5.778747255522003,251.9218760037968,20.82654422188446,2169.9922772531118,30.234693736964793,5.816907224907248,48.141943899002214,0
7776.676265003156,9.514481226148355,1106.331193862267,13.87380668443301,3419.9429020506723,60.16676496860438,5.7033717023461685,32.582833801338964,0
10750.826693307854,4.129384052123611,1432.1315766231382,18.517840925799316,2535.1693857761934,30.167166057024133,17.736808491626057,88.89470946451749,1
10450.73765816454,9.078243711615153,-279.47895942851926,16.315605147029242,2214.509511845646,54.897254455644415,4.32217285151563,37.07033987596472,0
14194.510218093157,5.052404706460322,573.0247002011556,16.889122514741217,3315.8684548384144,41.038409588470564,3.602313834813999,58.26583965137248,0
16715.841158528834,7.005188130402645,213.9543185805984,25.47270771071397,2399.3954629995897,49.63431396283338,5.623167791118741,52.61577484065407,0
4801.075595848284,8.944402051923305,190.15189023219017,22.768807373152903,2694.6324279285773,8.298320666284532,-7.518265189141186,78.04540342613572,1
16565.4928059092,8.830902529053768,1015.007643632826,14.028553602078997,1727.51584551501,56.267077793233916,4.519447919380862,43.944303446965684,0
8795.260721372451,6.301327428519851,1692.7937404650738,19.99423246985937,3217.3826720806487,54.75607202105176,2.8017192829602333,51.812711595140556,0
8836.93060824828,5.480565999134449,459.9711780106148,12.825454811048015,2214.7113729057237,42.523128699278146,6.39221979070706,51.12337948732377,0
11470.380531132698,6.211721052596384,1102.0466951927203,16.240941985096022,1486.8929165006007,50.8802785914628,3.523233844931386,46.53125608109906,0
6032.177820269624,8.27369398812731,725.3402481709676,14.955107794382133,2588.069311854883,41.87594048949343,5.409280937051885,47.85305452613163,0
13270.308755266404,5.743009711574954,387.223361239164,16.917909479672414,1824.1894739259878,51.5844554070812,5.9369078397658885,41.87842869465933,0
3828.2974549926175,8.654711847028704,293.13590147254087,17.392702710601526,1366.314310065814,-1.5508651510410587,-20.3728892535578,91.39186313350771,1
5074.2096579084855,5.493180511268663,392.2983991901279,18.4390642710747,2883.9478504432004,43.10154451069055,0.9794752233246276,46.71446748209703,0
8422.851803215057,9.00300803736968,1531.7711805544282,17.2000948291359,3842.595797784264,42.18859568214721,4.8159185850904755,51.15025566342807,0
16159.875395157898,8.833044335724768,370.10314210060204,13.595596008547492,2347.4122067863655,45.134086815483684,5.559509766704102,42.75560239896724,0
6219.399858238692,9.25467128440257,927.3845350214094,17.778082276148446,2423.6307228467936,13.976946086550598,-0.05483393536916559,89.9896783531662,1
3759.5721437535885,3.713024812711015,-527.2645567022495,17.764136561815278,2031.4251028540907,41.57224772741378,2.3888555759513075,45.87947730215078,0
8597.273639661666,8.216806817789408,1537.6399110289767,15.404351228465984,2206.3283399765196,51.275145582209774,3.3804618357923752,39.739319172588424,0
6320.473961797286,9.605030668768894,1396.8196114921589,18.256922981572966,2649.7453701264953,50.76486035290062,5.2955924424631196,49.554551357552114,0
12333.744092890709,8.453817288955145,555.2375409632688,16.99010563521473,1789.678811487504,43.523465583283425,4.807892875019169,52.117924201857846,0
7050.9677137740855,6.323125050220065,956.0635301513935,15.484214202091701,2231.6791969230835,34.51122766480406,0.9976691377071436,79.32605746806207,1
1282.741138115999,7.1208936895710595,1674.3588857747804,16.98383372249613,2656.1460182210294,47.548836583307846,5.9244613807996584,60.859184115067194,0
321.1740010072899,6.273311090400633,297.9136692592308,17.146958765221175,2431.422727303763,62.685433384806075,6.495496385984931,62.855004964844134,0
12999.372727525584,6.3680265870290675,876.4462864312395,15.880811703480207,2560.156805387346,54.746692797050905,3.8776499984827404,51.40425867444834,0
4356.899217265507,7.520470503317594,1351.67581925398,18.35186756320569,626.5105805569419,69.1440983581343,3.368443953060283,49.62782141336226,0
11378.092007895051,6.906192180881963,433.50972283515637,15.104034700101199,3428.349149114377,53.20294631570049,3.312101624371741,30.989255711820142,0
3074.788867575049,7.484264391097053,1515.32313578364,13.887343065904604,3304.4945807788517,56.88548337094904,4.589553611780217,66.36105110596318,0
20875.967581872632,7.802001994583643,1166.885364158817,13.906919109525386,2559.4627855356453,65.08630813188421,5.886879254545071,29.228403406991724,0
6291.381791914018,6.900905558760227,381.5192551901498,14.285547893524477,2683.8926140981807,42.05872787638735,3.792985140362824,37.51418310900235,0
11230.77939977052,5.677077784058438,-656.7923331478859,18.25082558161561,2282.991252026761,49.98788397641563,2.729264704340472,50.17414248998231,0
5542.375201316561,9.693344655652506,285.70310018861704,18.356002045150845,1368.6043815373355,46.709964932042666,18.292776927465262,79.71295928299645,1
7778.519206332337,10.300526773627329,1264.58014269462,12.501829231708678,2842.721284811966,55.96685214478862,3.7179550221381197,44.29603260403257,0
-6473.999454458482,10.569770363846054,1557.9604491616785,20.976766428520104,2802.9979369643625,67.36361743155645,5.431304847435078,47.55904437841458,0
2288.9327729298884,7.615765248082642,362.6539923147904,14.177010809278691,2294.502961820994,52.195746685092516,7.264907740259028,53.94111930370858,0
10112.499713979349,7.677882883083807,1436.56480721246,18.474241638602766,3982.387393709995,44.17336585262608,5.079515934213104,43.432296416482835,0
6819.103069732239,5.274278073521314,1520.2639937747545,12.329920493305792,3559.396642372983,50.34500344762439,5.805272101606624,32.59320563512617,0
-737.2108350435828,6.608999760596603,549.7641050377442,20.20514707989645,2596.0255663449757,54.44303724919815,4.466199709860536,40.64602740017706,0
10837.570619717182,5.888275067492624,1817.7671994077932,16.122555663240743,2028.3972028271478,53.19823934093481,4.030436275271448,51.30542292428358,0
-355.2982348056794,7.215689322049951,718.9464341060295,17.720596470384262,3665.0751826341793,47.28873163459333,3.822154206951706,38.83709829698861,0
12174.94725803025,9.683135978475239,832.6735477930853,15.833230554990735,3268.5195036050773,55.15251938365778,2.7655201958630906,50.20841482137772,0
2234.727903504944,6.378631931077308,1273.5937664624994,12.52778273054983,2226.988702319001,51.6262097684597,6.285761552688243,48.388725133139985,0
11489.473514336887,7.64023473080892,1167.551571199981,8.880238209547837,2101.1768782258005,65.94706800465931,2.7355438383891393,57.59912843176484,0
12071.688355877262,9.206986891926892,838.954676311024,16.59052931392037,2612.691524069902,53.239530830522746,5.415549908056766,71.96332234522522,0
5830.880388551828,8.18729533981957,-269.70604190128245,16.84832830043703,2185.5843552381107,57.3684250243834,4.043935619279632,55.79298645079636,0
9183.797575170489,6.9872635073604705,406.56372643794157,20.395700084851306,2370.7043579342853,34.33630160789946,18.25241306961319,76.2901929053466,1
9702.298901074553,9.891025664399514,51.052117318424735,16.88330195789179,828.6697216384193,66.43847854910919,4.524035698589217,70.9924951925509,0
4976.987638562021,5.247426317678004,-439.99934290858744,15.076443749982259,3147.0918243314914,47.06692897064853,4.74951563035401,56.934958206046,0
11944.742022307995,5.8961521367226135,857.6479894248525,15.500849947456354,3128.4990319376493,65.74761031488232,4.672939635335618,35.17086958822087,0
21209.587983519017,8.709030202126568,753.9020212344653,15.159257521368083,2836.1570697543825,54.46585685502642,6.694769707505223,58.71844569874091,0
6400.649718827517,6.391396050115462,280.8912453354372,13.389369738196532,4442.108299075861,44.93753920622254,4.902505584576444,50.394967612021894,0
11748.27983986093,9.543751050048837,1062.065583060296,14.723122389545367,1483.9750311713976,56.85167850519029,3.1894561083331245,42.83805486386673,0
-641.6392933933403,7.373973216437266,-588.7944124530853,13.137911778598403,2145.772692444819,51.20972977070038,4.888142837112468,72.2815443334965,0
3119.864267552789,6.768968583087593,1055.1553766877512,13.450009399347216,2928.1169632768097,49.11708192566512,4.556254251963973,60.28877441678944,0
4550.334185375297,6.238318859437299,-679.5595309704341,14.990440845787772,1905.9272560647814,67.88341947805569,5.572514156865397,37.685004227784006,0
4971.77927869152,5.369640377441706,646.4177792685908,20.415282534688657,2181.810634818178,39.122539740346845,7.700032198274639,88.56691870325238,1
4464.151764431566,6.752690867982615,1185.5646480399314,19.706715238699502,2122.65671317944,43.5619854902469,4.870989263420957,51.728916847876924,0
13476.923181612934,7.231417208173228,169.48074973266898,14.330421342812052,2762.433727058373,53.13635603094804,3.6703981666046683,55.2654777915368,0
15925.590412336358,4.977742818507292,1113.1522727103822,18.698908544658032,3046.1621884317556,58.35984396106555,4.583373739465294,50.092900683066944,0
12417.2464193446,12.084708766840158,440.2424941970538,15.823405390902845,2280.745466976426,40.66232411508513,5.68814974427138,46.58381533229684,0
3762.6160256080466,8.385122801191851,1522.807728284837,15.442207007784852,2128.3230627628222,31.13228686234028,6.145155312155151,46.28808048738473,0
6582.179710953719,5.901377990605225,530.8539817538511,13.387731802536354,2876.9574242838685,52.1415700348693,4.567420702070784,65.85774568046338,0
1433.294935364569,9.146677917570143,227.16226653612074,17.206962823969253,2695.64771199433,27.982726534041127,-19.23003643884066,91.89919716047667,1
147.6117173902985,6.424863136730752,-35.554935357864,19.611746974160166,2967.573842364502,50.52912892119201,5.203190122774538,63.54210925245083,0
7683.168849036893,6.023974319420665,-348.3567789012667,15.603595692018605,3471.172564509473,46.306039669230984,4.833845515225176,30.15871933242391,0
14840.12619917982,4.496970422495288,655.7051883943742,17.87404270699313,2715.452350383227,52.32730721273865,5.826711774347381,56.94020087060742,0
7584.745860502664,6.704188648015837,-508.65073096919,14.541976490424712,1950.929662368228,37.95133671678345,5.120730512833568,38.5179270802829,0
11015.778054963548,8.478222874272664,257.66759684338535,15.88488345825013,2639.82613811305,56.86698585577702,3.6033392298159077,46.972254548744615,0
11353.152215534934,7.963627427651572,69.80049342518919,16.506735620757834,4250.532864709863,58.694907917774685,3.8220581680137355,47.495920064319925,0
12058.424795112265,7.525908435551047,1071.7914612066918,13.571614968875917,1891.3271329831946,50.7793387445145,6.312343981527775,61.60952690742562,0
12745.8196580856,5.415912357531643,151.34178991813025,15.589306156909295,1374.0911656919548,17.237010384342213,-2.1144444397437887,86.71850307175194,1
9065.932076295025,7.663052630115909,407.95926215687535,19.08023642893257,2260.646640524157,45.82507586758603,3.4062870749544434,54.280587476511656,0
468.25608666400694,4.225303228347904,764.2917502169048,16.672295191922323,2924.8405566769943,49.37290640216486,5.143548075078562,50.47888782675215,0
12394.296527841409,10.170342491715665,-58.29395593938341,16.447548996344793,2225.4211445509404,20.12822185449967,23.861813010570987,88.26128633822952,1
16355.572263517424,8.791692432966478,-322.4947692782499,14.788148816739806,2904.0771225927338,44.217757956444046,6.042910843812679,52.52231479919298,0
8605.89182225001,6.635533370476162,566.0136836809147,17.0431254232581,2051.879359241556,36.39563152821337,6.933384575867616,85.50742691532548,1
16301.998037897534,8.376629946243511,974.710072195638,5.922663463675109,3429.264478404722,50.093890957775486,4.6521247213705355,61.6876891701112,0
14748.948739615102,8.992458254192282,-66.52654929215669,16.754328603601632,1196.2747657378102,43.992797072353454,4.036515493546359,68.54662133859586,0
3930.498234037168,8.219485636647905,1182.5333896764862,13.299617426328153,3321.910546524159,55.1054723258257,5.664760407133732,30.78986861176744,0
8600.479434897557,8.088890473390531,159.92042989959873,16.181150885707762,3287.9124617085604,45.673893160182224,6.571197602513204,35.71133849550338,0
1278.6972881388647,5.50466110997961,1502.960222378029,14.620578444867078,2215.3519616392095,51.13591560460474,4.534982294790015,45.695852913127155,0
12302.015324260907,7.441054872858596,1190.5291763954842,12.14543172923392,2610.151031691959,34.26347973742243,14.654784317830334,67.01280365010625,1
10159.53848043207,5.018709871715211,1297.6451427626266,15.79674757944208,3673.7488257107943,41.70139041358926,4.802243337981631,53.53981932671007,0
12602.93490247256,6.900520240890799,-900.2124334148172,11.67186227939373,2593.8679180491526,50.04366275425051,3.765805419912117,49.640987023998925,0
2883.976673426394,8.37059406345528,1036.3871071218691,18.92412620402839,1699.8558880295636,41.541988303839176,4.185854791651084,58.95460223674832,0
11932.512921529124,7.810643222631748,531.3139094438002,15.639470668118985,1992.7492799738566,48.554772943634234,4.892222887513121,36.13439941219002,0
7079.733185373749,6.660972807100234,177.7829450111766,9.84017708808047,2808.604848658733,50.217417341379715,3.2147765249622147,49.08618739572057,0
10899.799453806887,10.795638622624242,216.1002213290044,22.14188450086266,2789.1820678750673,44.02317797066347,5.684113940979387,62.622778906716725,0
13487.281214119237,5.530319766546622,607.1025630665285,13.350190102735477,3365.369210922503,44.19265531204977,2.7395592582735375,56.249394903158795,0
11583.645398872035,8.592066151386025,960.8154113277146,12.16642643879668,1929.6072928834549,62.320862589952256,3.6666019077023386,62.552262466345816,0
10663.200478552333,8.62759759651196,1544.0720839211203,17.43748467622292,3752.3833209511768,48.54875172226248,2.4761157083022773,38.523373720522514,0
5847.241068712481,7.557076647552463,902.8429799323887,16.855700786446004,3425.3447128162875,45.290466404245805,3.595065024250728,30.61200090618422,0
12749.803291479471,6.661166648386176,1659.3949486334218,16.14564497560246,4146.205112490612,44.54918714851832,3.9633058742552314,51.05159981851212,0
6273.489206383182,3.6638862787968876,1357.8315958415849,19.187640954263316,2512.144406589875,42.636089698083374,5.067654327405601,42.09326360077405,0
16859.845708567947,6.336701098514535,723.2239490415882,17.830577189066712,3188.559368278411,43.37357968338488,2.641700359654329,52.852819511674944,0
11792.646990136844,7.048338740739108,820.9534222265419,14.286388553784882,2540.9136310812005,54.9010110186969,5.532180955047055,51.39351207898928,0
13342.689280594186,5.222480200800332,598.768654758943,17.084318130352617,1771.6301685798885,45.304619156439244,4.368414181059049,48.794816256208065,0
11550.184489138685,6.662071701217383,572.4176244920386,20.881782500763606,2892.7889370445364,59.6749534266781,5.638999284285793,45.31651311440551,0
5563.12322521798,6.4412246340045405,806.4072339481586,15.144447596891855,2504.9811970887845,28.253794756433095,2.422105091933936,78.14064583862063,1
7748.910206551061,8.685765078068954,734.4537317384054,15.899560365782136,1937.7092234263087,41.94914810911391,-10.882697343973891,80.1530657484551,1
8607.960707950759,7.9088607380627804,1476.9596384489205,12.58752922407261,2978.8946050546588,48.84251391406126,4.5741459242755775,29.88018634294297,0
6108.784241842353,8.950957103688491,493.6206124527439,13.456892938605545,3298.5913303981697,62.466359654179584,3.67914476354515,68.9557477322856,0
8245.614895084305,9.42402818095458,950.6485718792559,14.242875971936375,2223.1200183538135,44.04195074572489,5.647032727829976,56.633830488473855,0
-5414.671331358897,7.9614120229061776,585.8510185300202,13.188725638754143,2541.851504217044,54.01787776281579,4.058000747952988,35.44711024098785,0
18106.79448306915,6.751820158618999,-732.6177416938866,14.94701960043474,2760.88183969275,44.73633497867591,3.5352955869126945,54.925234462063564,0
9333.361720704057,10.818207961134085,-16.839340300312074,12.59203161938896,2333.2376195984843,59.38374159331413,6.112255807946461,44.763144673231054,0
12979.373672473841,5.925611338809677,867.8221164193915,20.35827268489057,2532.9437807286563,48.341145850447965,2.8959334990240535,46.498089696459985,0
2921.150903843127,8.68182264153991,414.24360041275014,15.299894877065991,2519.609816413571,52.798623301440706,4.339588902414226,52.497360678638124,0
11518.91624532831,3.7290184958052763,-301.9032495028024,18.61298105179198,2696.628254760651,46.553827130556925,5.564211191386303,49.43914273721326,0
15868.356594511966,7.754786557462761,467.5556673570008,22.847937824997942,2267.2790528672454,33.317577964694806,13.015735388198252,95.40566611341313,1
5627.225768765042,7.647288747524531,818.9219549105605,14.218106101527521,4181.792194991403,58.33386282123678,6.131661855601076,47.63965809843959,0
5980.114042704046,5.98441071690076,1019.9032343987224,20.017324121703048,2802.105295772326,47.11130269290504,5.1081736771956585,54.0404916653297,0
10338.536507804272,8.396993879957506,313.39292802651573,13.122805009195082,2602.506244453203,58.21755830594288,4.351045950218755,47.9727997056333,0
4754.851632192707,10.835933887535141,894.3148829205896,15.66035808004097,1659.250343109507,46.044016209480176,3.877169137298222,40.91347718084542,0
3625.420232173047,9.555151076234162,521.9642575562905,19.305709605440626,2803.172385080521,44.27226221452846,5.038297055102217,35.36898748750301,0
16965.609596337494,8.40289907789236,1617.1824328092687,17.995757134563693,2564.793680496537,50.85204321135349,3.599689430769916,48.02892012062605,0
7290.663223723704,8.176460379281457,1907.6840925505371,15.0864844654853,2765.3104210220436,44.727522475883674,5.962398252946706,43.67351748559981,0
3916.781035804178,7.6094443647909245,-46.23366059303578,19.854008406781613,2746.1279386849324,35.715331820409446,-1.9927950670573509,80.65553725150278,1
6464.082765066529,8.398157612701976,834.5981206783332,12.815687704555206,2216.72233340412,35.75901022884368,-1.1321275946108162,69.47574039757328,1
13268.200568748187,8.469244212746915,1427.9082266706696,17.550083171786053,3100.0391338707514,50.77518300827452,4.726174789307383,49.305339483874256,0
8268.842357588517,7.118464699337191,1251.7075933124215,18.328976703820448,2818.6412110860065,58.60501435214128,4.251894715884874,64.26234258079765,0
11276.724818992121,4.548303920990777,853.131633992618,21.009172118262928,2626.3442890681044,58.21656240515311,6.769008504046998,57.13298176620632,0
13526.156701233438,8.207462816195848,1359.3673752983964,15.788587399065499,3639.8900466471478,57.489228753025685,3.8642660975631378,37.01258313389508,0
25622.757690410122,7.104453646674007,1097.7517692100646,17.87490886783415,1303.614232761123,56.59734899753144,3.6701263167674716,38.6081787573625,0
6863.66409906618,4.773952408396038,533.108437952661,16.771588696295083,1977.4588630838753,46.75991142839442,3.522954387137549,31.774656563133984,0
4149.7592511207085,6.833786902637627,318.114813269475,20.865213382008122,2440.758255917148,43.24210072967059,6.805484900507535,89.42331010806686,0
6616.649330617351,4.462951474929039,-639.1179376653573,18.5607326892217,3884.8545948441947,57.952016316050226,3.441132836305655,50.58603939525719,0
5680.2556268724165,6.065665843618858,2166.963246671918,15.67898369107127,2089.7934811288715,40.66541784372747,3.8452135267648986,36.794037102534,0
10272.835162968886,5.644047227672499,1388.4693308774627,15.796864030709067,2585.0997701774118,39.88661537260477,10.037245031041927,86.48847540624651,1
6385.275716753537,9.254070821581578,-227.3992041336179,15.487898996092975,2004.4341343702008,55.35171585374546,5.656485452607729,35.514690579663,0
11713.686384890512,7.639357717595334,601.9160400698902,15.444215625946267,3086.7521348000005,48.77533013592276,3.641346696289767,58.58663439077574,0
14926.54451281333,7.251512576302698,1634.9211070459933,17.28296651004927,3035.046744711219,43.926531630659966,6.102125540722349,44.97892175170303,0
14536.895234283573,5.492272637846582,1665.0052603409938,12.174380331938913,3215.937072892617,54.946314426485664,4.114094778689151,46.9733895632445,0
11276.496511957626,8.647975538651215,-525.8224865839992,19.830011166934735,3145.4364331993534,33.87822475654099,3.1442219636825244,61.04263067260668,0
12349.212658886241,7.138809020795812,875.0995541446165,17.12083668420982,2479.222787153738,46.23320135902173,5.191873344610793,48.95227988318466,0
11269.143801962578,5.267802310611062,-515.8247249750038,14.243792263023323,3061.543553222608,21.58277756643686,36.92752646005437,89.25762450456978,1
11883.142486908737,9.104229824528899,1112.8393836321757,15.052428166743242,2813.583403738115,58.685375273469106,4.511414207929193,32.001604646115624,0
-223.6488063621964,8.90359147369602,1222.2864241737093,16.50615372600319,2474.303755787041,37.93306236017025,24.248016779357304,74.32411645015252,1
4946.319803649893,8.243911570485675,813.5061131819332,16.948659198222767,1690.7454895638944,35.23432127147405,11.73553396035471,63.51750281286971,1
2881.9341219910284,5.946673506237209,1094.185049542093,16.94522883999315,2689.9343874990905,51.87376330879648,3.769689833316866,60.708575979124824,0
5335.587401146187,7.638106320389337,561.4630906061418,17.665879806595516,2199.054715233169,64.53434589329898,3.4052093831203707,37.24129000098076,0
7573.373547922269,6.958808604096486,109.55910667083981,15.54822070021328,2886.5057871283007,54.34923302624485,4.241427940602792,55.91911906244589,0
8686.991714626487,7.998921409201097,1040.3654733852268,14.51152653690334,3284.3626004145926,43.29073889983532,2.677893616788853,62.008008194284514,0
9656.163615536381,7.649328953362528,178.40338821448677,15.50286373846507,1720.7385166980202,64.25619290161178,3.9631644610065413,45.68900010474307,0
5870.25567936018,7.7713634817206465,690.9811370627622,15.36485038726172,1210.8504976764418,45.82435547619283,4.401436003735144,50.50426764139443,0
5274.693648845969,7.48484379118704,330.8328297106629,20.28664273239555,1581.5264159297124,36.00322955756146,14.395068283290588,82.50398697279306,1
-3056.406297660669,7.77497591438351,1252.6068799500379,17.952703012325205,2507.1068959751533,41.10250958977153,4.098951602320262,53.15496808323492,0
7646.715762690585,6.792979167676583,373.871847206012,14.90909105621617,2557.564683062527,51.54239034005015,4.746221868883421,56.365420380756674,0
9963.918828983955,4.5752164668413124,1078.1236858343925,18.379771031448733,3509.988156055035,28.85868191133209,6.28069586418002,80.2362060241465,1
9134.329052199511,7.06903876197206,168.87436830734367,18.052190454980348,2508.440674129318,34.34823233077748,10.005446283233635,85.24035017344856,1
10239.173907503913,7.4169828438112555,41.87090511233589,18.288846496530724,2144.146256033438,41.54953495619397,2.5079182207131643,44.923080216166134,0
4767.218514322656,6.836430051664167,1620.5723885579014,16.595417445075583,2181.5633886361234,53.64962655321395,3.4780898009980774,53.8192167000301,0
10849.430160212485,9.261616506618852,1639.97041501594,18.883469176082727,2253.199714393437,48.5451194736787,5.247613235157298,64.22258508576327,0
8738.524539045286,7.282798715581101,-914.630979512677,20.891290384374464,1836.4764999427912,29.534788392914212,27.213506490012904,85.24813703009349,1
9500.053060640608,8.585984256487762,970.9278752909454,18.003849665316267,2433.502993401502,43.8189048827752,3.4201704340376784,35.36496896695594,0
14665.79760650087,7.663727978261113,-319.0999818664312,13.204292748448031,2096.46646238823,38.53148861627648,5.161351924904347,58.5093692777578,0
12269.136941863584,7.45725221554907,1303.1774887507154,14.750952763962859,1625.6733848467866,59.88963982607677,4.635222240192449,37.67545609169774,0
7985.232338096762,8.342057440101302,779.476611807495,19.650201251043516,2547.1262883584695,51.966553774531114,3.9406701605469845,49.41577689480139,0
12040.295870472833,4.458913361836427,810.2343693715247,13.86114502410116,1809.7650080055291,63.67810601331659,4.077025265296022,47.3783607987486,0
4354.229159989015,8.213421292275157,1433.3683872673596,20.99663017852803,3260.579022353464,51.8165044251532,4.072227637644547,54.93254176193032,0
2677.6540598592437,5.402183180598268,674.3739927463946,16.016894347926094,2074.994605343278,48.0982130132231,3.3388122860537743,42.972729345727075,0
9586.121560293039,6.770645496755384,1391.9341794042296,12.801536703497273,1295.1497981154225,50.44362668126159,4.741257197138033,36.793583404701934,0
16070.825723588467,8.994173706136118,-263.2620960123428,14.540548768132801,3485.989983567176,51.29433232482176,3.3638398869824018,55.95157323884728,0
3416.131718536908,4.56898006169702,724.8577923198477,16.218202889617622,3196.43668827684,41.0628659103631,3.9000450033496374,73.97023918201187,0
13198.247515747718,9.822908898430939,832.860689052598,13.473314026071328,1971.1295493329687,57.85608788897272,3.624003994103908,60.47176655002997,0
7856.011280623416,7.225641892077306,669.1655066770296,17.123711953841575,3780.792741667833,35.72044824646514,3.610114489327791,38.29538290711376,0
6926.124641085099,7.613569180383867,1077.7606638402337,16.799025299808214,2867.2882678992655,49.58465312979151,3.1094483202904746,47.95214742394264,0
5211.686006399738,4.753413989792174,691.9270855183776,16.364374195633808,3139.6682670317005,46.561337414817174,6.554769274040307,71.11613218417972,0
4883.04592705591,8.072657850419588,17.19137081603276,16.42762445686021,1964.0286142550917,52.47644517413721,3.659858889821504,50.816447090182535,0
11817.5377860562,8.124033627493894,1136.240420690759,19.015252818859796,2193.188264897642,42.164674094278766,4.206941951789197,34.39566532194969,0
5943.218058273811,7.11388639048442,169.19390269212323,13.990025248838908,2425.36876402835,23.617378650419013,6.6237645374576894,73.90178783272701,1
2525.2532870472705,6.695952829624302,1973.2407422960923,12.718389303124455,2180.300576952542,42.22039489850396,5.791120947240959,48.58859680556164,0
10942.070887791655,10.119698134945622,411.8799477186302,17.003448054974918,2637.4006030270066,75.49259929448844,5.722349412040574,42.98936469020813,0
7214.254199267657,8.168425697601759,775.1467148589676,20.159182161334613,2203.8353734234597,36.5769421996281,-2.5573055034798173,99.35152268265317,1
12542.73092283512,8.290121607620073,1526.1684419302715,15.240213304778816,2761.634054166036,48.814571732014166,4.87041035286674,43.41891190617234,0
17112.393997326166,9.18161259818451,2093.6184482581175,12.111274397054085,1633.5907347791083,41.88066743360733,7.208102966602519,55.43806653888118,0
4361.761238045553,10.610575439926928,1316.9086640364205,18.160886252152167,3188.074176867138,44.36511740623295,4.82941678499194,41.95732078550583,0
20343.799914264288,6.843800154458317,1133.8104058917106,14.328662467682342,3645.976925564594,43.242581893654,5.69754518657106,41.96957598935755,0
11702.226124442894,9.564434509706874,306.7577134767179,17.748119570595772,3200.2703159781195,57.27429917354955,5.113866634226405,41.83815828123885,0
5881.678513724311,5.758290314243038,-529.1085567159947,21.532721551405363,3968.9459746523225,43.69958847497035,3.148858924637527,58.710452931452174,0
7141.170599490976,11.274558227253182,1684.9664846728838,14.481713154500813,3205.04422337851,31.032917013548495,4.273222506584851,71.27918074757257,0
682.9624039838782,6.097199797369909,1053.7969466988466,11.055831257493605,1923.2351470823587,46.255003729630474,7.803875412963848,53.205064125986375,0
15426.834452415616,9.612754301371556,1206.9324166890901,19.78455873608709,2645.3228518713504,48.318755166473004,4.983261827123786,53.3455763453788,0
1551.7191332208477,7.034036767301984,1044.3585593384114,18.970033857692183,1628.0669955275848,67.53310604043989,4.377280379738889,39.40578592917943,0
7541.2718211111405,8.14048001952747,1167.6420986141588,19.359262864113305,1651.7622480057385,51.29778573519066,5.31132436595658,64.80992404117492,0
12098.481992707628,7.933861228184977,1294.7319129116634,15.984251695632606,3704.6389955105114,68.49635245087624,3.2026687826110645,45.885434902335184,0
10331.78732410363,6.239815999599608,1223.999380017498,19.475555816850584,2096.4165980702087,52.61660174442646,4.9983737726884,61.89283453439643,0
7148.842359870146,5.76627636434355,844.5187946949476,13.709195915351879,2001.6376240254779,51.3230781521909,4.472827043836351,64.57437949370436,0
13826.039182613695,8.976823900818324,-25.752857081010234,18.722630425373232,2143.2287177082317,65.21530518930001,5.350835730381965,50.33937885134963,0
3950.376508011441,9.14730150955974,-302.17146892763515,16.77119637448199,1877.1236012432223,50.16401383494135,4.6065875547345465,68.74424446933244,0
13212.661951734437,7.075623246661887,754.4438696018611,18.226463721689818,3411.1428033384573,58.28732967545627,4.552108090579694,80.96695513772053,0
12627.32358917851,6.633943431505909,1812.925294242541,17.171290935381304,2775.5916171105164,65.37779648215562,4.878863306755829,51.50867628511563,0
7594.642193329453,6.177721905870143,815.6990176377336,17.32362212446117,2586.5910877798833,59.43539574512342,5.201670416443129,50.445020823192365,0
-6966.451146365818,6.758174793845916,811.0719906625121,16.440783645509928,2472.2512018821144,55.89469699284143,4.685820537972461,49.973142741367575,0
18885.278670790307,5.198661532762456,817.0221653166219,17.905407810499934,2290.7931314755137,44.99914063445078,3.531143932459066,27.40613742095814,0
6183.020523831105,7.100353907429272,599.1245909042896,14.644745635908542,2839.1282847987286,59.80883668267255,4.401915988762207,62.49821097053679,0
11600.629103344465,7.300814744847638,-282.8741091712244,13.042430258520952,2476.177257521147,53.44010819049084,5.766438656100847,51.70566026770126,0
10642.350922384836,4.972552260933935,1246.4151243393715,12.166658784240065,965.3608793532235,63.30433807676894,6.178916975116097,64.05055585602894,0
10856.491598185079,8.814517779543237,752.6609439665325,16.79056972709003,1903.249886152373,37.378579340280076,6.7428559639224215,73.53057180411834,1
4805.1080403148135,9.080750082058518,1559.6316053996397,15.078215590714883,2560.2534564467173,50.857162637900544,5.3529288302102325,63.42795315421705,0
2125.582430708142,5.19620577725615,1509.3376946333276,20.98953248482134,1639.636959587906,56.361873994057454,3.9448263097424423,50.84797729026143,0
5053.6725708013055,9.52578341841042,-167.2064860863494,20.00849515281467,2947.247789167514,22.150312536980458,7.914960862228602,80.89004110553482,1
10656.614829342028,4.67731795918309,1573.6563613428395,16.66270448365447,2735.4191498359096,47.897276004300856,4.668610685142727,48.51117203979117,0
13928.62037898069,9.527575063503399,873.8701566254038,12.729667933672275,2801.2503390808256,42.35396513741885,7.3564652953973875,52.556995380481425,0
15424.965735714763,6.727700866116575,345.35343128529905,16.05926476987003,3053.884129317116,53.66880363102105,4.79334533952666,50.820868996274314,0
3553.308894533706,7.551389793832009,321.675394506791,19.967483871241836,2286.728243460667,54.56467760095887,3.124139803551051,58.090542890877785,0
7177.305257259737,7.361394917852386,432.9657965243807,20.920560443012313,2375.852395010206,45.198366203314976,4.8758858988008535,50.74681639454239,0
8910.54983038031,10.173669923055073,1340.3888446583373,19.72429506081108,2961.365031502563,60.93397389355518,5.285626191609773,42.96166741930537,0
8523.503063270146,4.854544947824121,791.5565074364714,15.28385583873474,2327.1224709464836,27.008637991435354,-3.302525615780789,74.4964641218018,1
1159.973402497446,7.542175958290375,781.2943395875354,24.76891586015381,3232.1870236169825,59.26015684647966,4.086280104151612,44.50945568841134,0
3902.538651298957,10.845812443406405,56.08982617122024,17.673659861882783,1595.7789360279598,40.038878713794006,-2.0352472583663843,93.11992790392097,1
2411.6361260135864,8.121401029635214,757.8942584813946,13.090019551641713,2556.160551768809,44.724036505292574,3.353901254237007,30.134728580224778,0
672.0796211781908,7.681764285715108,213.35283296662135,16.728132755608957,1983.3788607373885,45.973146095604214,5.7542490984387005,35.25049320289662,0
8953.18140457784,7.947934961631206,826.6071917397056,15.017643340221294,3156.428305559346,61.84146461505492,5.126269480962101,62.683586114960676,0
6855.42976571847,9.123150070959074,-238.22176091103245,16.142517592285056,3371.6391728288017,57.068049320544695,6.471684936807091,77.98000002941383,1
12409.04812701057,10.018355247953165,1406.4984647585202,19.090038738283436,3101.93343370949,47.95196176900768,9.638622328289497,68.77966829377084,1
1804.8728344481233,7.9481698794697015,1397.908058968076,18.881794900049194,2090.4748653815604,43.16863761983426,4.740989147609368,53.58554459889821,0
138.89173267251863,10.871833585899019,63.09648217495817,18.091857775069375,2581.131827642152,35.126128343522424,-3.16859841662305,76.34582278899778,1
3708.6584837608825,5.989871639483404,750.3593731530939,19.984026681790425,3101.0683056964126,36.074395148957315,3.1863695471671543,38.636637768440096,0
5045.215225332485,8.012442530705043,412.54802772643524,16.282132550829843,2598.9890499629905,29.373657198875758,5.044723066084529,30.814105764406968,0
2929.344104544535,7.8457728482267175,-828.0848400309346,16.984981932948383,1624.1875214741553,50.099943244319306,20.85701394954714,86.16044397012817,1
4136.1787604986575,5.139602111931375,1054.2459155060833,17.768080948459755,1537.6554121913268,58.0385735340633,3.6652254598557645,55.529431891981055,0
14690.382835068238,10.000493650497862,2377.90914727744,22.837109739508268,3282.665793034299,53.528286678806104,3.823736182501559,32.393635566624965,0
10789.03654071368,7.318441993267304,-459.73526679313375,18.29781047174528,1490.3386874282855,47.469627709081244,5.404902966046198,58.48805457731449,0
6817.316565131487,7.652608872568245,213.4929431007663,11.700030195308791,3500.581503393944,52.79209814902463,5.410507431187247,43.17257155195765,0
12838.259303292383,5.432568844579723,1659.0878200326379,15.35541637469431,2082.965131309165,43.127381469077946,3.819835857485019,48.374720353237436,0
15649.528648397754,7.83602501963115,146.09923575022538,16.87678491186838,3062.723094465923,55.45594639403316,5.130173590545926,46.548627695234096,0
11953.446249180419,5.214507487796915,1105.8845358649382,17.56952146752334,2417.5414319630136,38.658881942180756,3.7732132397872413,31.584343835154396,0
11979.096945861662,6.262342581479965,1059.5153447375324,11.074984809175586,2708.671201820818,44.53295170783896,4.913333933220696,44.554270681762084,0
11732.437499593203,7.061793792286577,118.76469223849688,14.151091049292027,3344.978944276305,54.413441858047754,5.54908820307989,60.788495665089634,0
11155.538143228774,9.181165232930804,517.6237557582292,19.110227819447367,3114.4909676785583,41.04487296203272,3.49687226860019,65.68533938709326,0
1256.9511304179177,6.211238125388276,1620.5041309768812,16.344004376942706,2497.27248491779,46.574837352057564,4.00959318515275,39.61500662385774,0
14384.86038630888,6.244572155449461,700.8973050560872,14.593874934309314,2472.9561499038336,43.460119384207665,1.6330591878734175,103.81944983415625,1
17530.050458194513,8.324176751484224,1301.1470500114633,17.70372787101195,2245.649971670936,52.047555016626774,3.099698638354268,45.61921351896463,0
12259.958988865916,10.357453474793104,306.49126440121717,19.319358945471933,2966.7829307892166,55.18837398106398,0.7868529010903327,51.498721979352744,0
13972.314649694968,10.875388774247515,592.9834193921828,16.029003944108776,2650.2676111789,40.762904408922175,3.015175571952998,51.41559266895794,0
3631.6641277473054,8.045370819018489,986.7227693363191,20.294058880121053,1757.9078054042832,49.155800489832366,5.753431715781769,46.75927816198218,0
1175.723530023588,7.664153448053997,540.3362127720393,12.468141648186737,2330.5256584424606,37.959473144770364,3.310967095179942,50.69780702215218,0
4869.121104755366,9.650368416480157,1400.1504658934887,19.959038905075946,2993.817312815687,33.80914157572681,-0.21229294451017378,91.56417771497439,1
9485.918722471328,7.48918820126745,1970.892965232606,14.847330635305639,1413.6023562054804,48.503405840618235,2.881886984662823,68.56672337917715,0
-1459.3938205841623,6.178695599217749,287.425174723348,15.217099467128165,1396.9230729833923,56.77416887206596,3.881527442261495,39.978908953662255,0
4880.025095543013,8.734971165571107,2556.0791886364746,14.165838216625419,2007.6003009439505,50.57876173855345,5.599594744126286,55.673056252922606,0
15532.060176048803,9.0146217978963,1352.0208658852755,15.472213158030375,3406.824980882682,46.8927100720898,7.741039763459513,34.3589823652072,0
6907.709392462368,8.848252956194209,1483.5817061796065,13.74427860504628,2564.098701432134,31.38608359432085,19.888560340583737,72.80186449006729,1
5706.579389178464,8.67939207251272,379.50185285954734,19.84069601368418,2453.5895496592757,48.742108863771584,5.746473479897895,63.63545946639613,0
10311.58554388832,7.754839847310671,-72.89445481800499,18.094717078435465,2869.5161989473618,21.7788205855626,-15.037564153607175,67.38081023162358,1
11557.331840961135,6.752717171630966,829.0839229763491,16.187671144619664,3183.5476200867574,35.0684147778922,4.0098961798424195,49.275709303577166,0
9669.522800513569,2.218065985152485,1369.1966092371154,13.031055616253534,2569.769640563864,31.18066136868602,18.845383310080745,88.48087158800925,1
9865.762268160232,6.358443157662313,1219.64337335234,15.774152070791402,2659.0267254082055,51.004468179788624,5.766423680965253,44.14793103096399,0
12321.696804304402,8.25547752402705,517.0564478077529,19.613060148940114,2865.622540312455,32.91382763362127,1.4984350499117252,74.8975021027147,1
8102.999056032291,6.131287361060382,863.0030462060332,16.23191444981366,2455.5099169695986,77.4312838240657,7.455616426530028,52.80291291965907,0
7215.203305243464,7.9319243632677034,162.1572393639484,14.522823960758044,3052.0688567500965,47.46717245677541,3.860758694934027,55.01894389860622,0
7234.452601342838,7.645304130175917,1064.907441238282,16.710927045384327,3300.980975797943,50.55202800589649,6.318476099116311,60.9252541467842,0
-2588.6529439891347,5.733006665592935,664.6562656234223,16.243529548080108,2989.3050916506168,44.53651914947851,4.449061765185893,55.210038966049034,0
3970.192800831175,8.68713739034956,62.26406107560956,18.569737319058486,2136.6887324320314,64.55261752156645,5.0856161836512115,35.98745985800232,0
7369.3475398205455,9.043507173266994,2097.608515911436,21.052989611621424,3378.042042016899,48.57611033638924,2.7534318292592213,55.41050984061663,0
1087.430580875991,5.389055086461081,276.2538422329851,19.958776244261713,2461.3616044641503,52.67420372861217,7.470376561123322,48.5717336140485,0
17350.957478683653,5.440053356692278,-124.162363999793,16.55820520239231,3580.1170446251426,20.760196661790328,-1.0808704934557838,83.21721372015799,1
15060.368757822005,8.338006731867086,894.8865600541852,18.515173816351577,2336.9153800535173,54.189822123310826,5.340596475789796,54.220143594106936,0
12478.588125332932,7.740769539569803,673.8569997971622,13.246396196297187,2104.9334290231404,57.54554642782235,4.289707964442826,54.80229261905703,0
9220.679086269685,8.88218159501305,-192.28443058347875,21.669753243789014,3554.819124912976,62.467072095046255,6.832821180000529,57.923950394157345,0
1988.8845008696508,10.439462245332848,-741.297497146046,18.111206218667625,2618.5084590652737,30.43332410095274,2.5898386345080313,70.4349971032598,1
6281.874490188708,8.875778625006884,1682.5612251291182,12.877318854459016,1693.3343858009562,47.05553374285056,3.4752853025143713,59.84296445197046,0
8150.571102128171,9.092024692724648,1359.2406230520553,16.882294642179414,2273.2432719436865,47.18360275174167,4.162447616796516,44.50455409189955,0
12455.49406572192,8.585792506256416,1836.4142746107882,21.15167417617654,3513.690444615562,64.6131766344955,4.244772318833857,42.48976608609476,0
12477.468973588231,7.51327374538899,1050.120298624585,17.653302349326903,2470.8571705225395,50.68036688160146,6.369215126186691,52.43620021489824,0
11550.075227789857,6.979195291403565,526.7470159364439,16.14083541239006,3359.2125061620554,44.76348046723416,1.9519457539221263,64.11546705492435,0
10965.463519491079,6.322359573232831,1370.5141834268657,8.068980778651031,2103.3044849872877,40.659993408954286,4.113585635259114,66.31888848370221,0
7759.820453480471,8.559892355757226,901.7389339511232,19.578094799108776,2661.1962551635893,49.49000062656658,3.541775529379166,76.72156742628013,0
180.20106642072096,7.271453401337983,841.9027213678523,18.627811734370564,1670.9980677029348,52.93888279317989,4.546673419483493,42.185239341987455,0
3923.1881897525,12.26700404406132,980.9693697262591,16.001121611057368,2798.0173024457613,49.36482894891605,4.6843789551559425,56.77030469800806,0
5859.302519533379,6.089301741560367,635.8406193339638,14.799448455041498,1677.8251440844851,43.849865371514454,2.3930785706903355,51.485310156415046,0
7803.48882871693,8.21184496728648,-242.81339316238473,18.374149198073503,3175.283718859502,51.1642555749004,26.88190470777039,85.86428501659016,1
3607.0778529130976,6.991881702161255,543.7619478191141,12.9232813434205,2338.090996056531,49.88910292396583,2.732224948024164,51.91362254111611,0
12138.936149132418,6.024189608505052,489.24687662459564,20.575613868920147,3336.908261673728,24.805732662244072,-9.480761479195646,79.90628441479235,1
11716.762761444028,8.229036218046657,-181.97425659013504,21.588963172346446,2136.4360139325713,47.79175777348191,29.488370382612842,71.87394239524394,1
15863.635882644554,8.309871792642664,1412.862462172317,16.679339691190734,2643.684836424914,59.1921175684192,5.388094038846344,42.937766459319235,0
10415.869400863552,8.121492057688599,922.2899317423789,20.491224412474,2596.3143459228404,55.75462081463551,4.982714813597253,45.346774816589225,0
4741.344205666236,8.411238564200511,1779.3601410875815,19.403375075612075,2499.5946803531024,50.84060776966636,5.720609057004188,36.256007515258716,0
7760.714140585342,7.950913106161075,1548.0180275310718,15.093209697539164,3281.4667010609783,46.21514069311582,4.136087066799953,50.1764180873502,0
7851.802748367031,6.3958746961507975,-615.8053409491533,14.165704914758667,4204.637156126357,20.398497379336007,3.162870933089776,84.61998023703093,1
8559.084081752078,9.747663809948925,898.7787214919091,11.766855230454905,1611.3664653714081,29.93051309740374,1.5205453537586644,85.79044897937837,1
515.0038774155782,7.094739734126662,413.9265511939725,18.473553218485932,2648.2429697280304,40.05354630991746,1.3154560962058515,87.85047022912812,1
12118.785592774178,4.368613561024333,863.1604030046414,14.926819340162996,1370.6322997559787,51.33602337356591,5.9284337037024795,57.53912065192133,0
9230.754741818959,5.797233435333122,1073.1082165018818,12.687067328328709,2306.6642821360247,40.634535216012395,18.30355801273644,66.26675720239179,1
6961.668499943453,7.925632922419571,556.6539248983214,24.08472458256296,3946.933601417507,47.514966081304955,5.798854453588131,34.9192412019899,0
13172.806369844071,6.785856607205753,562.7785258884797,15.538075839152333,3020.912471212285,58.325139542397345,6.2184943246854765,59.104921319436954,0
7084.13033608927,8.871914060252642,1985.62965963458,14.721329276162681,3024.564747028907,59.720524844733106,6.180119774193376,51.225551569507715,0
6237.999291105006,8.549304579812274,891.2152377926809,14.169724132015793,2463.7943971527784,61.254460229863724,5.596069308962619,61.30164692266117,0
15156.461823098136,5.7110390001360525,2223.1733578037197,23.327992726103357,3377.459095595046,49.587349942275374,5.270545204651901,52.108723585105146,0
11965.979912271261,6.630735106508172,-2.817900046913678,17.513359323409148,1985.9792710535166,50.96616372441089,6.539691290638371,29.197173827575483,0
11539.980089899083,9.154659332776491,614.7204810633181,15.55512799588805,3127.683127026832,49.70393524741413,5.950127986963306,68.91455115269221,0
8652.660977464202,6.088428997445931,1500.3841096332935,19.654546729429534,3061.8551675547783,47.21608360323533,4.480960897855784,43.65197316532614,0
3856.3150213678764,8.368448274836625,1071.5788132378204,13.683636411100187,2591.8962950411383,61.60639573046991,2.8098919389527897,58.99041532837124,0
12291.63098603881,7.599826748242045,641.4937524038054,17.404000015212766,3384.051517066805,59.84516643342409,4.551844858422605,46.49047257861912,0
4418.067715915371,7.009489094080274,1224.775974823387,11.325640984068798,2790.0900339832424,39.342993877786824,4.68678995720609,61.07311669340774,0
8245.43791996125,8.250458133111081,560.1453690709163,17.971037231711232,2839.2098538795753,55.78221419146218,6.272847072757033,43.22637771278231,0
13829.865665339566,7.8988738374546665,672.4326611085181,16.23050153531999,2598.214384975571,62.75809591235091,5.651409668427995,50.021184210174724,0
14723.52742767196,7.640867175899846,85.0303715988656,20.990752929356923,1155.8808677763102,43.36230976410867,27.036567479767232,79.30666291850699,1
10000.014668646487,3.652338605426247,101.6831731562063,17.04837396711407,2886.176130408379,24.03704410313749,0.10370951531412231,68.23036794940676,1
3538.3349600330566,6.518787456538477,382.50362600060356,17.065256228370806,2693.5680829881826,46.83132827136585,2.82230155209746,48.94998497095879,0
10414.10189563848,6.372464357593804,949.9195846676447,15.456717100953467,1505.6269140476147,39.585867799485825,-10.180812423866143,91.63871045544312,1
2819.5997140736854,7.9048676416714185,319.78335096918306,16.11490912432766,2355.917402578775,64.33605706171272,27.301963416895894,82.79237754275351,1
8853.92670559933,6.769406704339328,-182.4185345589135,19.773733017470526,3563.3540425958017,40.492922634079434,3.500390092992672,46.14066873484436,0
17045.56603878625,11.297641091606202,1640.5496689057443,16.959945930772363,2898.0351845900345,56.47633510602352,4.061933960634035,43.23684136422638,0
15986.166560946753,7.511528099546453,958.4207540079439,15.114195280673865,2454.2007576764136,47.64724553289093,5.382680277963086,51.32309020688535,0
10079.378221844046,8.647286373190717,268.51923963295235,13.545621381711726,2467.930463800751,46.19741265854249,7.948899237611895,56.64763089724363,0
15122.87588967253,7.5609548942153495,-364.4967296006679,20.241218636708716,3432.854036666047,44.43352311499068,5.300826341345614,39.94304912681807,0
20973.856602618405,8.060408914007036,1843.3928433325004,23.384588332135877,3050.9799783235976,62.902241861576314,7.889000411283275,46.05841903473926,0
8801.890762281006,5.746544213964985,907.0293684345409,19.41906398175654,1982.7130756822053,44.25165834576768,2.726263542734773,36.94487562417028,0
3589.318369842641,7.855119553625868,1541.6418150129903,16.062148586460463,2553.564457484049,60.52038447619361,3.3741841785345095,47.62186117851579,0
13764.955418375877,7.539000897330062,659.6359275269793,18.736948790055628,3573.1864234179857,54.08588439685819,3.8419238546265806,32.12861412415549,0
13246.463554733875,7.922717025005418,-100.24828881379756,14.647155734358217,2396.568983039606,47.27015023181263,5.00321024695395,69.60717832038702,0
7827.388538214765,8.814002036487633,810.5180854177012,16.631230194652712,3461.7415355478756,54.41004737867768,4.092796986700727,55.063634710620626,0
8759.720584531093,8.055358133450689,-163.12524740140202,16.45186847146988,2213.7533329372864,50.4479734638426,7.780846170385953,77.58698978298689,1
5275.798121380277,7.934252564375432,-280.27418860112255,16.208996915339554,2796.225924179197,44.680227066762605,19.71834906005519,63.26102071651212,1
5805.607902850028,8.7376099561774,264.5749509522311,15.776143058202857,3021.461708974576,54.57224557520593,3.466304724976389,38.185587384226906,0
8500.0423786319,11.061548421459698,1164.0834586765293,20.62760742784147,2285.9066330071623,54.31723819476056,3.6169757089051675,51.358417481081126,0
9174.659383485576,8.204842995133065,-304.72249740835684,15.926103065529372,2321.5366893991127,44.14512632113549,3.421811415872586,44.09943326471942,0
3770.714105236687,7.322140442056875,-6.629117095147649,20.833784709090487,1769.7320388619214,56.07078212671037,7.019703057595187,33.803101344833735,0
-329.69953667807204,9.942103634827049,921.7270208266486,20.006055634543916,2540.4540517655505,66.32277279125191,4.539867886220351,60.34799130526236,0
9726.430258964,4.500290862730626,1125.4575992589416,15.775227250773108,2617.425603150073,44.13889741525953,-1.3276847833891292,78.61082863025077,1
72.64943537746694,7.428682692729746,466.3718009753627,12.836026400916987,2954.046818212501,41.43044113704811,5.13308173933444,44.314606951109994,0
7676.727146978067,8.345606113452401,625.4715275934454,17.419783274886036,2805.0353103554876,53.30113089154373,3.027701188445711,46.162470190869904,0
15268.01119081752,5.810773203470304,724.4768414916929,17.500330524469305,3468.09037901916,40.01069260189898,1.7407707645155264,43.350334886800034,0
9782.086665587378,7.233263984441585,-368.52686680136287,16.236568578459647,2042.2706351932377,35.39507857148283,3.2608287622535306,25.582930130975132,0
5925.379436697557,6.236023620219742,577.9488940181233,12.658003008687242,2728.8800375995393,54.49673809666094,6.100366274231793,34.269914573505,0
-3131.899141979715,2.734992838450708,789.4336284930935,13.072891995122138,3075.2075370274383,25.73814123575987,-7.913576550114785,65.11455360968048,1
7017.1251820790985,10.59023712230774,1043.0372071177767,15.429362565430036,1934.3007502694297,49.54664291385046,6.311212368601826,84.04704112660441,1
10631.456432884153,6.408806136731966,559.4232369567976,13.503713355585024,2393.6832273636815,47.37020149626967,4.7533497322136,50.467201202649726,0
9111.158267779101,9.482123172025904,1295.3507881474331,17.353466181712573,2563.7772024244755,43.2129775689429,2.55885424964862,57.5127770514261,0
5444.97420768934,6.864872891137752,942.134805818443,15.210687041157529,2494.6016543244173,52.255590990472406,6.70553043599073,41.83976928053797,0
9182.777409761587,9.975574726195575,352.78707049711204,16.628860510626264,2085.230753690628,40.69597713773245,6.121306735604402,40.346179792955056,0
12827.779853253754,9.631559979706303,1127.9358427671991,12.971244810246102,1894.9290702844983,49.291151149211125,3.2869422040924787,30.078144336507865,0
12040.057277465397,6.34118603463754,1688.7957996220073,16.13280684521491,1080.956068681841,31.755674182515133,25.224365432959026,61.27754937754742,1
-630.7910917496774,7.03824904822584,1389.076176164711,17.390336099576164,2585.05261630813,47.81494285024598,3.4901910493061625,61.13000699138681,0
19933.980430937998,7.509872708389442,-148.09297189514996,8.344086357571603,3157.354578815501,44.017719165072144,3.917867976835126,54.43675726888116,0
11553.8312708655,4.169316950925452,1095.100962379404,18.215548109087354,3288.3569532930037,54.7015592149425,3.3798346098899503,52.47288125627739,0
16734.09128892804,4.286316291500768,1075.6633124693967,14.702147375379273,1884.2120961648754,50.98766044935314,2.3445626935985384,64.86151325143345,0
7446.013704114462,8.597989848671132,903.9028139075567,18.39940295265274,3753.4474626490064,39.15931147379995,4.632562507063363,51.009469702895814,0
5358.794114121942,7.9030884522050036,448.2793617083021,16.022236966002726,2665.57564562688,42.08112140184589,-1.7714298553554322,76.04283889124856,1
10255.186967178804,11.169376865000595,318.74263617245253,20.76158302979555,3363.4389069452686,63.46118075210638,4.63579201367134,52.90666493113049,0
2154.5158717301874,4.149377494320314,450.20891607989705,15.199554013591435,3242.789784912379,48.93347354785515,4.30628652236062,42.01814106103034,0
3531.2475171917094,6.52471599157258,291.6988004465063,20.737652204809653,3342.0656390033946,43.29101061120375,4.131607144939918,61.05313901493288,0
13843.202286348296,5.592128104681611,434.2387058160248,12.368242461551187,3248.574256616536,69.52739172365227,5.7994097206996695,61.32842211712895,0
6882.541302063104,6.07412688124813,1608.8661132840336,13.427254041677047,2234.295432361093,62.7378005891902,5.160688312441917,49.60483457768439,0
9660.011119934868,6.495098143894927,487.3177802882098,15.450675734381083,1898.893996403579,33.577740534635794,2.8265285840087095,64.10312306590646,0
-1764.065340463727,8.212756940002976,1103.318578357514,15.55620045813386,2927.7429291294684,39.99979475529916,5.831049579104077,43.60783859213278,0
6020.245387980001,6.414015723057977,1087.3418553973934,16.213919686915794,2125.444545786634,49.53707072628527,4.922446335549744,49.56454327921119,0
15425.123521107402,8.852855006230358,814.2173903857704,15.2883175695153,843.1644977959484,41.022795508108686,5.514336365528218,52.044451705231744,0
16410.559625330814,6.569185027747092,984.2392990065985,13.669785755652349,3755.78781929001,64.4352866135874,2.767537956485935,51.68722577345877,0
16657.443660814384,9.24381562232946,691.1263337648976,19.31918524981863,2880.7952354119193,45.229402487264636,4.663573554676401,37.076966250715486,0
5551.925104437458,4.372082705837489,1785.1649079510485,10.206805492733235,3363.201775733109,61.0409863166832,3.329974338073783,59.25290549685498,0
16802.423227075957,9.352260689826728,-449.15293399784525,16.762636984636128,3075.334538683212,55.136360735148486,5.5941763122849615,50.728017943623094,0
14620.731396290546,4.391091082132052,2625.5314386685172,14.664186953717106,3055.673650739135,59.666586287577864,4.234974863844538,66.42419245928322,0
9887.45547627892,10.99407353323479,80.14142015688151,17.67966399140249,2566.144511742526,41.14147694037733,-1.326788221605966,84.28454681560328,1
11306.69515598644,8.395073221009227,997.6486477983108,19.16636598666892,2764.3507648972013,43.72346405917982,3.9999696158451177,25.708876628333538,0
5299.879483934577,10.429226764075102,267.3269613617741,14.194915943844853,2913.7380373044857,51.85232855051044,4.660414605885148,50.30268671108619,0
7364.131608671226,5.780224874901193,523.0243416443501,18.656023697422015,3000.3709801334526,47.29781526972715,37.48734105502464,80.92062295546562,1
14397.547816190014,8.97727080698458,820.0137377017687,18.427285327457056,3046.5405467095266,51.3633233407449,5.359514995762235,34.890754381830064,0
13712.143256729041,7.324285265156861,813.5837872264649,15.812613958716355,2986.1713449277804,50.79300633980928,5.8236999339520406,43.02670341502541,0
18802.80185414995,3.498233527133671,667.745579429777,17.149624638908467,3153.655720763586,50.848580611094704,2.4815192595626576,69.58131615301775,0
12441.662524960713,8.690719689684222,1290.7649067418229,17.056262513995083,2510.944232561891,54.85384002016085,3.463681928721819,62.28115293780928,0
11929.913590544074,7.095012653412338,1574.915007097176,10.941495678681584,2479.3605609464757,52.95133762326597,4.499841976527675,44.31171412443409,0
11451.61270826914,10.168354356729122,757.2031674337687,19.28121892456343,1806.490950128186,41.453846717568815,22.56167130884461,82.05654665929718,1
-6864.374100857873,6.874828564504069,787.7313893396592,15.171228093978666,2454.314721936166,62.13030760444811,5.264343047993844,61.75454012339135,0
4740.371987170941,7.30236551915473,-461.43568597801664,20.5900728330941,3672.8991331605584,16.525999391444234,-3.080617172905175,74.93112650132777,1
3944.5661465352996,6.123353747202842,184.3055730581196,18.885155715866148,2246.620418737347,35.34661432057185,7.26196291904267,65.7525409065382,1
16133.768992665186,9.720500232309428,192.75780871324696,16.819583735867614,3014.2394727835,37.3741194901094,-4.224116078337429,70.51645893378326,1
3467.647014667793,8.146724117639009,2391.1156853963284,13.617411963905594,2152.4123257935275,62.81519033271985,5.175575018285827,49.80846909598659,0
8080.49881727815,5.898105422405136,732.604877137221,16.137219826315455,1900.0983969449899,37.57235093069388,3.9724606163795926,31.683487712863737,0
13735.731476217381,9.024047906743851,676.981871847119,13.33679370729073,2639.4180404828307,30.31480070739948,8.662327172925679,91.05298252874866,1
5830.552983026961,9.450371325042708,-227.20736687035196,18.37902341214284,2957.5132586994223,35.654771980366796,3.4615325939457278,56.518415719803556,0
11010.431842343194,9.406231257471564,738.8638951093357,12.901437783531051,1817.5670713137213,29.676443297338253,-1.5219808697294308,83.80177387605447,1
9291.054673158167,5.521774952431732,364.06338041804753,16.096174120798004,2828.667447904511,63.41138734275259,3.6530351338612204,63.76522659738668,0
12329.669208480518,8.646164006343788,764.6333960456053,14.175243993646156,1941.2358781235248,32.892895194238285,9.789274027027542,73.02308855953795,1
8662.046482024458,9.30848066057801,-600.224219986091,19.35977757587126,3592.0051461959815,47.015530658688675,4.446446852320269,29.780064772519367,0
1507.905730346557,8.43992967016223,1398.95180036506,16.216142405260122,2380.2703830599835,49.485516399046034,4.586850618737871,53.32612758949975,0
13539.055042123004,8.80938989451148,1217.3022198497483,17.888845606967354,4206.353176049921,47.01950175543268,4.682418933405335,79.97198291719138,0
7507.713872020833,5.603564999667255,1099.7633165276761,16.186026316634766,3222.1748268008832,38.595231602803224,4.877718627661679,98.14673447712788,1
10028.442021386465,5.998404369578179,-478.0005409830969,15.419713545375384,1825.2177902999251,21.159110079875767,7.8242611782242975,67.34914401901767,1
4296.71500156091,8.974246635646736,926.8311047361356,19.542803710003177,2344.346734306865,49.38171810026964,5.767236445878856,31.505919941215943,0
5089.249582637032,10.091308033283847,916.5898704733197,20.831179337528607,3239.91474825406,42.20666057462222,5.608917754608947,22.43537202909289,0
-2850.1640315589193,10.041711127815155,313.91195562880284,15.71560040376805,2076.7950014737953,56.397316122780595,5.945611122908311,54.023911690282056,0
1252.111055834006,6.543779970781497,508.57765367844377,17.825562001559376,2906.8388073972674,48.74311620654239,11.952108789140619,71.96807704872944,1
14714.644733826803,8.002298829947199,-159.65623484914124,16.326047696060108,3247.801259570262,50.730175185340585,3.7466940158910127,48.20267485989879,0
11484.442829754444,8.208158648989684,968.1585046061942,15.443274494214121,1714.6535852199258,34.39279626568495,4.617391790222721,69.87534161023368,0
7510.504909441545,7.521721957316163,874.000234929721,19.492493015450858,2578.099819011275,30.316513423230358,1.8245093110657473,46.48126203713484,0
3607.6563108868395,8.89924493283595,1683.0482597625005,18.906163214427895,2725.421008991003,10.525048576503401,12.769285310410652,74.61087833389392,1
13294.804370285114,9.259494556390031,245.37913412712874,14.815209931484306,2988.407345832363,55.80472140385857,5.167030151180888,43.31103508270785,0
9428.13540436053,9.240338019572215,916.197511990169,10.244407817480846,1805.0946001963437,44.55272936691444,6.4822972042408535,37.15055338045172,0
29456.288960758327,9.598805064394806,701.6157636617642,19.51776891545932,2504.21221819636,41.30017465510106,6.314008097022517,60.26014125707297,0
4709.550927513743,7.5147219526902935,-106.35837261309155,13.815232628967356,4367.54794255158,65.35425040115567,4.385819385531865,51.94628577917411,0
5327.128625307911,10.302913411191588,-226.26155178784938,17.07943941366676,1701.4226100959454,57.37549281028285,4.7482590357081484,51.707989039338024,0
8337.846120396845,7.75103341271223,1036.5141992073557,16.833283349416092,2228.9139072050484,44.32901661109591,15.091391989201098,91.61783201355789,1
5942.872580976333,5.530867259931746,511.98562829713757,15.671569771218483,1855.7159322059758,56.21034872597858,4.981269969232359,68.30468474998774,0
18700.56913547215,9.955334932349238,-144.06701101028227,16.95721666128237,2687.7978525813955,48.21801429478383,2.7407541582613533,56.61185474816005,0
10194.830206158042,6.225079561999877,977.1193369113769,19.44101373005866,2386.840821343504,50.37345387329569,4.495501759437778,46.848079400765556,0
9799.604001718677,6.07760641461139,626.4403938734563,17.238624671840988,3484.8026363509384,47.922505092471454,4.20445182886944,48.547713541610804,0
4458.2007112009105,6.8960921310333205,467.52988485774176,21.836290247710103,1058.7429716820652,56.837018484405625,3.680951944615745,48.11408148893683,0
15861.049027706827,8.779844373500989,552.0300664673296,17.12197908133792,2273.032882258888,61.55880229807846,4.141219203153791,59.51277388876531,0
13390.821979512104,6.896609418064608,1217.308854456998,16.531400104077704,2862.7867694160213,58.584944214395,3.707542355357353,62.71918303422366,0
11485.781621908167,7.462074199201839,278.7067678660567,16.820881261114682,3532.4585582747063,55.60177529025832,6.217963184325564,65.69241181284708,0
8904.238829724442,9.084529993993915,1323.5686711409764,15.480683700004189,4263.536178412134,55.7954254098833,6.038374034852023,50.138357232223946,0
1219.1328447995984,5.6477256767821356,619.4529828625936,15.287116842015035,3617.032630020754,59.00990550749107,5.580949408833963,57.838234057466586,0
9889.97301106565,8.323991074243542,1165.0078492144835,20.49956966096213,3680.182806271934,58.456472090852614,4.924072556950748,35.910157000482656,0
10295.092504938086,8.259655819438267,523.8977930795,15.8870815704428,3281.4762157066953,52.82431398732001,2.200957168429862,54.29350713661271,0
7993.591415312667,4.894107885477518,702.9952592083524,16.642673718514377,2486.8341720834264,13.844385858813212,19.88283210855647,76.98154105847244,1
5580.871167568918,5.168907676675194,1438.6143445640396,16.849542729677797,1737.0166082020078,52.14533559857579,3.5413781471792447,57.97565622685954,0
7614.314179535752,8.954152354216793,-302.3752917033654,18.169138099381676,2904.863660804287,46.298965787256876,4.614364078984341,38.26182002901576,0
11566.658283807143,5.375032788006142,82.21110678450248,17.38150162338838,2014.4912175542295,58.86258625933441,4.6781564178562665,66.62706016003497,0
8325.283437999162,9.492308721587708,1115.6815214282021,19.616572419520885,3478.227876550246,53.71410994588634,2.7637404398871563,46.808819103020966,0
6596.3929241310225,9.059879576273673,1229.462217261661,18.284287602146605,2721.6876306222835,55.39015067469008,3.3034277438571764,44.52712116794627,0
17787.630701599504,7.502930888106669,86.31414520923067,15.766195980790293,3244.19033761997,52.137090371693844,4.184619812043529,59.30873289065691,0
5142.458237667723,7.491961657251705,877.3337869971216,16.566948390256652,3194.6575077203483,31.56114261922969,4.078398077453146,46.45078646300767,0
3762.4029697078813,7.174556476432009,223.15000330009178,17.2109789482153,3235.2896681392754,43.7713461937785,-3.1990914316620884,84.45097257842146,1
4303.390543505326,5.546916804618727,1387.8582531145094,20.43776061185337,3480.7156347836585,43.73424819947326,-0.6202487455382713,89.75611276461822,1
10129.946799772375,6.112327779364037,804.6137495125697,16.481764996371087,4574.382568689777,50.479702861565656,4.511776488475685,44.730448564350084,0
12528.331750118004,10.0945651973213,911.0675904851204,16.795885619969845,2234.57196728644,60.671485119103586,4.6305418870329556,43.75285833146725,0
8630.470165623834,8.659835923450386,1021.2445437078052,17.11241087097185,2108.4535192963544,53.13463857298551,6.577788418725866,84.01884663127547,1
7593.933097017979,5.310353874014315,951.1800881053284,15.475358349576215,4122.393696518968,45.39753113278565,3.8289290424537468,55.10732066135893,0
8517.584027114852,8.220706720693453,683.978339900265,19.41611559824397,1873.3275493737856,42.57923034011239,17.55411015482431,74.34612790879883,1
1252.3904713145103,6.466468526982577,683.9064163148454,23.973637355531,2135.404127007747,37.31803191416114,4.866207161496609,57.56087880695006,0
18734.31003937193,9.727869491325649,33.68712015203448,16.45226396972202,3099.4296066296743,31.669970280136905,11.860510747759399,79.03154339048216,1
5738.883889340495,7.841019494885312,286.2676497905534,17.58406485743711,2314.4278422012426,35.5068812230529,4.1867958127779845,53.64711773208485,0
3759.697150850756,6.303870607562468,-184.55274437855735,21.86054502001185,2779.402834115659,40.45296950044944,4.8961799392703265,49.26526945435782,0
11521.928052855637,5.762912329172807,1646.7935860069565,20.61397975667563,3508.3519938788504,52.637068262462336,5.3916116328600925,54.07418034651975,0
14201.056225935523,8.273501240994973,991.7624889394688,21.81267438447488,2721.8799539931783,54.899293223323,4.582649567416523,53.446093205941104,0
10400.886456313383,6.859899288361312,-12.978682045060964,15.5927205543377,3373.293941591003,52.895262690887904,3.1213918564609635,67.17580205044318,0
-5163.979477216273,7.993890439893598,2011.3293378638923,19.153197251706906,2380.0200456881826,58.136524351761224,2.686687741856972,73.54711397744092,0
17538.47023410507,7.23300740025433,679.6920316502716,8.871875045922744,3163.5783929627564,34.97902682617055,8.57808328311235,93.365940755445,1
5522.829978089246,6.335345292068674,249.35114000635707,17.612260486381807,2495.309848227099,27.230087883064556,21.269337315886617,88.48660952172223,1
10579.042258215191,7.2313899533925605,1848.2835413640678,21.09767485837635,3242.080853477816,57.57241089138779,5.516224491815881,54.63444938116062,0
7712.625345847745,8.79160522030727,636.7263830926291,16.002265267617826,2210.78802349141,34.020342679032446,8.508088542593729,66.69431150479852,1
4670.686827300569,7.94187405033795,1748.5697230787168,22.308031111074843,3499.752145557127,48.649824484496726,3.921762821418332,40.765995274749194,0
10713.273501253654,8.130821547846914,718.1353616806163,13.449536270309435,2549.6838904177407,57.82402380798727,5.172337072414744,51.47822090303245,0
13251.079850923446,5.846882189508679,-41.93999746728821,16.163262780456723,2795.2717273349335,37.14717811713595,5.521610546607764,67.21964288132176,0
7981.560953580073,6.996093424687223,990.3318196940643,16.231976392867924,2156.517370860403,50.639966841948656,5.1522291990600335,31.89200421680319,0
6842.2893004826155,7.539966873008843,735.6585332844727,15.551154766131578,3146.7428078270136,45.009278010501916,5.621128821163856,58.15853510078516,0
6697.201908419203,7.76258873722556,328.8253706617096,10.755051453142542,1843.222413429487,44.433360428861796,4.550017448660291,51.57039170196768,0
19823.846330672324,5.7751695949745425,-101.53634809190498,15.399873275435176,2784.0711608697998,42.0235173810939,3.137620462513472,42.48973193180978,0
1018.2767908936557,7.681079654581362,1446.674164212111,14.624155051486886,3458.0685964563613,41.646502569087815,4.7316609635497375,49.24647758740443,0
16137.265508336768,10.268404605358567,118.9901812919901,18.608475413314213,3621.0225143978932,45.13983272063432,5.042747991085101,58.4635142620602,0
5304.103822436085,8.97663299634648,307.5636208570699,16.638987104029198,1941.7778844349673,44.37474830195349,5.825010187852411,37.56641262390646,0
5848.4833535754715,3.040060043596462,-73.75785380372326,16.631492201467246,2075.692739678781,42.81646411487816,5.519784438382688,66.0111868563927,0
15792.554123642218,7.516671216093351,339.9221445623181,17.556724687189607,4822.382855293654,55.39398646739812,5.1794128689242065,38.27717503097047,0
12293.7402797728,8.537761914629016,-28.12073305650972,21.61428054736356,3728.8826694286618,19.341436153456215,-1.2496501668016986,90.7270874076744,1
-1743.973788823203,9.43787994695721,585.1424548330066,16.89237747189828,3700.9281637283575,57.271499975108796,2.62948529623423,39.09246284177753,0
3103.295555077606,8.476599728293907,1749.5756237890564,22.740768585199156,3482.8977146527677,41.656573905530095,5.579518485575288,38.39663143899848,0
9381.125660059042,7.068208429225765,-30.3462848115214,19.97021077229418,3487.3119340314356,49.43492816278421,5.870275844361612,50.41918040238625,0
11168.617600202795,8.421047337664854,-491.38994153707415,18.202553326361365,2394.6292995062363,60.45293655436038,5.8130002027381575,31.70905586078783,0
18210.688548336155,8.928446435047542,798.5201094855054,14.952442558396175,3041.1815438207173,37.6739375334771,5.890278591386786,60.08991476931648,0
13839.371697985986,9.741877991833078,233.15507170385308,16.2015723002051,1662.517178719229,27.286227736603905,3.3784344480818334,87.69206347497548,1
9923.192983472114,7.769876041766804,682.0347849089809,11.528566291037384,4305.043039553102,55.918074325578154,3.0390008085409606,28.469905613558787,0
8706.890607969259,7.800315430679906,950.940383070058,13.810093803162577,1828.5481003114473,36.96453379568135,7.3535864619668185,82.99411938017487,1
6422.309120963966,8.646936282719652,688.8445116110962,17.528223351871258,3045.2551779792193,48.486557318728636,4.39408772383795,66.46283383583977,0
6184.65683232827,9.0642188402462,-230.3399471604679,13.729081324938,1912.033670755948,50.06453407528909,4.43219265040895,27.82716289746432,0
9615.942640931928,8.671159125131503,258.0777056466478,13.320753603253188,671.1366532154022,43.796138810524695,5.360073177260811,52.69423452054901,0
1194.194266075634,4.184040599084083,139.70495200087134,13.28172682542603,2786.807099777113,54.52590803563161,6.870846121476089,63.907259291414306,0
8456.347282248264,7.364933975362336,1022.9600562269026,16.977736077411333,2019.1152506082192,16.38180740478279,7.52823199533097,77.58865055612097,1
8897.81400788441,4.626882238345148,13.370509967673456,18.73554197335022,3814.95670126437,41.438732291945115,5.025628326393717,45.667158263721454,0
13397.582178318498,6.883343312175667,1114.063451228283,12.185700671154464,2049.6222286309453,31.047805507349988,4.537137705921396,36.15403375272651,0
13992.653532190097,6.534024672459889,27.72800161766793,14.58091944070273,2439.9203039630393,39.51483372556502,4.367518603318094,55.90362208114946,0
12059.811229670871,2.7657509013005512,969.5267368661348,21.264107211494206,1490.7517945560116,24.928252642923496,4.7767539000523795,77.11483524804434,1
5324.622769662175,8.607433799591576,802.3502550453537,18.055838462182727,2809.1433051699128,35.057212810991224,1.4625890683373655,87.71394434890315,1
12868.215009145595,7.145927766636794,1400.194303655252,15.27387821777041,3461.5599988253844,42.25589628328575,1.7406533715961219,51.156207904214334,0
7785.051309566871,5.087927135081098,-4.951143658318301,15.285779731430198,1124.798853433306,53.89850530442653,4.9998282536582055,67.22709710720729,0
1661.3749605797257,6.2831649651546115,581.8715679342545,18.37194918518648,3357.921691210133,50.618994262086666,4.791723669994097,47.95692791399834,0
12202.252445202326,9.717673712164498,1064.3404732341771,13.673358944009763,2160.470089744292,42.57010947573772,6.020728375582058,34.39758022446283,0
2387.081827455331,7.828224083229039,1394.857464617402,17.36325898748909,3618.873197937096,55.11790005359116,4.575621190679074,26.519316028991735,0
2757.6595942716076,8.75185058391536,810.3663805299312,17.534292304144937,2406.8261027855547,46.55199115333649,2.6589828471753343,33.13469940309663,0
11048.471299820749,7.989087366404863,675.3553397952969,17.527787128192013,1937.9170506212731,42.03048603523202,4.357758919165363,49.190120905978326,0
2090.9518263591563,8.520329112698546,382.637096369258,15.993208719236899,3685.314457374022,48.93287742310702,5.405025553238884,58.22842073216358,0
9457.29321737605,5.548528607961706,1330.7692276431558,19.85436694435787,3206.078779855482,28.31245881478485,28.61057978634891,77.22002878254806,1
4946.970434468601,8.212664375786034,1256.9436879447908,18.325248379237948,2508.7645701972665,44.74631680178827,4.6333060215658,50.879642774742756,0
3102.813996199593,9.06459839868928,1280.413229753352,17.49942324166482,3501.2723192170633,60.279334279000665,4.553787758318742,41.035305622497994,0
6231.672423745179,7.826286486587732,1158.7937221908414,18.139142070471507,3023.3705783585942,44.529118373228506,5.928874378775815,50.74851812215618,0
5863.611983537322,8.124139701597054,781.2340552359393,14.66003812231142,1943.0251111603482,31.767430469513926,2.155303241582791,89.36899194304105,1
7544.313381227506,9.875303610724794,753.5753994944405,18.962793467965717,2645.108789957703,46.39372405525228,5.268067297239501,41.20129595289908,0
2216.982901501836,6.342652335657625,-198.1942260697491,12.653733440907455,1976.3304486225902,43.17941929002801,2.65499613811833,55.61711027918443,0
4531.0002033181645,5.16758907069527,410.05595466422864,20.624691847610702,2107.0236135647538,55.96149505515062,3.8563847676521736,44.002781540686186,0
5570.173573837637,6.966935637761827,809.9682354166837,21.878879216260245,3426.846407226919,53.12154088484322,5.158654218624401,32.22736201310353,0
8216.391377528073,7.408231417679799,623.5609593541791,15.704682404909633,2626.8276971086943,29.554588190449515,-2.0616806025066943,89.4449985362416,1
16195.87086338003,10.117011480432383,422.8344652081481,17.459273759831895,1974.8055780137333,49.738792905067456,18.117953384536463,85.66786390588204,1
9712.782363672875,5.5070465053733395,1387.7447824364808,18.071011422025506,3078.185384546042,46.093810202426496,1.3139015785446122,66.00397298889294,0
-3317.5055253793926,8.871559401923223,1084.253416275189,13.767364456884003,3153.5854364905026,38.13251259801704,18.049007175973635,79.62718781980409,1
11501.611242717181,7.954044626141632,-137.1556757856465,17.62836123620346,1912.899630731013,45.7600565463722,3.8157676827622162,53.42119420109657,0
17256.90702464062,6.026975190630071,1038.9976083367465,12.88105721564031,1703.0071785761897,72.74074982408368,3.1513186500925388,39.68002108634761,0
16113.185384795059,7.255137034472684,58.36858271128858,16.217867902788537,3451.8320740783856,54.71065561233558,2.688538053036054,60.314159064340075,0
15303.338068955387,7.509085776149272,1857.6521100230952,17.61576095975624,3582.0914324336536,51.08226006841854,3.6135416813491363,43.4070096314955,0
14335.273309280707,8.06379940984041,6.330295644308649,13.890253184846111,2424.0305818168317,55.747922378537034,4.887204756890414,46.92104034961553,0
-1708.122899907432,8.89863358744875,315.67684717074815,17.072167311567473,3633.73937536029,31.311443159829896,3.6501766063685013,43.154143808586696,0
6406.753824297983,4.98505243716861,982.6993515594368,15.044253681371842,1901.4670947600466,59.17177501990322,2.4644205178605336,37.862878010267494,0
8525.851217547022,8.08233682112231,1396.7485973141052,22.27314807524254,1507.8745984309749,49.04790841959759,20.13364084950919,77.93600942559458,1
8543.245544659985,9.212098570778782,2102.0649413898445,16.69935148103087,1168.3585013215047,56.324941750719816,3.1544644902218586,61.38698946694648,0
305.38247302803575,6.63294816915451,-273.89061121137263,13.18803247197516,3019.282236648663,49.717465123240835,3.807334852341464,47.70909896616846,0
10330.118138705047,6.323604889321773,667.8868201449982,16.04356298085512,1881.636173114532,52.8810476102205,3.8099301645751558,53.395299482636595,0
16994.264446580335,6.989619677961218,624.0629783375317,18.19994356497306,1756.2126303712284,51.31097121389165,5.491142650711135,48.29407335209931,0
4584.812449699922,8.550827708520181,730.639540042142,21.695838207147418,3214.795579472807,46.810385740134485,5.850815918548155,54.28727993294068,0
9854.572856971838,5.10373972284766,381.3840437336411,13.618315292450237,2480.456464956387,41.43625405583943,3.137481229163318,41.83138499785042,0
6865.752962594364,6.466492383657473,884.3134163215248,13.498588816484595,3024.0136011577747,35.599428893971684,12.806351637445099,84.09808799649595,1
4757.745270202804,7.243991910866435,1698.4744597010485,14.950122762745375,1462.9399692545444,50.64255658100169,2.2060293468971484,55.45140879510541,0
-5093.357368216286,4.538479897830911,1070.5344999454082,16.811198200015088,2539.744456648648,48.9317941163801,3.4679970298532377,32.19118359919699,0
14067.9640755305,6.016986566205932,568.9609051155381,22.874887781939485,3717.79880785311,44.96023974515448,5.42955076233018,59.950175796158895,0
3050.5615380466506,4.974874460771073,-424.0759639501613,10.589180346510178,2533.7360972837337,42.63533419330818,3.0075922629733896,51.58549653159643,0
15608.233350657356,8.841247970662666,841.4536469940144,16.092863582255895,2366.307776723006,38.54048508587546,2.73090072402678,86.01780603298667,1
17370.542520566843,7.806977668525147,1495.0081903713044,12.987983859200884,2199.6306929925327,39.72502419592641,3.6188159972239515,58.287404536855746,0
3372.4498501238068,7.702015385679772,1220.2538494345965,16.910016324946223,1651.1229138359568,50.19157105959409,3.3047460717961297,40.3056755671168,0
3778.1092065975818,6.252746963908752,921.2217456124679,17.333572359651576,2510.178063896488,36.70575581477022,-3.3671189567701028,75.46101218873139,1
7897.521606455747,7.851010118328592,1880.9459564419508,16.09460449805718,3200.377423552425,56.199488856867795,3.360479707121995,65.90941358554105,0
10882.505789699715,8.4420404217405,1256.1616999441735,19.752651996167696,2695.22905284529,63.66039111457408,5.440477676103453,59.269996287341684,0
12433.901923618472,7.37550008197588,1392.967749696213,16.79139693479872,1085.4802777247558,56.6155684875424,3.9642546260939424,43.49526000540783,0
14931.537491003022,7.921704276601194,441.75296688776103,13.772556823944626,3382.493388152335,40.86411143445855,5.142768270019931,48.88481103494207,0
12145.40946428671,6.451724597240121,883.6491148977726,12.295145499083183,3097.0417352338663,47.073754037583946,4.93138312772863,48.506865781283246,0
8372.045956143937,5.089216611639663,-74.85148761703874,16.129693988242764,2405.503726274017,37.893764246737824,3.4371172792394944,45.39812951102121,0
14518.260349917062,9.602066002297573,997.4793368237257,16.039615839514838,1918.1736500028433,39.35480733583499,3.95709088222915,61.629808803918415,0
11089.552281991031,7.520272305311478,915.6008725780069,18.750320769810067,1529.7706792196902,59.09647088036418,5.756254838787945,49.81833118594545,0
9751.841233713836,9.136338494763734,1978.290837668917,13.80260923253142,4199.380332132375,59.12716781720219,4.0208039725197455,64.02209589503269,0
12319.310048948091,9.051861417679016,1104.67731478937,21.586963267841156,2274.443129160234,51.36387744557531,4.1093839044060765,58.326657578803605,0
11312.491616540015,9.035019021947155,837.426394739332,14.439790027486062,3236.4513682796064,58.992767157613,4.027091425223308,54.76010800065626,0
8230.995649243972,7.921101418139357,364.617486754574,17.062299045355854,1597.8743028883705,47.63615348879374,4.912800127566043,52.48462421131291,0
6492.144714584107,10.269422745341426,1135.513469815541,16.704475576984112,2437.437517701999,41.96042313407891,12.688806757053353,97.93464924877179,1
7803.610408231844,8.768584572641167,273.5669549406483,16.352195977543218,2826.966525195782,39.38497952506382,5.093397038136386,58.98627866730486,0
5952.008316397203,4.711673735818672,1377.0134469804639,16.54729447977213,2490.4133749463936,41.03931893979572,3.6292590521240555,53.108383975387895,0
12649.763587385489,6.750468386480331,118.15669187381377,17.964325427059364,2993.3439287480937,34.16544164117844,3.8686015547277752,41.21599522660699,0
10284.8907117004,9.393561450842043,1450.8218473170803,16.98675019459003,1874.0407962020752,41.25838657535709,11.90479797387217,90.02724550081625,1
8592.588753993363,10.08825800774801,-537.9307050352446,19.947584694781096,2502.0400061668997,42.19920915370448,5.024421146488103,63.382496307620755,0
10494.945127655861,8.022948230189254,1266.2399580446988,15.258245912655713,3688.517994048494,27.861458397069867,15.649874547962646,64.94290337620693,1
11140.725460215075,9.921858798760997,1750.5629750875169,17.35317301548929,2919.895227988449,44.41220993429483,2.7345459068650166,51.45148696170355,0
13005.880656465713,9.28595948744158,395.6606696292113,15.219440932466577,1974.3185087449433,47.65146530727291,7.308867133830812,50.90110429231086,0
8547.485463017689,7.4674166902857815,392.7252171435969,12.318258924266075,3157.729950036174,52.255474425641296,5.161539999330705,43.205804390571096,0
12078.69087464097,6.493414416987227,883.1981991856147,18.940047252518976,3648.037070184465,44.718817061308194,5.463273086925238,40.93271034649906,0
11178.691066085914,7.878069370077909,703.5024488144406,14.648538770281593,3009.087198410629,39.8220989821443,5.043148835976145,49.32883612464889,0
6187.234958614991,8.780903501333954,1466.722365945221,15.507823686439709,2277.6636518287332,59.36153867256449,5.859547397767365,58.569052705051,0
3566.7106207789047,3.0750983778582395,682.1701812019699,15.587293508342006,2551.4379548702027,40.5474673671807,2.9527414930759286,45.073451467865965,0
4655.114079653476,8.070636707368555,1305.3968183169673,13.537844941383876,3447.317860006325,47.47777450038285,2.9791956408401146,47.75444958409347,0
12600.551144132789,6.137257598508948,537.2256682372368,18.73913573791108,1990.6795617055582,21.312454644039704,0.9187227444331469,78.88533917220585,1
9165.385914061337,10.998070135129682,1174.6274015449214,17.39698477045998,1422.1379978984921,43.75281426635176,17.408028561228498,87.31718475862132,1
12181.289317194196,8.465378618985019,459.37545767112755,16.71694890758049,2590.4330792966352,46.01446463438849,4.479158390989082,73.18102260463802,0
7029.957289324626,8.751079253745537,1278.6362049883815,17.226178952435493,2473.300003895718,21.764056079865632,12.344842391297401,82.10063612957428,1
8982.175358369715,5.964032026250499,1527.8924156491503,14.944148912063884,2068.5758606844297,33.25457582087073,4.201054795813537,45.76622509764263,0
4759.451870386164,9.64311373821306,1589.5646952574525,15.752592087924715,3174.48648497458,44.95643847365456,3.1160877927896893,56.74505033154822,0
8202.698114606059,8.750953194016988,267.578735831122,17.95606288187477,2758.171746951898,48.07681219449271,5.332839133161527,57.92961605445475,0
6877.309654282718,7.440334900681045,686.7767310676584,21.27764863375599,2881.879468496982,28.001434403422433,15.653168852079052,79.18826389683208,1
8153.6111094183525,6.397300483640386,1341.7772752275116,14.096909870331015,1927.997823539165,41.58936785581377,5.456323110790315,58.181755254714744,0
5783.276263019946,8.55886405902855,456.78456433156003,18.067109366900272,2491.7780229626183,55.16866592969483,6.624770246955208,44.709753493612226,0
7615.726929239986,7.344944320694278,1505.8245254839333,17.202925490897965,3272.161769116991,15.391548585318084,11.381822927241515,80.15983766722198,1
11526.696044302167,3.1567824058691505,907.5359173678478,18.975811479922854,3649.5092445284326,42.62357562258059,3.9371152584674176,39.13890313674375,0
10421.601929684693,6.601249677884081,-180.85475154397216,16.689043466570975,2852.052390156842,24.9098976891514,2.9933284717537596,101.40308779836562,1
11104.81860016083,6.806259305659141,1835.7277018550612,18.879283953883906,2075.9367521478966,46.62395282632736,4.165585316592532,51.93655316631493,0
6543.057283202359,6.142004586960449,772.987405981151,16.46193020325171,3322.5069489785456,59.82982444183136,4.987850565920034,53.84750533766803,0
10531.791564821684,8.994506189165932,512.9506533533099,17.113566166119913,2880.8571004202204,63.67766422940415,4.015116659697032,41.438991725627695,0
-1792.8188434852163,8.519070629751228,303.59067326237874,13.460071530214435,1918.9583002677289,62.1139807998471,3.48086284570789,57.75230728837754,0
7774.824534989048,6.209385096376018,770.4024191713363,13.343914899961215,3797.8261655937595,43.038694737760785,6.688030754443759,40.32914127200459,0
17443.31946472339,8.854636296637397,23.41683294046345,9.488504612187889,2907.1767403508256,52.303356969968,6.04926267924292,51.39681965285232,0
5928.785512088993,10.152241724535966,881.0412762272992,15.90576297218345,2538.3485183364232,47.472288389178416,6.340347414879508,48.4277328310888,0
14483.598063135818,6.747179885613954,1031.445519780541,19.509671725701814,3288.8592441375886,45.825355668094815,2.6718695302372564,49.65743180895992,0
12366.59680049901,8.579067051819429,2.150282311711294,18.820448954336115,2231.325839045593,47.70812229656913,14.960195947358699,81.39013181058975,1
9062.706310930444,7.431840675276564,763.2979637670117,20.02554605628713,2721.7650869526847,35.13872072175976,4.24378716850004,75.11862275941574,1
8669.33017525776,6.520808507606763,-477.7357676576315,15.313892525483233,2416.858404895089,52.93855510279357,3.339294314422721,68.04448971987125,0
5579.762963343126,6.4665685173669365,85.26576842966847,14.660333965658648,2638.7391509697636,48.128963173493055,3.9206391735780604,52.301808062292196,0
-23.09091554623774,9.47356386400142,-69.95569392064772,15.138707018764928,3702.784652376511,55.0552027132625,1.5209472169069937,56.952692270887475,0
12600.532537099902,5.4955018951448285,-88.27989052955218,16.260298503479092,2539.3320119534656,62.78918074872888,5.659534487081606,64.92609947464035,0
6051.4373824237155,5.665691939170219,1164.434326394845,17.558622518004206,2836.344242471728,48.74056551159981,21.158322887898745,88.50245519368886,1
-2577.7106305633715,6.126579261687919,684.876794403467,15.166033224426647,2608.3808682417725,62.46902413656069,6.52207721439982,44.83269562478146,0
8184.930566310586,7.0489777109741585,260.86002432674445,19.01454982032346,2969.2795261218544,39.37994007570055,2.4139229057738567,57.95432706807433,0
9774.174118409683,5.028375599483859,1316.7732496619828,16.844131255084132,2222.594966564502,44.406047486167395,2.5152485284604227,33.82848285559956,0
8554.641000246564,8.669132812492474,778.920807725989,17.03477763486918,2383.0442644709656,65.86698879538059,2.6142129749084724,64.22595197789977,0
452.8657940251487,6.471820147100441,487.7187111501721,19.33523896710095,2798.685135774379,54.08540910287046,5.221484145782008,44.76547570165543,0
-2134.71155981811,6.167833058517895,1106.5951972299197,14.007287425354008,3267.8658185451873,62.30413025489307,3.7028785620497016,63.18607828178045,0
5639.057089044651,7.548680631300896,-80.239816857689,14.68688813449455,2399.1831181578555,59.01146973396824,3.2150947483937973,55.27071198678115,0
12990.967509837123,8.285417327562687,1440.4294541304837,13.561459860806899,3072.288940319491,55.60777858163173,2.6466541090997353,53.142893154787075,0
20017.83377991549,9.921394907841655,746.5702906550414,17.54282250372883,3335.114663590691,46.69248958098792,2.339075157692837,55.011620700684524,0
7037.103032391911,8.636110554794584,252.61945817721903,16.91671304149591,3387.8398604495296,59.111284891840384,4.872184591321808,52.97167147224908,0
21880.30487459334,7.6905911238876845,868.8323611217161,17.2730049819797,3259.411305149235,43.47369819865142,4.8432189691615495,40.00813097038342,0
10089.908729995652,9.631858376378979,2439.4983232357354,17.845335642038826,2897.188080335945,41.003826563088836,3.168192612876111,42.683667348127585,0
12271.778111619864,6.757179068043866,-82.42208656820378,18.523989900435048,2766.484956802893,47.3776395529803,5.5449810622361575,50.48848393209485,0
10062.356932356279,9.581382417141283,2398.301512170079,19.138556884050086,2588.5111218754555,62.47345832385881,3.3480329770271506,56.53864504642378,0
10337.224904272847,9.517611173224575,1518.062230511197,17.95343953781413,3701.8872764528096,39.345785009654186,-4.422574089937898,81.42751587346427,1
5776.5324279854,8.94220252342147,378.03251259037694,15.477359330688536,1371.7553326381092,53.774959583013406,3.499009143940103,66.7665080276136,0
8321.366808788502,8.06740155301766,350.22302435887633,15.392608548072468,1327.0381075441026,18.704607000347828,-17.136841239055627,96.63031378211848,1
1828.8476182199893,6.7154052804402316,720.7361833356326,12.471275580408472,2027.3291115130664,32.29839893387826,0.03863979304095544,71.84719670608878,1
632.1735407517863,8.351261684532796,30.528167412908033,18.71904462954675,2583.0424882670836,49.693909740286756,3.8263719149712636,66.98458702375565,0
2108.808435427246,5.477265021922017,662.0067683853083,13.987867755664366,2620.4733863613633,51.16971837102047,5.4627993334613585,59.86514003804201,0
13476.190281111627,7.210359586107208,-23.733918007438888,10.485604372297132,3751.4769928567307,51.38558114166998,5.953967550779,47.47119934221626,0
16094.516799894052,9.56842963075744,247.42412171558624,18.864573953016446,2529.7301880006526,42.896296507187024,2.6908978382832753,71.5116404142577,0
4238.815975461453,7.273649057433885,982.8757786314457,20.82940281827995,3308.6742417552605,41.142533840945916,2.088941587169326,49.002397246857335,0
1100.3835453996871,8.517961444652174,652.7572815285151,15.490863490549385,1825.2956241366533,51.35955768841186,3.690074571703802,50.42039036997231,0
10547.690686685786,9.235090475931809,709.7338592183489,19.92547165326659,1076.70247953267,61.386119368525286,4.384626854490612,44.2081385885307,0
7361.021235084914,7.782581110902348,1009.2075347949567,17.479169758203412,2470.7342492259,33.62774823441464,3.591085797895961,85.52994157671368,1
2363.4187513249735,5.910172461745875,1307.8703351883396,11.494504426420704,2354.1692019901056,62.49812088524055,4.616239238971051,45.50714652064192,0
10305.392481886625,7.014383289219512,602.0167653410449,14.25737986046662,3120.574954950852,35.194940232768566,24.165893433755425,67.25802519559197,1
11890.391234385734,6.149050055328231,-129.343001698364,15.738602929156318,2204.2751627181324,48.233686801663566,5.575021056123367,56.56506083175227,0
12891.750295934122,8.938885408756851,351.63255964580264,18.098631922764174,3281.009867838049,45.64275871844471,-4.801921166964744,62.301086641094216,1
9970.431755222848,6.306964016739711,1383.0186689782408,21.5211273486345,2396.231446577393,24.83105485762399,10.861229029455721,60.59569774491639,1
12286.584765651942,7.807050151193793,241.44556546674823,16.49856625931207,1505.1525817042382,63.488055598163555,5.781793241851181,55.038599341724904,0
3861.390663483696,7.618960575591634,934.348929258065,14.08632168086464,3195.4689465004712,30.054729155477208,4.194468126331117,83.2394278071827,1
12711.264608105317,8.902305355101069,953.4188170356279,19.97230961314592,3339.4311576243276,38.22047204325693,-0.8240147676005876,88.13840570650689,1
13731.250583901616,10.326552645950077,1086.4711688619766,15.120675212670571,3095.684495660426,42.5469375030858,14.87786756289917,58.08014701475586,1
9051.112780470963,3.6950158597228167,643.9401075854349,18.10434841294846,2188.660126844771,46.386389496871345,15.600513967250162,69.67185590491802,1
11789.237737200507,8.63242997456637,850.8585989914181,17.157516922915136,2801.149033891606,45.32472180249409,3.184049947023219,40.26133846306743,0
2038.5658932022443,6.193900358970804,1245.9716253106285,15.078751754030552,2215.9844677793453,57.40772903881784,5.995595773289933,44.131872843969184,0
15649.592592741454,7.108861284856058,1039.791316826921,15.258845361365134,2330.9690168340185,54.83133633186699,3.4165079915424874,56.530079383099036,0
4526.338739791389,5.819601431887559,1837.3495076829772,14.125197831467705,3382.2250368204654,43.934689444000576,6.558141861814536,46.93003642837397,0
10513.637994111381,5.302067011902031,1114.4957100220377,15.382591269392897,2933.2091230361493,35.71406974442989,6.052720227726857,53.1537289612739,0
17728.850983619443,8.348616162494956,19.50771908792558,20.372691844608415,2289.9840188800554,68.19274855314592,4.867152029325404,54.60788848261401,0
7631.91651584458,6.333251281130478,489.57526162564733,21.048574411949666,2785.145795443471,63.08005732585135,2.9589621469066074,45.00991735570211,0
10981.55631839849,6.39866134083092,687.4722967074564,15.07844875752894,2162.801810031679,51.852150176371694,3.6967726844996465,39.415495105789624,0
15068.483860248467,8.137316630518665,135.3537870250383,14.99326354654688,2186.0847799484227,43.83200789745017,3.5789915559914274,43.80128929375448,0
11061.276727190867,10.508015655918863,292.3549766074192,19.418608870375287,2863.712684716568,59.72932621425804,5.776122866240952,49.06378680929389,0
8913.112025701508,5.3742831693414495,1419.5108719114712,13.27071388683077,4081.294125744399,43.495007249228905,6.757945547229324,44.96069320038661,0
12988.325496249454,4.193677986253609,680.8977031969806,18.330685190507253,1427.1501649835802,41.30665409887673,26.4918532083687,63.47615943545745,1
5784.237331593384,8.03353268488801,635.197845447257,17.847865141268738,2910.262912394977,45.829961545150965,3.484844360844898,45.480638619940095,0
-707.4259151095193,4.433496015544739,1349.2469269121996,18.10489259206228,3471.909795303091,44.96091009941828,1.4188978584794905,42.82736094155653,0
-370.3669725909567,6.6550196092384795,376.46798223846343,19.493686343224507,3037.8541554638796,48.29712093794906,4.6759591051754095,57.204568950760695,0
11685.247470001206,6.986157463075426,1539.9960439606798,14.179053667630786,3008.3548033612433,42.70574169865087,4.33540210695106,56.3942804219255,0
6757.332994331619,8.429286244322476,976.9364821425104,17.0176455664049,1973.6336255186948,19.540452220769588,11.32007205452763,79.04395853434495,1
11080.240063598063,9.46725580717601,362.11785559973646,17.12530366452028,4499.5572806805285,49.42634922972025,5.301101952571929,42.277649786584576,0
15824.555507156965,4.455994121659362,1375.397840125353,21.8877353502869,2331.997249642614,51.035573140379555,5.036863555768113,32.01499504815326,0
-6601.177031574352,6.404792751940265,761.8960103670802,12.302704707241467,2518.834571669391,47.06382065094699,3.035502947026698,46.46294957744418,0
9698.908319694881,6.516803799508967,612.8891347424334,14.416373223174944,2651.176567841923,26.262171128916762,2.9684210631406502,66.61200788420554,1
8262.062886596672,8.41385914173417,2528.337855318263,18.707678527801605,2591.124820798748,56.32279206953831,4.811374587703772,47.58678612062147,0
10899.46610909094,9.03034322813949,905.2024508810016,17.575995817568902,3119.8935303233284,58.503391201543025,15.56774035712389,72.35402129444586,1
10952.921757495114,6.624738742502084,800.130128260695,18.685253893212643,2484.5826587729694,46.056920700930256,3.9149465323120887,41.54371512010596,0
8372.248764710215,7.73791852461075,231.32568341788163,18.850144157388407,2074.9356371720696,31.72631309056248,13.833012362556484,66.72715962121853,1
3057.2449842207534,7.5271317812926295,969.4212492494597,15.472644870239623,1903.6666451179947,49.16358889145179,4.796799962019029,24.717548996862856,0
2588.2444623094507,6.730241918629141,1159.7296804542973,12.725829541117784,1799.1131163932514,34.77899010854846,5.551254932006314,51.670431041691444,0
13090.623755508515,8.413218409879141,734.7459589476797,13.773778396741774,3014.898747990405,39.66835548410428,3.5645466295687482,59.89950854400108,0
257.8895689859128,9.574403854067407,1330.0483042014316,14.050698059960515,3206.3932407409743,41.97227659360568,4.715427961844954,36.91221695514044,0
11755.964655569935,6.499321765476081,1595.9976338787446,20.365901607662874,3472.3588523097624,50.7512518532836,3.7974659748960384,54.814953205671245,0
7070.871117024866,7.786499113002716,1175.2556898709065,15.417440947156335,3155.0612098609254,56.92698070867475,5.438959226249608,63.23760538012268,0
15163.572259626146,3.7204975202850794,890.9657650407034,12.732092561764986,1327.1363631721124,41.589425486086164,3.391884953134329,50.2846894043841,0
8408.572490718518,7.293350205662775,833.484856508011,17.171857831286175,3752.926687322,46.59260320545947,3.928778702881268,56.36180488684036,0
9999.461211817661,8.470715647861036,52.8490068053419,16.954842606677836,2986.180769390595,51.938329486418546,4.24741436335556,50.832946375468076,0
13534.038523227693,6.073410723725456,-337.7210651885151,16.549985392158593,3088.5667851470375,41.55983395698252,3.010440872710852,60.99073062553966,0
7294.161633612648,8.057651132710665,390.821441111567,15.762173979613157,2783.961710956383,59.03165388146358,5.188521313373501,51.30151061985585,0
13722.80732956866,10.605773303345048,2035.2541815235377,16.571020763341583,2148.3055135736913,47.71302196016703,4.632658943462557,52.80574965958619,0
8974.907978268257,11.908139680203046,817.0159766885977,19.4351107564681,3066.8142285445683,61.61100368856305,3.7586444718227665,43.28023846646504,0
10177.879908036717,7.277800055065177,992.5909983262436,17.893742338347558,3164.15840984692,23.981000270112872,5.994116605913655,81.45006317361367,1
21912.47284663133,6.699585050900232,346.52398025722397,16.63866518699432,1370.3077530377814,50.60327303139733,5.483968370816143,44.51146140367747,0
-1208.768045126797,6.291891355794146,1170.1743286008389,15.430103046980467,2386.1723192173317,52.70778484249689,3.8213366851170916,52.93786688274723,0
17752.603680025975,8.10845848642141,835.9652664074256,13.65872716255845,2442.4750475861674,54.58925570621372,4.7478067501749965,32.73196797293244,0
5585.3849456785265,11.811132515809575,471.1217480489287,14.940355787605647,2437.4638963820294,55.51952221516869,5.391483966520319,50.115938593253716,0
3428.663976746332,10.687165795792101,612.0100079379338,16.611865507078935,2863.2899727880485,59.8949751481458,4.521303055407944,71.27297413749568,0
11158.289876995452,9.793367646427438,431.15338702464294,12.172943541630275,1563.0290582189944,59.069507984788075,2.0186179482272384,53.44133704828065,0
11469.18241815364,6.445337779397228,-6.224835970995514,16.40074760747906,3105.756500319241,48.43420016732894,5.530021479606468,58.16603570357712,0
3047.322991460622,9.513641318411638,998.5561668978893,18.167228746141333,1828.6661849958984,49.8293409469513,4.545556473852763,43.84612690237487,0
12052.133093401062,9.804818203591132,-419.7650135869493,15.992033005964082,3000.800512792725,40.72371559639609,5.761346097309598,31.121377627776518,0
10588.059446538084,7.278954006954204,883.4890167284115,15.099952873585565,2628.3745305579137,73.75607606196532,4.788696909271911,43.45396979071012,0
18088.302997889212,7.679199724124348,1460.738211018859,21.328375672126047,3309.5358475705625,43.124494505637514,4.717750808331047,55.13042923365815,0
8897.897403256049,4.631404503488623,1489.557239576604,13.864156450152059,2732.244841136231,56.51784577297345,5.041856989487408,49.54814471574838,0
17268.267769485818,6.288912492844432,995.0804299736922,13.225337670072847,2613.5453135935145,51.30604501033732,5.151436464429864,64.845207658487,0
17460.2359879852,6.9143278063765905,-353.935148595158,17.575547092734766,3110.3204553110095,48.28383239731273,4.667342959235037,57.939458036321724,0
6789.379527953247,9.511594432078114,1057.9394340166314,11.834341029966637,2646.3541397909526,48.878576561397246,5.378661687709194,59.45689037497155,0
10224.621962707684,7.126946446178625,1043.2339328255457,13.900584337281632,3107.465435281869,46.854108726697234,2.4843056081772055,54.92719346567025,0
4599.482989947874,9.132274082177746,792.0781792027188,16.22086809193375,2918.0064832037206,49.657150018717296,4.795420733155161,45.60782235178187,0
2471.607587270757,7.0621344464606395,1020.1108996320305,16.590507845612656,3169.7361123144433,48.399998854762096,18.329568290406755,68.57032801354549,1
9097.840819467416,6.8147015586222235,307.9015887008151,16.837946673696624,2286.5759116853887,51.75806467152115,4.242596919810937,64.16661308297957,0
14027.369225863291,10.709815334251129,-199.20667947157006,14.886414297509527,2679.993315252048,31.152648600541422,4.557207473546755,50.16906195590113,0
3982.021072484795,8.538245966703482,392.80726418937763,14.02599095422526,3591.755598155559,59.82857665649598,4.79951097128926,54.6326956914752,0
13558.410973462005,7.549561083816314,1011.3121623774591,18.56699388501136,2604.9118417968957,50.10123571318923,5.54562441087722,37.55563952251305,0
19061.541050341086,6.7775835219549,226.5068286306937,15.60167385843195,2272.1353744601065,42.09713541094207,5.484692174002737,58.782139981549946,0
3073.8103973396237,8.137213744042105,1225.2554647552852,22.392910967317697,2159.455370299407,58.93583542112103,4.283837274708178,60.31761904499625,0
12532.831028833469,4.684384027242217,914.6577349815266,22.933371019261273,3554.3326782668255,33.552676010814636,10.86338561665531,79.14757070860541,1
9930.47446407495,5.797617203496713,874.8737373816252,17.227997293681984,2705.9478704136823,47.86396990586375,6.681934444491386,54.550450942422216,0
14413.297440098615,8.066636152141292,420.4015990814042,13.705139156494898,2621.6661402167,60.708156068650176,6.485601979040048,48.206719721269685,0
11511.201205394802,8.143270210105998,556.6655206435615,21.81514064159516,1967.0527712977016,40.46504953608414,8.012435116530206,59.44300226043784,1
5334.176570537382,9.287535707052761,950.9628466183887,17.46450020108916,2254.2232158308307,42.70975954477633,4.513449783835079,79.3818806715577,0
-228.9161938296147,8.29603464829998,72.52056112762807,13.29065682069972,1205.403675133004,18.25083602081779,-5.088705563702529,88.9266441893555,1
4792.727667796324,10.559087468843021,1493.399139705529,12.809849137992103,1994.8718112671195,51.36320795249608,5.197647671206709,46.63256969952104,0
11446.42561227178,5.822571591328006,581.3234781418856,18.279446411438677,1608.0716941972935,36.92784077724298,14.111809905927188,87.72622985968033,1
-3870.298468969031,4.38847044784014,225.61066223797025,13.180185155482796,2410.5136727341683,50.311326624138644,4.150401592650065,42.39737600296521,0
11977.502855380295,6.884942488058611,1223.1244589968044,16.987961496368506,2347.0060171770897,32.327879763053545,-7.626287741275258,88.64307058851541,1
13464.1108523112,10.280782843067913,1576.461467369817,16.97601151648039,1690.3216794647667,56.97672156427027,4.104670674330198,47.68624042509961,0
7614.285088486722,7.129818785023341,278.2608349802527,18.05953307294691,2605.402052253833,47.69073471456616,4.3442510049543674,61.17520548774607,0
8684.494764219045,6.468654487302697,1351.8272873003198,18.952527489292095,3519.6620895805195,50.40730956428378,2.799611832382811,62.32918586677483,0
11017.730758796672,7.683218447214177,618.084824554967,13.965639954207415,2887.1879190211175,48.69093063314007,4.535474744246522,51.94774005628067,0
5293.754484403236,5.000285513953944,1018.8087465043172,17.87977281900029,3393.3986250593694,64.63650077056991,2.0477539753245173,49.473881266436244,0
11584.402486302166,7.101932696842498,584.1449218716791,14.582164168059085,1532.1840412713868,30.403018575260795,8.76596945470189,71.50124074882598,1
12517.29281679838,6.255512899906602,1644.4723075502247,14.619366592563564,2092.6870930956616,58.456347353322926,4.3439832320938425,35.17926724517574,0
9273.07208629986,8.524010553816852,747.3124615304703,20.154218196257254,2512.260743732324,41.01679075138534,5.925110181621616,60.53069717594912,0
14740.814890329708,6.82721665921401,231.277426647526,18.573361929384806,3030.6017395513727,52.86667256957537,3.2203643095382173,54.343769220283676,0
5359.621716077145,7.837504893535999,102.99063340610223,16.07825906325558,2436.084734998752,42.50394415003114,5.121309378850609,62.59045004063905,0
11013.078707704157,10.034490256315049,357.2038313948355,14.325267499100327,1801.9762395424204,53.913872108400284,3.0398572307022986,54.24919602393684,0
12868.432859210956,8.652611162400206,470.11960012541596,11.541628545971555,2776.6154517001364,46.533195559323794,6.272092404945949,61.51515145933001,0
25919.57677758947,6.706566388968236,364.8179304439168,16.49814905872815,3378.2556846702705,51.08899707260675,4.670253651154194,40.75307769476468,0
4575.191979556076,5.85110608563326,1445.6429978531728,20.691170842307177,2434.579742066637,26.705568442261875,4.979456209218847,47.46851499957055,0
11127.912132697547,8.557704312531543,160.05325299990193,14.471689191605353,2102.163524731026,31.193025743833765,13.94451157913382,78.60129641227286,1
7753.1842546411635,8.780008719032205,47.19761317554571,15.271538403681333,3123.8632513709485,39.14874899089105,7.6691979916675015,85.11525672117887,1
11139.767067550209,4.528239076901266,-204.15798246946986,16.491359117050504,2454.008946896409,37.438106767345246,5.05738512669268,33.94366596937212,0
9366.835348212482,8.879810141908477,1269.309722746424,11.555253944263772,3037.24881962021,46.280615885082234,4.595746117718789,62.68780588413842,0
2477.390561340575,9.655421296572094,1229.7624711257845,21.02993930968474,2212.19972070058,55.569517726609966,3.520064364214816,58.7411408181786,0
17874.93561675429,4.614352218280297,1091.6493274417899,15.649707212669139,2637.432494052968,30.529034021343428,3.3340595434784035,66.19651646266063,1
10230.906081013864,5.025667796022673,684.8239595253995,14.333770436725871,3484.766166243031,50.771016984912286,3.438868756367499,51.88670447509998,0
15023.076594155282,7.8158076281642535,353.84730095954444,13.426471816225543,3247.4460549535047,54.2486810478076,3.7715073703491604,47.99865445771862,0
7147.859586919061,8.15380838698313,1836.1043006010937,15.553722222124412,2707.700962066605,56.474487231450404,6.444190421948049,60.826249210022105,0
3536.495250589691,6.0366546928411156,915.6924113724598,16.061625642856992,2851.829471178066,51.550389710136734,4.019709260481737,47.63182156963141,0
17470.08483533502,8.604226505515994,1289.059987432428,20.206619768970086,2687.6334350007232,55.50749215899735,6.436030714895381,50.98437623924584,0
6720.316669075633,10.638299200883448,-107.93645412360422,16.56473955584944,2169.7997312896873,52.33099564990867,6.701317599768105,66.10076123189648,0
6543.681766475746,9.120368070431264,153.73251046345365,14.924516105565832,2936.716120566245,42.651068331815736,4.520482590239672,47.80941411975391,0
5843.762032904138,7.407105942056353,-110.89258661939584,14.727230103143075,1982.2615371862835,51.8923375489189,4.67114567120266,41.21863681914593,0
-11.2418806534115,7.249531615166019,1229.3830052034218,15.420646224462438,1541.3490438679128,51.508898735800095,5.713316406704389,52.093543301876146,0
4424.921836997959,5.350197393171671,739.4343896384353,16.477756490400502,2828.5857898366908,52.966815141687974,2.8721459372561533,48.105004236078706,0
9735.0956048386,9.551700145949388,68.86579080449428,20.212557372800575,3299.057124509507,66.14245159034424,3.793966122831866,50.947384758329065,0
13053.516407872004,8.794843224478328,1330.4985875005164,17.40573883990096,2257.0365573340646,43.15132102399271,4.074948286001462,42.931465984856565,0
11920.099077664712,7.959806201475056,785.3023016452993,16.840331482185114,2676.476932553072,43.00179020596506,3.8394577527729457,58.755050498444106,0
1544.2796462961114,6.764508004301146,1463.8964119611965,16.59316974743357,1189.9963383976838,39.41104484367021,-3.487241767814673,74.86350984551162,1
12658.193355995329,10.16070357546293,1237.0190125060608,12.01872033117139,2299.758734793684,39.37318566789706,3.8577051552715256,46.61813283017531,0
1582.8904109044279,9.587536357453239,804.078056168746,16.91368393447708,1230.470749197689,49.376735629349454,4.2738997837095285,44.28953422125658,0
7479.744296768773,6.934872741602114,776.4436315268633,18.12774743109384,2489.789762144307,50.31925355615809,3.9255693732729706,56.54641992824504,0
11509.244407105294,6.7339699157242245,858.3163088706394,15.960642947968253,2884.7125919893297,36.268019382849076,5.25496235790934,45.01677027057587,0
11593.167335465781,8.041497194197442,975.9572648405069,18.138458251327158,1853.7536975694295,53.33967225090533,3.6224868320075463,38.19373954704889,0
8115.17860578057,7.222159268123984,1395.2428476337723,15.84969462840864,2951.2035658330688,68.74285606629927,5.853603151441809,41.4766632154689,0
12545.975328884131,8.41943904148659,-1223.894896907187,17.210625309931032,3293.7239962002386,61.713610180188695,4.801911368714085,60.869156177890005,0
8414.71559570451,8.755624868002931,715.2897997798195,17.385872363008286,2127.803712406466,41.466143019889344,13.323128855244825,78.97765790116988,1
19919.68979122513,6.420469986931307,478.0133878141245,17.960941994546488,2096.1687450224563,67.18591361566112,4.085215612073197,55.98174602990567,0
5083.879693994997,9.842932179656646,573.8170211266756,14.96429264505011,2123.6510471985234,60.16423379317715,2.116451265755495,24.68569954221995,0
5877.361883065585,7.140658794460311,1188.7857862138078,15.745236994515647,2264.0246647082313,49.00434696228462,4.115796590135129,60.86530557898822,0
8606.971167843782,6.383861789089428,11.934910972025477,18.772447132449283,1958.4223772250957,52.35213119445305,2.730265750513926,29.175280232973286,0
3942.786065141887,7.221447922341257,624.6973859168984,19.017575166118075,3420.772011095422,64.24510879582166,5.000496597610374,43.89850254419855,0
8361.959068404174,7.66548307549147,-510.9146283112169,16.06453081822712,2940.413549932915,43.3105030836934,4.273130494977151,59.528187772234546,0
7285.283201674949,6.508356947419263,255.2587059056571,16.390068824427114,2599.0214274161804,27.91817937100988,6.271139580230869,63.81888182189501,1
9236.854731084195,7.51211051619995,906.2925743817464,14.233193295275104,943.221959951997,31.76497330575027,12.029415931378187,68.01819247038728,1
3675.729264228291,4.301707761889297,1202.196909618744,14.13702269039649,1772.3214660766616,48.926418485716376,5.6957551384955805,55.58558153281572,0
20057.159314191995,7.584087865971583,1596.9963877603902,16.612029750276392,2720.2803052220843,56.13164767879767,4.654474416887578,42.54121493563811,0
9554.45119892627,8.657588627897324,1614.3390802294189,15.097196978982094,1594.0021926629888,55.1031865300794,3.0891186639996464,49.72052228721707,0
6047.357688513636,6.18601496589744,-13.987036493567985,12.156001829064676,1530.933347325449,53.08819694966848,5.311321936379896,45.82176481190619,0
8355.75013991034,5.271535101684894,1478.7387122004893,19.321924170112435,2562.9143505917295,51.19109283163016,4.7411108478782955,55.9295080942513,0
13004.588118882235,5.805650902319162,375.9337794997538,19.23742835386357,3257.416560149229,45.26162214844198,11.101901843652216,82.53568228137846,1
5840.156660587008,8.690857831410401,639.1507107944036,17.70355087560285,2966.1191390110803,43.39370299796394,5.732629872048497,55.20776444734007,0
10306.726869810842,9.656694632175357,790.582396146135,13.838303838528052,3687.8076019084983,59.18242233407802,6.661254235847201,40.34128365744903,0
5979.6640376214455,1.9882577911155943,607.482224893484,18.35411041763913,2600.6079742278375,14.97857275167567,12.6059267080439,78.88595864597728,1
5746.934339160563,6.701166096819587,528.8649990631219,20.040467274117425,2847.8640405704577,29.206594304241843,24.665403158774716,86.88662295146416,1
9857.009601553655,8.458983749650942,505.4877807856002,19.11994453242413,4037.418104259096,52.156829552505954,5.897371016460007,44.099740309091786,0
6457.495424073779,9.397803017020928,768.1652322135967,21.019253696485297,3230.8458560390686,50.27165508132135,4.831183019304648,53.24504322370813,0
6186.681735506725,5.065117227749366,204.36004343694674,20.591427550179137,2511.4717762776795,57.582566211299735,3.578011807564046,53.688244122486616,0
12138.600710766907,4.839055719792336,1307.355921034957,14.338300118516887,2128.47389946224,50.83063388026158,3.7062145376621762,48.75922773896961,0
9790.097692776042,7.780677216059433,1445.9332819904075,22.17121832897492,1318.6704603358087,43.4021281639811,5.57169292147883,49.75828573641791,0
-2651.805789831713,7.964173787029227,1006.5267821773521,17.167748261638152,2920.73706580305,38.56586496263084,3.506231834864524,61.09371569459285,0
-3060.3021285945306,7.316312317265362,5.920759661258785,14.360213530772345,1885.9950743553159,52.49111950157142,3.0413481455387315,52.89451072850659,0
15565.117129593214,7.684089810472563,310.9515149299176,16.949247107580707,2580.3339947304294,52.78332862496707,2.796209623850917,48.858297322395195,0
10198.762663399633,7.173574137146499,89.7779481522631,13.45065159824841,3048.3920689340853,45.18482271253909,7.281019477436226,62.64050170507165,0
16791.901235209756,7.836299443696635,811.8741108483301,20.06845713654252,2708.3877497763724,69.07678240265176,4.536340363863556,60.78651945959726,0
14349.76671048169,7.344397134998387,-476.0867068243007,18.483938625728566,3776.7208671460835,44.98799827165339,3.541832643840441,69.78651287548503,0
8938.95264482593,6.66959977697702,666.5438501012165,17.525553086780793,1997.6636870334537,47.75030030169369,4.873514039601006,49.153291025003355,0
9990.076864706194,6.404651265377515,-4.5779826473715275,16.595669894958498,2720.400893115637,48.3171391697847,5.091131384175663,50.63183668807756,0
9483.43325080553,7.783667308236614,332.5327837174091,21.748747373592018,2260.9049388965727,48.13169787091347,8.6426523006332,68.22979611977306,1
7411.47056283717,5.964060585644356,1413.5413038097684,12.897636517396638,2324.641267577743,59.409805654068236,4.293562365461197,46.47299204996393,0
5254.554915581333,8.648477511226671,21.44584923382945,22.15211694756688,3014.119883229926,44.68623785705837,17.025147585958976,80.93832945385569,1
248.72461720494903,8.215766728460581,842.6916981412004,14.594048725975426,1748.7150632816533,57.23113120508801,5.8209597665072605,45.081205451855325,0
13222.997616651104,6.837853850625806,89.54628782664395,14.134331254042719,3629.946965848841,52.29018669421954,5.414476648635118,61.62261110571157,0
179.79019961422637,6.56738149603899,1066.2683515086183,12.387176729977861,3080.4578086128595,45.82372568126595,6.1246702311881105,54.39510018819118,0
11597.559311783776,9.203357940869862,548.9604740284808,13.879784669665547,2187.5233150556546,47.51033368661055,5.17926895059848,44.484725998983706,0
12134.121677706771,7.693937593573896,515.7992326951314,18.608421616070608,3617.329892775804,27.598180753937218,3.2072577712682184,77.81419795912075,1
7170.569114247869,8.072660024107277,-288.96291121155775,12.756678819464044,3754.3331116175573,42.487574850384235,3.6705450746506596,54.230799603243526,0
15089.01410059467,6.090369919902466,-597.8505572032187,18.30691595021513,3033.02028658677,49.62600436877838,3.419025910786363,38.63128818365585,0
1765.3745546458258,7.363280002779181,145.44082620864333,16.947990852902365,2628.3308489132437,52.31827582926577,3.510933072759056,54.892397754123564,0
3002.711945774354,7.462644405470476,553.2828369671838,13.083754174673903,2056.3439929018423,47.17503855998043,5.928839541066005,53.821312758908036,0
9240.242888137935,6.462926601336155,1034.1942703695966,22.067892563440246,3207.646831532233,40.97318929991378,4.754856103228187,56.20997565872735,0
10768.348061137101,6.463086385769335,802.3650522574936,13.598244490743514,2111.390360252815,52.256004340436085,6.222078494402534,33.03541845553529,0
15778.619288782429,8.103518981596386,1050.7235204770566,21.371571517415866,3745.491212713773,48.53825230548538,2.776017849384905,58.22156432657163,0
5166.154827925395,6.710785460917644,1567.6139418808807,15.140477386115995,2418.95898949208,61.394267314190856,4.283339650937113,45.31522349268088,0
6997.674460265829,6.793928095442198,1752.8889535075446,11.57137604512847,2963.4894736422143,59.51712624997291,17.036951326357737,80.55789628616553,1
4895.719349982337,8.172610710639841,-106.4057675277196,19.538703271015212,2612.1334742124036,52.50514418506826,5.178240260501519,58.854705829400956,0
13034.399915697602,8.999418355494631,602.5389938466955,14.18337880693344,1962.8652208402168,39.81741032587626,6.648239077289983,75.1366612275698,1
5869.537372555923,7.664972689290949,84.96738643918366,14.936178017324075,2977.54732010363,47.739467294749474,8.02478057170451,82.81210529955878,1
14423.543256261906,8.944666828072311,1123.508539662903,13.270745664308553,1991.5338879437115,54.04431101522567,2.7956378639151667,53.198230626140656,0
-227.04738961299154,7.503727456737994,381.83985606287484,13.431999888908974,1791.507438439363,52.41433544522298,6.324721082115854,46.98780855946818,0
4512.596941242586,8.97555152733984,459.2067469597699,16.995387239440774,1709.7178423594896,32.76665630565898,18.299831696342018,75.04000744664687,1
3295.1826539947233,6.19965346801184,1866.9219180065297,13.121572000316998,2736.8789131339445,53.24192020439316,4.91683608421935,66.07404549823428,0
3197.096096325484,6.5646202872913975,1115.7231793766914,19.089519124797764,2722.780919893573,58.19819040532009,6.599719807056996,54.159226590575905,0
8087.916315683091,7.2974499786411045,25.26708674917711,17.85054367629135,2314.471932056996,40.58641451383275,3.7914710757560703,47.26007526836957,0
9048.039304614304,9.26573870520209,-514.0734382741317,10.951933163799662,3147.179184912943,35.84391810918022,3.3263108848037373,57.203574983935084,0
5955.9724249963,9.510016277596671,278.83772787470804,19.25651020942809,1907.183232816082,46.60419265926576,5.024121301332597,42.82717026984331,0
17020.886810577522,9.471256195527603,443.0747070255147,17.313502929407413,2793.979458089602,53.75677186635521,1.4482881726302654,35.766632051186136,0
19499.25033664958,8.510687099166393,1186.0467896556645,21.328188919699002,2479.1674162215904,47.32181340236138,3.4372171226960817,43.488237061082245,0
17887.432113987972,7.359415453540229,-35.80431748262731,20.329395574642966,1448.200339401892,34.16536244002879,5.109519203954419,66.9045266958584,0
18969.113903025496,8.625772537244906,1489.9402696053023,15.048071075983612,2682.4040328951855,49.31308879361791,5.028983758686859,60.325617203605525,0
9849.12546270979,7.47079471941454,1597.9965652443448,17.968404020792754,2125.9782983278865,35.937700608463416,3.938491533200103,55.54254476026521,0
6497.575899240461,6.892935435254125,776.0814097781068,19.10357930727044,3704.747986167028,34.359311088654806,6.273512083391442,59.852201728091,0
8664.872705026573,5.369981142765097,1440.987416250544,16.328292916361534,2590.7213484161994,45.29327954153851,6.4094583490587524,51.210338785027425,0
2627.7662259990648,8.502409609074064,842.9485324473762,16.16445287313779,2762.99336847069,40.979272390329896,3.9716091783885714,38.016384530009034,0
9837.032963678475,8.642800862223218,1351.9224135049567,15.63829435050099,2342.4872833800146,41.96236111434563,6.431449988446043,46.81433331939167,0
9841.292253610218,8.328023734972394,103.30766828455478,11.807510447016039,2069.7893923530823,60.74365065304981,2.6429627012706645,42.32270857231388,0
13727.698970801215,4.721125338743533,1604.580697398527,17.038594230643252,2589.602665127404,54.788760731555136,5.488982836146766,63.78357221422549,0
4242.4409457969305,7.7556609038715765,-155.62898613242794,14.591538442349574,1921.2961641788092,52.1641078037312,5.74366309030443,60.37466669565043,0
7380.808130196485,8.018824222175292,-438.25544854461566,19.58971181056116,2408.3096717640683,57.38469833960104,2.2113336003734365,65.62668505230683,0
12235.07357768394,9.933016448992133,628.680831443085,21.949600721234575,3227.252134539007,45.78109329823913,4.355673672809081,68.96604068573929,0
-278.0834802395402,6.312150328708657,1823.8749168386198,12.62228398669717,1596.7091432844638,48.397969385497795,4.593693256675187,70.18096732835487,0
10679.036909576034,5.2696538961427795,1557.4875027327512,16.00409165111148,2785.789711824007,44.515563428131955,4.112706536731989,49.45648725599798,0
17827.791942566568,7.837013068518456,1014.1720724404926,16.896754120395617,2821.8334698113017,42.82933333622403,4.764387950029102,52.01785107370954,0
3127.9207351078594,7.338007357671576,1177.6140699111627,18.28961186574889,2180.892486342271,49.36997691004288,4.792783425597176,41.9662129283371,0
13597.995878965048,5.853355820978762,917.2645695534295,19.431326247937044,3655.8448022262533,57.64750448142649,3.45522865084,50.546561209126985,0
11164.769529794386,10.813487841819306,-423.6551436662005,14.072853915763996,2201.5040965186718,21.953540013855328,-4.804760581772509,82.57256047029337,1
18589.59454122174,7.475731279246207,1338.293079321647,17.48803626567251,2893.7934111578306,54.47484327772349,5.40930573624982,63.54892931521839,0
9717.887026939075,9.765068362757159,837.4397751369847,15.117825490137985,2888.5024891343364,49.18873736222509,5.189474061044058,59.983045685783836,0
9415.796478825498,8.021139266649465,53.69109316174365,18.736887970701943,2913.7298550934615,53.526054035510114,2.6901969487533868,30.89034064407795,0
11954.711952062366,5.925445781460881,753.8752647520256,18.51065437959407,3091.1490048954624,42.65907208714934,6.678812946096379,36.016429255397775,0
7695.055507895417,4.251645609825954,398.6249202911501,15.794154607428112,3040.1346837818533,29.90561055779769,7.472644439088864,72.68787010463632,1
12315.809752527384,5.906290927456236,-596.4831741906586,18.03061800739353,2361.5691519268967,51.18445931112652,4.847165563048513,44.81564368122496,0
16425.394711167504,6.856660650441593,1331.1497258186878,17.04858563114669,2165.8931323702964,60.227881659613374,5.125038831073887,25.757351293027142,0
3869.586441445157,9.226632511633069,1538.6632523972653,16.49454438579056,2863.4144459611025,45.30525856380651,5.426220582968154,62.99181252629184,0
16820.415745354665,6.875045543164109,1489.5057236445277,11.10928849771107,2183.1297306337287,52.480550591001204,3.917844069480156,50.16707384737975,0
17451.31184842444,7.448647290107157,854.4611567724645,16.72686762222131,2296.3340639090734,53.50361810383804,5.227379639710163,59.07860637704491,0
5578.6095298754435,9.363991241397985,1367.5522323559383,16.755361338356945,2067.313724240633,38.77107031142552,3.5849022846035425,62.313042635686855,0
8623.76024219642,5.244037622903566,263.36214936091187,16.562261205904672,2496.380776901073,44.825309566659016,4.769519372049912,51.60259286641666,0
10199.809585821878,8.070155470905762,-505.0600089247695,21.762961859760406,2314.3773630839655,64.86280121032532,3.2867554439451236,70.71171302533111,0
12199.941387165794,3.6655789865232697,280.0033974961561,22.221835579853124,2353.2897714240876,37.952297411054325,6.48123644962948,64.11915884955626,1
4181.103884896235,7.94601854851181,215.97947864642265,15.88604732168959,1989.2767579643005,38.52335311276521,2.5542568505373344,47.76601583657909,0
5018.990882861581,7.860363813398629,2442.0807872737205,13.9774036285402,3300.544249440931,53.83608450353043,4.560565264420154,62.06970324632249,0
14118.10338593347,9.87608212295844,934.3040454080509,15.096052648330474,2286.106424668704,50.549445677204304,4.996377477938848,42.74659959185243,0
17022.463199536392,7.999295175773001,717.5805105895147,16.60016520973478,2671.067276217899,59.569069736728856,4.731626559261532,64.77692873032153,0
20365.921020147784,5.9835787963139015,-291.09618531980357,11.932041016842007,2370.7403296331927,54.2075534449984,4.014866106945505,44.9810588500233,0
11675.670193369868,7.3910149081076755,230.27177078211207,12.60076961120886,2585.464127228129,35.09709130839011,3.4084413927063575,59.54666816029387,0
-2059.16725830796,7.907391522373438,2156.38428501923,14.226410876907542,3320.393073803629,68.4133988164062,5.253242873462305,52.4259593715346,0
7964.363810225933,8.822755470312638,1024.8712840985925,17.178939938926952,2072.998532774328,37.27323314513043,4.495304988845906,54.0317016663439,0
-151.80698984127048,6.4886214753303815,929.7208566311856,15.85376791639057,4301.635181059938,50.02558392492231,4.333444318865356,47.11969260560779,0
4269.730956981699,6.213703954805671,-108.94912781125788,16.710303098823903,4097.137705593012,52.77867140278808,1.4042556022687167,73.59485775644019,1
8325.717258534592,7.241886819950885,1104.3079849987612,14.594149469327245,2267.8493284957804,53.04269320252706,1.4877334307515047,59.71088338382202,0
12002.145928514681,7.533514228292663,1568.2992578153307,16.7231955203278,2366.4985512392195,54.87927298123715,4.433291372160874,60.4770156887761,0
10449.403822286242,6.855644085199403,323.69476657860076,19.871742023724487,2807.489936384944,39.11981138951524,3.263885908212612,51.20349915377171,0
11332.990647428836,8.301083323497906,2353.848054343368,18.622374079136332,2595.7540951061364,48.52099858244327,6.636543301550887,49.94669426673875,0
1162.1462192703439,5.25033940312869,773.1609724425462,16.883700851222596,2454.279350464685,21.719249672452882,6.693836351849179,67.50764480427367,1
-5694.887617696941,7.515770182452823,779.9661712607858,16.96401159857289,1750.0090938384324,48.376608347726176,4.4369350056957675,57.71522530876119,0
10575.198452790803,8.389508772072578,871.8265515968444,14.736273353424757,3506.2749291103055,49.901787731982594,5.0356490937102425,47.07483806450658,0
17000.065243355166,6.5831324767591965,404.1856985384291,18.337829139862183,1845.4038543670865,49.177860308099206,2.5035720261643406,66.54634748402088,0
16262.572578716701,9.686888936701909,1805.0837108864762,17.150201816955782,1557.6577958055886,41.024255040404675,4.828313487914013,62.91747850732631,0
1864.9054490526023,9.65624178086535,643.9693583470516,15.758173379817658,2345.85584375611,51.32492100077378,4.244044109241506,44.23974829523332,0
11367.210921502687,7.722377503602642,854.4243830237506,13.813020678502898,3355.2513566539756,43.41705916001618,4.754759541192572,53.91284957120874,0
4746.973620895619,6.304403702077804,1008.9068014339877,15.60683295271787,3004.413480192823,56.60682135862167,4.587725105256892,43.86624371526813,0
17171.430198602335,6.229012049646213,1519.8756151148218,10.5167223143336,2521.6186665775167,63.42147272719848,5.161272149059119,52.672106551450554,0
9642.877405089777,7.517726662687859,381.2123599722626,19.106290107240966,2440.7359951934427,20.366063714947707,-6.470550231469733,74.27391724394893,1
17263.747484947846,6.9268469115487825,1392.453724976395,19.079233047506616,4066.581162964352,18.790399505463597,27.929448611350306,83.91081509416718,1
3288.9639201458804,5.202735564409123,1914.6456440848506,12.297170125195816,3033.851834253847,47.04893517650381,5.522418041890194,57.77549765524128,0
5774.633964792576,10.412322883766063,851.9703290155501,17.258507444709444,3880.408865267872,60.58094273008618,4.236375545971392,41.814751943499346,0
18883.70180599371,6.182494032317923,-84.90169599369062,15.553375894918997,3757.5432755592537,36.112209154834275,4.817700646602135,78.4544118011226,1
456.79875479354814,6.937444111462845,251.72147148503063,17.220729023037,2221.5132706892077,37.4472078024542,4.78294447703764,46.292490161923524,0
9823.677783992996,9.327281381539265,575.5136301228538,13.183403208516175,2655.163957686263,36.97396761827861,5.175263832098495,62.199431992328314,0
14199.910455713309,8.146874633113171,877.8641570507826,17.404829724721914,2260.131102610696,33.56629735028032,9.655319797940825,65.05329779805771,1
7141.667162720806,7.47939998263523,1625.8817460859593,12.667707985861517,2052.3943129112613,50.173323293628506,4.486792414045911,50.99229623381073,0
6599.355518127197,8.70436215072703,1744.26509221123,16.064833696107108,2356.4549773877698,39.839801619661905,-8.676638046330563,84.30013380023584,1
1904.4849799576841,6.304286198836445,905.9968671366348,16.983777247606845,2392.6574678151947,18.358170454289727,-4.3622226151104275,90.89504459563057,1
2467.884120030413,5.444925061288949,803.2986624485367,14.158942702740031,2991.536952157092,51.17593827430844,3.310269258724612,33.31370573499214,0
3843.589908045189,6.594970669305322,2116.702407534356,17.894508753296186,3230.4519202810275,45.333256536972094,5.961057626340859,65.01276883511728,0
5989.049995910116,8.470942116042561,1960.0367415527944,16.283406207153032,3642.1312644340837,60.35054152651781,4.924415251069258,64.5897981683184,0
7994.505458451831,8.98189058417435,790.8040151146238,23.321484619051397,2091.7548328633375,49.08898713811407,4.618588854019718,45.085895833104374,0
3667.094368098099,8.064839335623878,565.664090498868,12.50102518735357,2451.3948208039715,47.85573930137912,4.675195097175168,34.58966930899537,0
1933.7691364271532,5.59269919173651,132.81365197789455,16.551961647689666,2649.9827650947072,45.02724763863453,4.244425612139747,52.63866020902945,0
7600.310378563124,7.517219810753207,875.5749456086561,15.147072585409937,1125.2425554832403,42.86954564094698,11.335671317070648,91.8939137861293,1
8668.477739128366,8.274316107462534,93.04513091415595,17.79593259689321,2943.6992521870184,48.56376132819263,6.172709436649288,36.63597576641737,0
4907.832139576932,8.343268932294396,-254.822323647364,13.768797412004513,2193.2715009193216,49.88044736463141,3.3236235048592833,38.05316531983448,0
3446.006806849745,8.448702648601813,519.8087933595597,16.050858144583593,2179.7632272722567,41.331227642619695,5.89205811468769,36.93178658838852,0
9567.867379233621,9.608265739600096,305.49763597483576,18.309005796367085,2903.4798958200654,52.41545348094963,4.90115995650121,44.77869813774252,0
8800.170222042547,6.239909325595392,847.6693157070692,17.359163090254924,3401.4921949183213,47.48838250467311,5.140875547580342,52.314615824987726,0
3932.966837594944,8.792358085880847,907.9582390917892,17.22305474982296,2699.432627055696,56.7054177567955,4.320497621619149,52.563246529688534,0
10713.794045800245,10.292229533683383,1649.1774476411629,20.027535381768374,1721.2977001472414,50.75745111576584,3.2014102370064057,44.104828675034895,0
9703.96673246624,6.741531866649339,862.7753235522163,15.219073772749455,3186.8824700662576,28.477368162562453,0.6531910748734573,77.58941066168012,1
14621.317114274829,8.271544303968785,1124.1341501070128,14.69308223409242,2279.8154737448235,61.95784805815443,3.0309299899733033,47.23867913518835,0
2233.053795199804,5.751602086931717,403.599327406214,18.308238887298646,1115.2040658333772,12.893004726094443,18.757274293735673,72.49906342511693,1
8288.112991045555,7.046118083957382,1036.8290275237177,13.911190218323322,2750.070060946448,47.771322209946284,3.754608907865725,46.73582373851905,0
14139.578837461904,6.217251475832661,63.505104568354,17.9819496260317,3360.019422798279,42.91977094189761,3.271518665666618,45.225937684021844,0
14084.258375136676,12.000860933377183,501.6935513349234,16.64915948398077,2576.2575891850765,33.645356190391404,2.920116248535342,55.68352148542643,0
4816.772108078224,8.225411381832949,407.63781601473454,12.247890730073461,2354.1063453012857,34.215103756236594,10.045343010369479,67.18330083347013,1
5454.591725747694,8.390375132321049,1835.1534984937907,14.582443041334535,2519.044764500094,45.62529235844174,4.965429052098715,57.04338601147596,0
10142.130020627988,5.135866032908785,940.3035080442548,13.839057251165308,2318.572329103634,32.33961947462916,3.5184752514882214,63.304516715623166,0
14218.62124461805,13.743538770917944,1278.6321089619137,16.008496983197006,2785.942561315724,39.74391065156057,14.19587690898178,72.94576285997549,1
12133.024692519564,6.04654145047431,177.391935855906,16.536570364735503,2735.4114044822463,48.769529776951714,7.143971778309309,59.483392793291884,0
12168.066400477383,6.852922896826126,851.2783975296228,10.765924143835164,3003.7753149676937,49.42731445684897,4.998455547007188,24.338806140675864,0
17266.341145034137,5.582653270392948,328.0175509978132,17.082134633912418,780.5452530994964,54.88351855847594,4.949889223560931,71.64892589101457,0
8267.307779415445,9.528800893441874,-126.33189278029181,15.059644185795275,774.7597736942455,60.20197610337578,6.313587359043844,38.28832332198763,0
21125.08505839057,9.748036384634872,202.37631546733792,11.409508895206834,2649.1374445620286,51.54936014678535,3.705972154840417,65.48917953418203,0
14317.094072205276,7.674467986342165,689.8045730322743,15.805930632743976,2772.9964253149383,46.76387932286644,4.93048337279594,39.15529376421216,0
20397.804482494117,7.609510670725632,1977.33202179199,17.444065892234743,1889.5171289395607,50.338104519719835,3.9633307683869714,55.967937773308144,0
5954.666691845158,8.44431504469962,-45.1646854545088,16.30896261140091,2783.3736766440616,62.20972767037023,5.525933581267379,57.9393512091051,0
4203.2297581872535,8.217088345241969,1344.7743718185698,17.391462676013155,3351.3900044285565,52.42369845998985,0.5045954429902451,52.42902540711251,0
13964.403425930574,6.213259737113683,380.1281396523431,19.133013949026257,2738.824214572506,62.466799681135825,3.1217000217135134,46.36215470390129,0
3654.825050067351,5.095954919799588,1606.7577669148136,17.187709086838275,2848.8155731978813,47.01779364428197,5.925674251501272,39.467936039573374,0
13920.256131254693,8.910000902377279,453.3560392978198,15.278034481977487,3062.933461530197,61.27236773129672,2.459854957406086,48.60485971666929,0
8756.313009326279,7.830361138536443,1774.1187935854114,17.43024728155315,2348.956484319828,55.60476317821702,3.6715942519873144,67.22267390987025,0
-1353.952695952783,7.414727891722264,249.8893197682006,13.282369201088288,2278.9841733793255,69.84520734009715,5.68623132557693,45.05119341820681,0
9472.364526342903,5.929293319903778,-175.57815229417963,12.715086847211975,2379.8993623587444,50.120271404334325,3.554690090855473,63.4648059555603,0
13183.68574408517,5.557327326373089,-1.0181254487123397,17.904328201239068,2868.2825560484857,57.26383806244107,5.151329608695074,47.94348088146614,0
19396.161246402524,7.257976046088888,1078.2326925157558,13.68544038937359,3149.925586029196,36.03224774020015,4.772776554590782,41.83393812860416,0
9964.87201045645,6.242232901309523,735.8983806006096,23.63247114538951,4044.669522359868,52.62100973862732,6.523044182665828,41.45690349585637,0
10127.607684281613,6.204412755057336,504.1720030139599,16.833879733705803,2961.5015491489416,21.665678545504313,12.536707734621725,83.19127343069039,1
13879.422107228747,10.795628658567495,992.720266531114,14.87434387194731,2951.198485662918,52.66446748053638,4.263826652282848,59.687446211672516,0
15090.886516417642,6.502729172115686,202.83044185776157,14.232148794336348,1888.2071331986308,49.49521957636523,3.476138258229745,43.02921087199303,0
8721.571114709222,8.55474572290485,355.45396087527405,14.754882144507933,3441.674020553489,46.30419521622973,6.544472585636685,48.37751460041505,0
13598.826439754892,8.674028404497705,-650.6445971876841,17.979251185385614,2946.9709166367293,43.4752658302468,4.383372547411876,48.86403072365252,0
15667.498236878771,7.204711780402681,1728.5421215434121,17.230146087391386,3637.057218683293,61.249858874100426,3.9134675461039117,43.47601539537522,0
5348.53242856514,5.814200170977524,-136.27800902792387,15.001107164990874,2768.0751806364015,59.306257062353666,3.693337352937114,67.60628034624493,0
14140.753768497925,6.4914548073604195,1584.869016392418,13.27428952210964,1659.8064336051461,50.05587933004751,3.4451804772594588,24.719954109795097,0
871.3093401397655,8.457827830725346,1170.734101811824,15.70274064657495,3641.729648502829,40.0288520116867,3.174397972677472,58.62057590546545,0
16225.522752870587,7.70936851607101,1209.0669167931737,13.693195970337667,1902.1619836292834,29.938025233573825,-5.428092899281623,80.98715052321003,1
14681.674666136907,7.165252959014459,1087.583447932502,15.979227533786457,2669.3728181219067,48.03344698631154,4.492060507015815,55.89369607269572,0
3056.380775288898,6.8747474750042565,863.3442586320175,17.02170146049162,3726.820474459932,57.26578019273383,5.746607654378512,42.19782851862358,0
6740.317391460356,8.649380688387897,854.291169629996,16.795805770148977,1134.1980323960322,61.803633048338355,5.586143019803267,54.732152090075886,0
13043.725782848012,9.702702428228175,781.1871764113358,15.22684088842487,2484.535206461153,30.55902099418115,4.941383482132638,50.62150906085727,0
-1255.0709822242861,8.227446203987206,655.1847835207541,20.658911369705503,1723.863541654498,43.433288329197666,5.084503870938713,72.08348264339871,0
-2285.964982204807,9.91401770474451,1259.6082227762708,15.120583016582037,2468.179298272924,44.96640314423741,6.16010889426717,46.30756108384243,0
10346.951519046102,7.466938602333604,720.5056634121992,12.303152841834493,2147.853857175455,50.901093454605125,5.732405294145188,55.04257244484152,0
14092.861350940953,6.679598203568548,123.55206404636021,12.23919418155402,1362.394964261434,39.64054491727792,4.939592980249293,65.30172055220521,0
12590.491551926927,6.413107969072463,533.1732954061649,14.704662695909118,2752.3518802710514,38.96381722509337,0.2784083847830434,78.57511148273441,1
3415.1484094977695,5.939470226852276,884.7777837927799,20.144777095330642,2849.6488863475906,48.70971653071084,4.256241544411886,57.28741586465759,0
14790.228405212383,3.9903076667605397,1649.6131872775923,17.417645895668983,2199.959087918415,56.012505803217365,6.133845843417734,40.031329052431296,0
14833.314937944513,8.254278302934965,498.6162466083852,11.527594196520823,3668.8756053922452,46.61250733456578,3.3708768568285374,43.56751568787433,0
5348.701868988483,5.637382485150254,231.37184577184564,16.28748719605887,3265.2013716743954,48.982751764346155,4.806941102791638,16.640984505309035,0
6496.712016093319,6.48818925573927,395.60787758877206,19.47712529174823,2980.415457041251,61.68544265703309,3.5703791308033863,42.18642304383054,0
12369.552721482925,7.7367943384076705,1453.681700759872,16.882439619148492,1907.6433668295904,56.47876848895542,3.4450161610877448,46.09000558476362,0
11976.017668801474,8.202237851482106,423.83138380923754,13.120952085021058,2508.369322499063,48.3787738974228,3.24729482370122,59.02325761130386,0
11077.598550764056,6.501114612367379,424.5438998086119,16.253429121793772,2920.3867350689798,35.93545459386146,10.840693621613873,79.5039548884122,1
13707.180688504388,7.006076186328357,307.544148200957,19.23385037660299,1390.4562267750416,56.32312861228375,4.506102475353881,30.83699234002293,0
12653.879155325994,7.858761510614442,1957.7779673419677,17.455627491181875,3141.4613708131533,43.824876998512366,3.5884178869999466,60.45802915699515,0
12366.038473907302,7.627286591038914,244.94511785909566,18.889199509063246,2580.690531369172,42.46996038355347,-6.750667751443256,71.40613868929249,1
6800.036760098052,7.883836518142613,906.3086942240244,16.597887301905487,3788.809374987253,45.00151036371289,3.8335195206691934,49.74230644122743,0
7471.936856577141,6.827812650858407,911.024369904619,18.27943281626143,3165.5626782039712,60.150461250535656,5.107963745890803,52.9952041941616,0
8958.603790695732,8.29220857178078,1077.105179426884,21.950777255887786,1399.2517013272334,62.85615206599425,5.979274010481941,57.4958257137363,0
3441.091228082053,7.905352159376104,258.80499942764084,17.07333241299328,2826.6878619942113,64.05102390102394,5.60877921494418,50.78115692483465,0
14326.980449761764,8.674001222511688,1528.9088460453995,18.268947085823235,2919.170628105421,48.65329892610247,3.698661126854052,54.35946323899337,0
636.6115276636701,8.658233588190617,1132.7998060116524,17.86801760974021,1841.9928668615735,43.68518107277938,4.20391526333583,52.66826171080387,0
11522.762177420254,8.023049485125648,-177.68387911334798,13.651642708181342,2079.583725700856,52.053753382365926,4.852496822008798,48.906837427639594,0
6092.603257101454,8.073701066472994,488.1146405444349,14.023345756568675,3177.171919717478,62.371189497518635,3.8394140876788447,45.73213529076575,0
11326.042788433451,5.767223443895139,-500.87216574700005,19.972709025084722,2055.614643552559,17.293476900777257,13.555129202358394,82.05412697218661,1
2042.4219769265246,7.486154057927104,166.03137209485533,10.462866468120598,2242.425631442225,54.615363285474345,4.902151359688396,49.03250594669645,0
11421.939527584029,6.395014213200122,33.43294230114202,16.900397830467043,2663.656256745415,38.088621951435385,5.3482755491022145,40.829719712592095,0
2236.647232298141,5.872087537747291,529.7235408430071,14.013300892567315,2502.732643714504,43.617423028457765,4.551878027573869,31.377866735511525,0
22006.249866933482,7.212268962056232,888.8865982214652,11.04491647396748,2420.522528899413,54.0205981949715,3.8939792751057882,47.67400761564514,0
4205.525217544359,7.718740588556429,737.7093076841176,17.404004744485533,1915.6675344986013,38.580488388565705,21.52362653450225,74.50679469716746,1
13503.222167002483,7.73190317823265,2004.5379030332715,18.033306211026314,2853.7173032241276,38.32170662465601,5.454025751123007,53.22020479655214,0
19036.798295375105,6.948191319899053,594.6078009369289,13.30297099954935,2773.4641842721585,41.8564044309188,4.819458312183489,39.91469191747353,0
8997.008151031592,8.342987576757416,478.4046183171042,20.198634734969385,2468.894023651881,38.28659498172314,16.57725519708699,79.44225662320187,1
5929.284013823586,10.80310502532251,645.8841797001897,17.249959681874998,2194.2650426981763,47.258257784974845,5.721355162843152,53.544065674743386,0
9999.622651755835,8.134386142320917,1082.7053604463829,18.152927599199003,2669.2414646915195,56.28779279092368,5.767249927750266,38.50695422609839,0
6840.311785114353,7.622293088123776,-906.0052577737525,16.059838206701244,1769.1050064499827,52.880131721905805,4.1353638846226435,53.8984764937742,0
4208.986789786167,11.372215613902338,-571.7078839093723,19.376305553472562,4045.194523640609,54.0431120938571,4.119325934134229,64.21893088704343,0
5437.44445658875,7.459267074776772,960.8827634107869,15.223004521771006,1731.289503485281,48.05274820163904,5.360255441783342,36.18450941120562,0
10483.963065649405,8.141319177584775,243.35162216249944,20.534588027539296,1862.4621292503757,44.180368602215054,5.868015943680943,65.28778835710307,0
14582.633811416912,7.829933011394814,-143.73685904834292,15.848801946947471,3349.934981608611,63.903238094682,6.347227827120832,44.155007843780496,0
11942.97382299937,6.887814361240597,1191.7216932154379,15.72226630187558,2249.9503485447844,42.69756410719044,6.383500879537294,42.318057649945175,0
5618.084265662091,5.376087606781507,995.3495862008648,15.030688526193973,2582.619732142484,36.23354792207164,12.23649777413474,93.5679968549148,1
-1667.4686755777948,8.103203293205134,2243.6584779505915,14.619689809704528,1913.7922028266626,54.854360200477075,5.215210407583344,56.29476497114477,0
5883.263710130192,9.701204938406915,139.04470653440677,19.66684437881702,2946.255771956391,52.60043765134857,-1.472931814242198,76.02087426381965,1
14474.025155386302,9.094260872210615,1165.4051610909246,11.967044103430695,1508.8383139186847,48.08435924987533,5.821463496873251,48.32368474511636,0
2313.0276003614044,5.738471855750119,279.792770010435,19.058127938997643,1946.181333928912,50.44317529426667,3.565512581557017,51.44627633789544,0
14836.614890067642,6.142977690284409,473.6051657751719,14.921691518863994,3603.9027443999275,71.8876812750679,4.508583907316985,56.95267500252237,0
14651.403203021182,8.690647497982301,868.1137453568683,18.284969630452746,2975.582058691581,37.02143509364988,3.923568393010374,58.701781747467706,0
18730.438464663417,6.0193236316403,48.32942222102133,20.89325522969171,2575.64264305634,40.60686102015109,3.5848525002773757,58.21564124624614,0
8815.391876716763,8.42319665182155,761.3920812536397,12.628862464983607,1944.8008127485573,44.20064525686718,4.620810603718721,44.66454662615946,0
1570.480740441577,8.376283958042714,1261.200587944165,12.91470793958787,3328.511173890298,42.30822549191595,5.2110252117130464,41.41413774370014,0
10686.67894004467,7.078183711340116,19.088747013361512,14.84495744348827,1704.0745663785128,37.783033637313956,3.433290229128275,48.24541564958237,0
-857.6892637840829,6.971478780410675,-437.4758054692753,16.35871834420561,2613.656504624096,50.73905167199176,4.709241105321964,51.180494666897744,0
4465.373597620628,8.431960760918638,1534.969566403936,17.38355581005511,2455.280218077625,47.769640161827574,4.125442358950456,26.57753129592702,0
7108.677738319412,8.54411924771658,838.0113534813092,22.522622690985585,2551.770251128105,59.76572156396353,3.2546454323781795,52.35865065749571,0
8943.214071795364,7.826934221899332,849.2737006004095,18.88522367968388,2394.638688974504,53.64140535895059,5.437210745528581,33.241598354481525,0
14281.786111010408,9.105081878953587,1645.5289754800076,18.69815386985335,3673.2544511296933,42.764795981353046,6.809806034495839,53.64170063142411,0
15587.058930954245,7.228988842187048,996.5352039846979,11.23676020809739,2907.7532765538795,47.25421061458667,14.961740537000482,69.77187355927303,1
9942.679003758558,8.931136082060465,710.9929738615558,11.700057733142,1924.9097955080324,46.02429493663599,4.576585470040366,37.15630591690826,0
15008.514651554047,9.187882335237036,618.9553104976895,19.07318987585724,2086.439546047482,40.42787961479254,4.949060081762974,53.09138187334798,0
10352.748747970065,6.323757908016829,761.184248679874,19.8815540201567,1649.170057840688,49.29957162837248,5.254726931635768,40.19029081473924,0
5551.39224018377,5.781315344638842,2011.2106517492161,18.02659408404768,2996.766986507641,57.42710943308937,3.51991448176212,44.553766106617026,0
3783.5089568604726,8.089975579305738,1490.2171772960728,13.288801357786477,2945.3004807526167,44.37090844712616,5.488255343810368,56.11106095446024,0
14323.141098317068,9.997104510226828,329.0484677398315,16.730991207512997,1552.893591145776,59.66619792521711,2.646454597671104,50.55739773326368,0
5649.1499937735025,9.65992779639084,1346.9215120640624,14.168075369530637,2615.8585890487534,41.611380133380365,17.25472955671135,73.92590752323865,1
10105.6401587283,8.332730106984247,1125.5135191850602,16.211799284258184,3835.9404348463786,47.37893250152031,6.010513487712082,73.40300215856979,0
6905.484756174003,7.913954050821416,402.99099414776526,10.895284146139332,3091.1435607734556,48.15431222012141,3.923495736715807,64.45635046658087,0
1719.1545730599046,6.728952553493331,-44.38197418276104,12.830589681300204,1872.3083124464483,56.51747549835255,4.486092258817415,46.556540950662914,0
5258.609543273824,8.704331859802554,1636.1435537772495,15.502718720886106,3741.2549936038913,59.56920177220901,3.4944249423848177,73.91873389457284,0
1620.692100803978,8.932268478508325,19.637554519156538,14.50478794135242,2274.9439235728,30.88793189429184,0.03479260647498794,71.479468623575,1
3150.951240776176,7.514833803905602,-1022.8690436653657,21.5004524417416,2046.9750147974232,56.54838973151999,4.188386443790965,52.14014389700837,0
5379.683149039876,7.967234372236571,1695.37366656915,12.81563870140253,2414.3392147009595,37.41429648350634,4.2907645963049585,62.46164997877945,0
5172.440630125793,6.789627705603483,1181.8008076452777,21.0512778094402,3495.852581816541,53.83202099273591,6.675488664790499,53.689151288291946,0
9210.956701516681,7.691523245176074,1015.4377469938324,14.877890057630893,2060.945170644633,55.58740107507498,5.800070572300022,60.81580728364782,0
5864.999660157953,9.772830414989855,-340.15107426916154,17.039340912518742,1433.9128510481448,24.464773796839687,9.006858578838608,79.23035463559565,1
11199.588318286224,5.117319470188054,62.894322056547026,15.38995084885901,2722.971587472464,33.24449978628078,4.379288273546151,63.173839179398215,0
4968.914858453843,8.444021374351,-78.57681703902585,18.661629651596545,3334.95416238725,42.398779759585025,2.8908335568224643,55.74081282106535,0
9369.70801611792,8.111685409689212,776.826276861944,13.562345253751753,2906.2073300201973,44.91755704302668,5.280587567986123,38.19501513002361,0
5866.960946161977,7.090737769163283,1202.5693543009638,16.720594202788988,3234.2129804622937,49.55918840214143,4.545701406863391,44.21348945879545,0
9118.780750704696,7.914951501223134,533.4251083035817,14.855580121345083,2072.2565348345856,37.11197785691866,2.897007785819374,46.51691604955994,0
11056.194845662034,8.38345583280301,1037.4660834122249,14.764948033303579,3165.0150313614104,59.477951189653446,3.9145570943114456,40.68842149843399,0
5886.665941405306,9.823987429092192,1358.7171695583415,18.3445329534549,2291.327979676466,45.06378274803781,11.488681241311433,91.99537838647909,1
8868.772373700693,9.894116492453803,1652.025703962855,17.57812085531334,2905.7157121197306,34.10151816218857,4.245049529958877,61.23080399340639,0
5650.217572218933,8.610526216636115,687.8564258759826,12.967869401912276,2451.949538240873,19.882534619118356,1.8937511562479878,80.27154909222497,1
4478.218405766719,8.177794184130272,446.3432070991269,11.75708474176593,1826.5807869096393,45.900052872952784,6.014113392474,46.61072368650857,0
6803.395206672074,7.200251148306779,482.75106638963365,15.945111385735617,3344.3042236590436,44.20068676987603,5.918193952730447,48.9141583821961,0
3413.1657327280036,7.6421412787939715,1097.419648278647,20.66284162152995,1023.8131895989825,24.34982450785359,10.15006359068304,96.50520903087974,1
11712.066475264692,7.611065197573673,447.4646544157288,15.861266272118588,2669.3676618446552,50.85335724293636,6.227517512916163,44.09638308194669,0
5880.237702086082,5.221472296013074,750.9379461538887,16.287361971478585,1825.8362166220531,57.72917609927437,3.986598941138553,65.10731651539214,0
6730.053170355184,8.248487009138904,-779.0070933516586,19.363205741126073,1921.9371035239071,35.00571665645777,8.668769699185665,62.36749068008064,1
4464.512930392446,5.047471553756324,1807.2377379158402,15.734721685044505,1656.1521337894815,45.349381631639325,-9.722285607131944,79.35734871570389,1
15253.939225612412,8.7902408928645,331.48566816807227,17.397597629813717,2397.883966526182,54.47729256259495,4.405053333138589,38.66993434218603,0
739.9793152513657,6.878155867431762,-89.69941028260223,20.832535856693646,3328.621449748942,69.29312153430855,5.653632431782576,50.85195929970787,0
18420.958842401957,9.724490769724573,802.6819705392412,16.73742629096252,1861.2680358588393,39.457601983128214,0.9765588674662617,43.9403701605249,0
7802.962739629316,9.23055677576287,-101.6804127895274,14.190546135620982,2004.744919419673,36.425862920955744,20.766216394999415,61.49622315118158,1
10106.248725034175,8.394343705956503,397.3505642096879,11.937464177976576,1432.889460123393,33.85412710855043,4.067154599460512,48.773448996923804,0
5929.3129477477405,10.7539474825608,1336.2092360266784,14.50432922383411,2124.681012066188,27.002020622796913,5.172266233068279,89.77965012999921,1
4091.5719847614782,11.017190904073512,-56.35218545577072,17.997715389041506,1828.006070377301,45.802649755477084,3.473360796113261,55.25112942885816,0
1034.851705350382,7.986462218470178,712.3978321136435,16.352147860579926,1085.1080874516401,51.662825905101165,5.33631676195531,57.324765292380995,0
13173.828485650378,8.066447906880967,1596.3562438066074,13.805300205289289,2720.270031066406,20.93857558017099,3.2053601047239173,97.23884876422765,1
5670.42657921661,9.68408572435187,494.3244164792304,19.062849260731078,1592.5933635903148,37.62986124104715,3.9851223479630216,72.96203280013957,1
6070.144638407846,7.184830234675578,-316.9187410172482,11.791191183404605,2473.1194585415838,46.93217584860891,2.762250269667758,65.20277988882833,0
-4767.607913584225,6.68096550111318,285.1473627767385,17.867262832376497,2832.733890642936,34.00010751751767,5.4980797660178125,40.84032418634848,0
9605.427868887347,7.061002744206246,-432.32334461691255,14.090060506885049,2379.5697410320163,49.39049910967186,5.564343128967806,41.47232137430069,0
8900.126211839619,7.6233474860859864,1065.2662718203019,14.478704090872899,3014.351477812188,39.45378966376047,5.236243355022226,40.92503619264008,0
10120.747135566664,10.291703356033242,935.2318142575765,20.15131574686931,3183.1477161190796,47.49938059684247,3.9300519545743473,35.95234778332999,0
14946.747977343819,8.213541673110615,469.9955988902807,17.28872581096992,1499.2833549322954,30.861322750262914,30.258558818768655,77.3109232378499,1
11082.543692317262,7.17703096014774,1270.9624231983917,18.046020894098092,1401.5652481216305,51.1020672413923,5.39759447835264,52.70463508730557,0
13440.988282133882,6.592741333794826,281.8757936702561,18.456033221560375,1809.6798747241405,57.36407660052543,3.8757491838551026,49.939381742264054,0
6074.559620872436,8.266291424388827,-132.95268088799253,17.480836396320626,3379.5227507887594,60.98199732999099,3.928787999974978,56.424744465726185,0
2952.6563624839173,10.525355831248412,1023.6694062268766,15.137044720550378,435.9398471643767,59.225357587638754,6.684041775320927,33.20791909946216,0
3323.505792062083,5.479314317551916,1152.3581484731192,13.857958193801963,3368.652725186522,57.72211507504358,2.6514807394508444,65.8371754563954,0
7410.886613441111,7.005715335297615,1616.0890373261198,15.606121948826145,3933.795796330014,56.43189196712402,2.331285228521119,45.56073505565108,0
13206.536376789114,9.269915855733927,564.9037637980639,19.839013256444705,3170.695107317909,36.75997252127395,3.580463318213913,100.55192742590714,1
13224.703092532609,8.38978803303498,765.1652386715671,16.908633510701968,2163.7764645689394,43.29135472414798,6.407475999435093,47.149044841716616,0
12408.463182917647,7.305191052163843,582.9253479493406,16.662306914530767,3181.376955994479,49.57558406459915,4.492246087105152,59.24577865862851,0
1622.389018401439,8.562228016450486,547.3256327854943,17.47327876843777,2908.5327668387695,16.013786543121803,16.32257509608076,74.62170931546699,1
12221.932371453722,8.024362509349153,566.2693210743735,17.330402493857285,3053.3154685129784,53.74059929985726,4.524964828527053,34.09569741480703,0
7654.641224504794,4.461158931553725,1958.4915348460504,17.62097240452012,1866.3496134801644,53.910767118503905,5.2503474150504825,78.22000249838399,0
8583.744714450717,8.234750962949873,918.337457363237,14.27881775188847,2321.9596705629924,52.110552685434726,4.216160097484651,36.67871045369099,0
11831.158722079106,7.039810738302986,548.5541457771446,18.434346664414264,3188.7634587391776,43.204660242269554,3.3672712280010755,46.292035662004736,0
5723.250681090168,8.105227087550274,767.2313867425954,21.88686530980395,2666.983026199472,46.799540528939794,6.403336957705574,42.77699812046408,0
22977.262167134704,8.347939720169936,1174.61643444715,12.192202622088873,3284.930628535872,51.66270706691257,5.337700157901201,39.61860714988563,0
6107.190844746361,5.516280712363221,614.3306680640263,15.988198467784553,1834.830098599302,39.401335554378925,3.1165176676231408,56.235995270520135,0
8930.476446425915,7.28885928782667,983.8779087033294,13.377623703782001,2034.5269611055455,52.35864551367756,4.0185921939031335,41.668668663196534,0
-2128.772701508451,8.159907750636732,1642.4961812809422,23.36281005920212,3648.6439229458824,54.266600244914784,4.52156709524197,46.210159259418084,0
9843.179002585603,7.821127822711974,59.68344958010539,13.20017575815564,2654.6413646287597,44.85479671901876,5.8701971132834805,44.201448185366715,0
14163.892220474216,7.974802920231774,449.28330770065725,11.592315871877595,4260.540329619512,48.78960768184234,3.3630925259778497,44.04831000924821,0
18061.645490560684,4.839421663684493,416.88959795064034,18.815980025670992,3435.516157975558,51.07008459243384,4.703252963931249,60.96724207629284,0
6410.404675980268,8.052651596911943,1863.01556451834,7.814625254505753,2006.7499949581618,45.635086749369975,4.869754003843806,30.499220734756193,0
3614.414343622667,7.9416154877862555,1076.0611532351218,16.31504406353249,2316.887397279896,42.76563850678728,2.3466676978933183,36.12246918998563,0
725.391324622592,7.783439970296406,348.69979680166495,17.189458978399628,1887.4783745703176,33.601213193942876,-4.212682101586152,84.34610715548924,1
6065.209638660963,8.7349573157211,501.4045623720036,18.01861982393447,1086.6430184840633,16.546056747770958,21.814530207878555,86.71987740136495,1
11095.51844616922,6.962443549217143,228.6005161961059,14.310539742736516,2587.5464683457185,46.20893704171425,5.295214029223398,61.96260988306875,0
7837.6497126955865,6.3628277385136744,269.10348034202246,17.13527395404283,1818.3155514090195,53.85668785055306,-1.1521060035373374,83.93963223734605,1
9358.586273777586,10.13142806664619,443.0168530532407,11.606157588130525,2567.984990569096,52.71826417711384,5.572250647066931,47.740167966477514,0
-4939.430001699406,8.153413113223959,1884.911463708785,15.062954496038888,2078.4585164892333,43.69352588180029,4.326495879208262,31.03998105082111,0
9852.929710769875,9.986252249871123,848.3591138135179,16.168640585010884,2290.015635674914,55.81496418995949,5.627183868278946,70.14113723359745,0
7940.474388682388,9.613189438559063,1709.1220034920575,15.900899295220142,2988.7953765983666,57.25074588317722,2.8706121515214695,48.589842815103076,0
10447.285565710034,7.294062205778865,972.1903467051576,12.721665594870743,2239.809815528963,44.73681209140207,4.4616793319390275,44.85583238343472,0
8399.96953885999,9.131487435225647,-52.86466119444674,16.551741123323314,2526.195958964889,27.736316541254237,4.0189615979883575,39.35954072754427,0
14166.378844978166,7.989907118530698,1153.8806877207962,17.837135096324044,2807.5099931623768,54.84989754797031,3.166651480301069,52.15545635009952,0
9102.800468820067,9.163107161843167,718.5338600853249,15.686925135736436,3718.9942327393883,44.04605306435543,5.53659281298692,56.893825429756255,0
9170.864225330633,8.763121571734446,-134.78689439856066,15.441480706579863,2012.1425895658326,51.96894165101267,3.0947507524058206,57.24094202506093,0
4024.7827324099762,7.149014348208528,1050.2582347617313,15.883425884784748,2090.8779847781693,18.63172157847137,-5.727829747262373,98.62895553113847,1
11447.906590094022,7.410858696831624,1172.9829634493508,11.224418407358595,2382.984810855853,51.90852900913661,4.201531891100961,47.78601741814905,0
12975.491640245937,8.418071851170666,263.9768623005549,21.692494919957795,2845.355611658578,46.21453514954309,2.567796242407879,45.808662064110955,0
5103.834783870982,6.311984364434224,263.74418824180043,13.66890009048849,2188.799271803202,65.41076324576908,4.734768633974779,54.994146079390696,0
14702.086284568188,10.261120133493588,136.8051980058267,17.866017293275963,3035.861209285614,60.57504793727841,4.16295690504281,58.03316042737829,0
11676.436429753076,5.113577076974213,104.09899019659144,14.254618354526794,2927.521469160557,42.17796479166361,5.033849900012548,50.12390076194008,0
7593.4474337798065,7.6013259419090105,1018.5800576485328,13.513513008116982,2486.334234782331,49.69825640187527,4.6754823348268335,22.585105705226233,0
1666.304129739,7.556101026631818,732.0383605139659,14.822202095246723,1770.7723613302253,47.89620068787437,3.8660029330674908,59.961047893171,0
9131.246224194689,6.409581784953618,559.7746935867366,20.584749433830414,950.4476252761549,32.24147285362255,3.97344513135925,81.16650650015607,1
10927.730662534364,6.84480163273743,-222.07574669717553,16.93566164010111,3399.895357820452,17.77445172119718,16.890098785218385,67.1541116858232,1
3488.091480183536,8.265347405104873,509.64962060422414,19.513065216855086,2641.6792929103576,48.91519008079294,4.5495921982524035,42.277469291168046,0
10410.116378668974,6.11619243017627,2996.7223371321966,17.23191442770464,3810.0186889872593,47.83112245882565,5.5322222529382135,53.42530989729593,0
6900.796379740403,8.768235905204488,1339.6998034418862,17.700781758249448,2127.284796134377,51.284496946379356,3.0890268235929623,46.19531463882666,0
6872.6400039061145,7.279799508187365,478.9303012755246,15.596057413097846,3278.8684052158465,50.09321366148196,6.650138728336031,40.75591431770002,0
7817.776999551134,7.14940069315239,369.0828681192495,18.53652826736477,2255.1999950791733,28.852593838821157,9.60570752333942,82.31059121082954,1
13808.612411290726,7.888423595661209,557.6477374647084,19.514665733309496,3166.734183815273,45.34845530925794,5.625587520349608,63.99903441169558,0
12204.667000796233,7.806837529712669,564.3817629768657,12.093929038567929,2567.756359318093,47.2010986953885,4.523110760821351,39.89003039923993,0
3423.7882803278135,6.905411217190989,783.315105226143,17.03622646951531,3102.8766756755035,54.53774324347098,5.252793744328571,49.102744236722216,0
5330.372609608246,7.455801486066683,1927.4126852288969,14.147978571837971,1853.1101161877,42.64081463643077,6.717192003530938,51.923689270375114,0
6656.32666722833,6.221104157089,1427.212134331011,18.57258208967134,2354.836102274159,52.81938331507452,5.810466493726562,60.16287942756635,0
5986.734443085074,4.541371262404043,841.8654135499132,19.80392785512015,3331.9527297551685,55.50040575673995,4.542963120043008,51.53847660216641,0
5995.636163812049,9.559405492262801,1385.6660171978806,16.482343245918347,2307.047896188531,38.256654578889595,4.467117250960195,78.90642990399138,0
11327.162275006265,7.629731034564451,-90.29423401196937,13.639886411202493,3340.2093771233735,47.5773846750366,-1.337232981868416,59.68176443677859,1
3670.925514051114,5.906259114251177,1232.4620828721715,18.009754914818078,2688.1831953752526,60.99308659320087,6.943251399408135,69.17259534504072,0
16884.147153359474,6.295879876219066,496.56400821993515,16.90144881131197,2299.6024225985084,28.00417303502683,16.936000527945993,90.76575315244258,1
8779.744230132708,9.335204661997402,703.7712586062153,16.46606181045999,2081.31225765812,56.51628367756259,5.56578878609213,46.14599023503042,0
22630.713352794533,8.770929708091455,233.15145808667614,18.32815593812178,2473.74667534545,62.28097391850122,4.4536178774072095,35.963016152547574,0
-1262.9436764346501,6.65449254735192,741.7959395006304,13.870453737975255,2955.913075551177,40.072999856297514,-14.29781191964252,80.58163898972263,1
3075.2580983137223,6.535338553582368,1120.1521103217192,17.92462866977213,2725.7500706863475,50.85828692877263,4.386907387770298,61.03626910444787,0
10018.634205966306,6.503055426591291,1157.3075692667458,14.694975614034538,2099.8602005310386,40.750981062791745,4.891657209414673,48.07895319370324,0
7529.307308056026,7.737913068005154,2067.022582120051,13.849517111162925,2641.4270232388794,49.42122019879463,6.342636928046259,54.885201384740085,0
13829.218200260242,8.865649420872026,107.69601120414382,20.2383849203455,1610.6105689223732,33.66915572079313,0.5248342936388006,70.58417033532575,1
8215.919624417382,9.006754471989655,732.6121825410307,18.955323234357806,3097.198548236003,54.16635444554202,1.9069048766799335,51.993799206540075,0
4297.000515435697,4.707087338864638,498.1490476958327,15.022623360462827,2667.081034355058,55.228661183667924,23.877550185381118,67.65594342238255,1
10043.244469629812,7.147292363851115,867.3182202763459,17.59508168639589,1457.4045777850295,56.80029116151656,4.621592612232562,53.53566146740464,0
10206.83770332291,5.189640891468071,403.5928162515883,23.822292471246307,2986.9873353962657,67.20248634664969,4.510245138215002,35.927889004958104,0
9161.126650357288,7.252150439253877,261.335977952966,15.766808326354939,2761.140289025076,54.37271780550911,4.186119332128158,29.902666331312826,0
8280.512340953397,7.168303321079724,1245.630852230334,17.850578477009726,2293.49289648128,56.95225020424672,4.730630699350435,68.22392832551398,0
10563.059890963686,9.444138800247062,1402.3315757362147,12.849862157374902,1905.061360083916,30.359374698713438,5.402978937044471,81.08953717270808,1
6314.3487222704925,8.887293124257583,1263.1194733032269,22.7356929265135,2725.1378427600557,45.10787358369316,4.87129942217046,52.05413270457751,0
17989.607032220076,7.995206165064074,927.5187765545729,16.198173858249888,2809.891079010325,60.65154058599691,9.085666954686099,80.99428458229033,1
5515.348404016617,5.171666481748845,314.67742605679007,16.24045688726647,1525.510406287516,40.337801420604826,3.0501690499703535,38.00004419906357,0
1953.5043935384883,6.6464789839834335,1029.3717861323312,18.780741415473077,2401.765157825745,47.26203895882566,5.453569444288391,53.28534753913948,0
13587.588059285088,6.432418313459701,563.590508032114,16.3525087951426,3051.287904200462,31.26833761497858,15.441159345735453,81.779062595062,1
6696.689794269779,5.6498492449243605,124.68515633731636,16.65127854232255,2487.052615126381,55.29389289677558,5.507070173602548,62.11265496493013,0
6099.569550568633,5.845814040891572,700.5344979902313,15.036420809765273,2897.540889311681,45.80992567178653,3.7515407581003286,57.31672326620912,0
12535.927400209257,6.949186212504044,1534.8632714508192,15.395638153896241,3007.683584139246,49.59246176749278,4.294594565710158,34.05174145099179,0
13330.012754712905,8.13130059904038,761.5232252026294,21.87575339359602,3755.8911011049818,40.97462857881352,6.585796380308799,86.57986829774974,1
6304.200270777819,8.787383944985782,882.2110207032825,16.98150678189147,2221.9323680793855,43.974488697692266,2.5449491531039357,38.96707257175373,0
10823.020141054578,6.147974727037116,-12.060854198458514,19.25581380121957,2531.5479845107925,30.41094835876507,3.2018807716861994,66.68780011492869,1
-114.7399171707566,8.379953918761496,212.32124845385204,15.325227709290724,2546.546139472633,62.13077972639358,5.660260100106892,32.51286962581278,0
3402.270662314495,9.110700014952073,353.50781383121694,11.9752823456758,2335.180771108685,51.35748072686201,4.257371597534856,50.68761750844783,0
11484.832694057517,7.336120245021224,-154.07346861801864,14.384883530268295,2935.3145989699374,53.885977179643675,5.695666110771612,44.943794140808116,0
7458.383102209648,9.832213481145239,1750.6227453630117,16.008482975657106,3190.51921660897,46.689519051024824,1.4158229417035768,54.91557919402587,0
10907.916192659197,7.375620937474714,230.22575887239918,12.115333589176377,3293.1552870596734,48.06948077004217,3.3493030919928146,57.978518254783005,0
7505.622216231137,6.799741659951243,761.8138426107594,17.58625350314536,2182.7085109338946,55.23114088216819,4.030478742110951,51.185944230568744,0
14726.569450000152,8.394281899685671,1573.1254053116281,10.87231286612597,2512.0290141628375,52.518100491641306,4.508309665252457,31.34160244796564,0
9161.074516961395,4.6028307762208485,40.441659376369216,17.38767286209253,3831.292032374879,48.63861974879373,4.888506080677792,38.72495752913504,0
9512.004831570046,5.193621580916579,310.4857321618541,17.454689407172317,1384.449477269811,45.84260417437092,7.6774610562685055,41.20863906892315,0
3389.782024434896,10.045627324151226,1758.1128823896463,11.009127631481817,3180.721306020109,43.02624760078478,3.4508130929650047,76.31118957033951,1
10467.893066117622,6.568263891908538,0.5379423489588362,6.561059366914707,1924.530723976849,46.7559730675673,4.609776007173083,36.86727712747752,0
23595.556827229913,8.695547588986305,54.38921592761392,12.76321360765443,2759.4974183478116,42.71063951980124,4.716385499012759,49.176694499827946,0
9789.585409270994,10.450048496389233,1416.778207954338,19.63109069628686,2593.7498365369647,34.98368676295753,7.444726407510467,63.51957305398459,0
13470.70343274948,7.43297019242386,1389.1148717892115,13.783897367267567,3421.5670163843547,64.39790633381679,3.694343467626057,50.33551596818243,0
13529.874003590045,9.85943420905095,1335.856337598917,17.83406421671813,2451.6088188562303,59.303916765418705,4.046556655246379,46.649621079816484,0
5529.580904081725,7.856107845298281,1253.9492260133145,20.573693470606027,1565.7850825211597,33.808547112136445,4.993632333083649,72.39965192231448,0
9454.783744983226,10.807706869426045,201.0680290165319,18.014612685198273,2832.7671407460293,45.1138987541461,7.071253241357024,56.91356381080525,0
11730.486839961017,9.254217803045288,375.2832739753708,12.617830840669715,3460.912819026882,62.28504783048825,5.201386546376954,51.555250375836565,0
4819.168611366471,8.027912885435628,-133.3058870891756,16.468094183217246,3604.090472167728,22.254897906950728,6.609994633915294,72.414767390208,1
11981.539013420519,4.892134159488971,770.0716633242548,13.342578897992817,3299.7952872707206,47.965004663787504,5.495128423879761,50.42907326167691,0
6025.5093442123325,5.971780446220653,589.7828338859556,9.856341876541872,3341.309792431977,61.45271124171289,4.71531542555392,42.84662430905333,0
4070.7038637658325,6.1058478885797385,1773.2834289357274,20.15223915854438,4315.043347516515,46.91552816030012,5.660915302984869,46.47782681102543,0
4889.245809410033,6.453133559465928,1078.6940212117702,17.53723526667507,2877.3051396761925,40.55171768978662,-10.155212889158022,70.63232567416989,1
10052.552261107568,8.831283026519774,-50.88720636732921,14.188389631878227,2452.9780327406224,60.350025246927686,1.584293642780946,48.340382685270754,0
8831.76614340272,9.037301057211987,992.6206117064187,16.588875972627854,3466.036664346904,6.536256836731866,-2.0376366587179735,83.02990856665728,1
7623.826367204406,4.897512201773331,609.7326611454986,17.591480405337908,2298.9835330673336,27.062954204977615,-3.095884837020842,74.69461681707318,1
12296.626100418016,7.436046229657008,2620.444170720799,16.374187767619397,3943.4792866797015,59.57410579984351,4.148886300110868,43.794591245543394,0
6258.470834416397,9.964244380911099,-307.5126540514676,15.964688272175891,2224.0438128596843,45.34186349992979,4.83239319734292,46.255995520010934,0
9491.906503608396,9.229871007590134,1193.1561860262373,16.730314043355172,1999.709947259978,53.91191624528036,5.635492405938377,45.13507384454515,0
5531.032330560549,7.326939451973875,1135.236692432412,14.60111551742508,1960.8065532981223,48.87006543145175,3.726590757749194,67.22627660704549,0
1534.8982125602024,11.555690925509394,-635.4335871261314,18.50450497044799,2264.2008768438686,29.273614805757965,22.79330653691702,72.97779513924421,1
3091.297489168367,9.528376698705522,753.9991070507201,21.36902678658361,1793.4006263923793,39.866359561448114,11.81855493461616,71.18334871917645,1
5460.594690694771,6.8546886360519705,2130.0680210203063,14.534045429752293,2798.1124987718704,48.9023063756464,3.7074631583909,41.62893673253088,0
7344.865032038478,8.41138142163926,648.3118772826541,14.200356422123185,1532.6081063511378,55.01575745129749,-6.2678882495715715,80.95460467558829,1
9166.674787647224,6.1648454372288,-580.0152955181153,18.28337077363448,3407.876373796129,52.50593354954893,4.519243995616174,56.96757862714301,0
7195.869298933653,9.877086634780813,1060.3621302310387,16.137805867498486,3695.1739687255704,53.518743091782625,3.2324755107022725,41.15619784637796,0
5270.430239360305,9.403488349450846,810.208145502531,15.140773993022886,2817.427166777424,43.51473955441062,4.684625074648199,37.9569106746049,0
9715.190928264967,7.392540366965355,254.6609619743116,15.457790460615414,2761.213029966555,55.50211078849415,4.429671509061033,29.52833114836529,0
8854.567745340451,9.189714359044752,660.688745974463,15.148463786456144,2109.059343131552,55.459913674085094,5.589134173256122,58.17484980770319,0
18317.762166013345,7.938642805716853,574.7187356833539,13.261400466032349,2072.399162960049,48.35765982697189,1.7600634509673236,43.33380722505277,0
11042.389924921064,8.405845651507686,2485.088351361074,19.688060880915703,2420.3798459112318,47.22421237515906,4.47335973187761,63.602949929499104,0
7753.760446679272,7.098828808555918,505.77700975011055,15.521027815428155,2347.5431872636927,27.600762714844915,6.578259199466965,97.41660663972287,1
1443.3239229335168,6.390074551682782,551.5761135929396,17.43213868009248,3855.331291417005,51.73951264580674,3.535436183883497,41.39262011526897,0
5203.388918791662,9.225291729610435,1926.0727925044257,14.449351407927175,3044.773908314121,52.05348184713183,4.195014562950735,47.085936386511065,0
7796.574095069904,7.444114276051149,574.9558258684111,19.379176691258845,2450.614124300203,43.14798434304462,5.409938863341505,19.894774836864833,0
-9465.269013901043,6.987182704218501,1597.146380837764,12.448479431974182,2798.653295427377,28.83375057738003,-5.317841951146104,63.87149065235832,1
8391.83263702565,7.1432764350132025,757.8822032238937,16.18474326845845,3122.8357334115512,61.67108310905975,5.124813320496089,64.35677103799796,0
4684.764898587516,7.165594230343314,1916.490198168357,12.52809141750125,2280.6442677943796,50.49387741168238,4.016022279213951,66.54513280865034,0
2397.5803539401204,7.302801979524853,1704.4139362647948,20.472750836812455,3426.7428351437193,44.59249868156938,7.774199694355929,39.15243565841186,0
5168.315279768395,6.237489608536796,1073.723420284609,15.126855734134322,2160.7935806089126,55.365497365809865,6.037794479104095,46.927101613252816,0
16901.434501056505,8.587517274130391,1039.5878263210852,17.446825386702407,2741.294230110954,51.15812392894112,5.892297758195543,48.52623774802182,0
4675.506102109548,8.178567845320105,1123.3200892931393,16.338295974983954,1787.3701814998067,21.31328931479942,13.078630298876142,60.19146152504693,1
6210.729229681374,5.477700953281911,1116.1566657499518,17.40445963009335,3546.579729063245,57.27010782499487,4.911424158937978,56.75164400988294,0
9877.294769762108,9.606049124825848,1193.9659030859073,14.083458786148357,3631.921860053937,36.76391684069803,5.334894950967171,50.84341032198211,0
4283.054568081674,6.655071581987014,133.4512612896171,17.91063034759727,1549.842208741929,27.22094275825435,-3.0410543699568553,98.08224009149149,1
6958.962544542779,9.209170278027567,-143.0818835666471,15.259966231194797,3246.6786978928244,45.81516554492403,5.658688270551821,56.01052935074104,0
10966.771230625684,7.168179859245438,1163.7324013647967,16.209957112151184,1966.3601453629121,49.34976361589131,4.234998609555501,40.551194988759846,0
10183.800882817848,8.025133840838885,144.54685649859226,13.46951508771582,3392.310406734566,39.740419565616584,19.895377452342412,85.14265592414858,1
11141.7957541107,8.11181852454734,779.7502703902729,14.466769479646148,3096.8043704573424,45.51717475152125,5.239230850497206,67.83918606607484,0
9319.124235461106,10.658485596650447,-73.1369528378749,18.990433218029633,1956.8566062685431,54.9821530018204,5.551455095185996,48.230999095091576,0
14956.692843457331,7.472577659314646,646.8725037955826,17.044858303913745,2385.9622389278215,43.44757885504956,5.693292337461156,45.323904665827726,0
11561.664914556819,10.590413538041089,-451.52364843221903,16.075221396300556,2896.038065568912,47.04407956130647,8.654359074013122,84.19874622791768,1
13361.328112735639,9.464211044015734,273.741541877446,11.101712453497903,2054.9494258533973,58.668388186622956,4.211749354796976,49.65686669250191,0
3853.3640896725337,7.383948856632967,-698.4947405106769,15.50517248319762,3160.231820106093,49.74927077864222,5.221096538898402,41.686785908743836,0
10242.040612143304,10.649414525872109,-190.30602280686844,16.994502656351123,2823.0159885255307,26.369412116795004,3.9643218014213812,59.91646378260802,0
3829.1276212350767,5.776072415225231,599.2845705862503,14.678607200173987,3042.04907790113,34.42128101870461,5.245120074736789,58.816964269577426,0
15297.152185886116,6.775779593482857,549.0726412547298,15.15354093625006,2088.48759801076,45.07748894341034,5.647859354144723,48.74825079705138,0
-686.2119700030344,8.39022313165766,628.7850025717211,13.03369917059082,3044.0980770606147,54.286855539909105,5.3591005685826785,40.476016148695265,0
11181.071039827813,7.83399718094805,549.7206472819939,15.593342932654823,2141.6652929912393,49.25391467566588,1.9115559297319797,50.68750056763572,0
6690.091356556266,6.146836100603219,654.3271126615377,14.479963261084912,3525.6312759302327,49.199777128469314,5.805528303922262,51.06435416431289,0
18452.87880701856,8.156577537562688,-145.0072565262319,14.98791463858329,2149.9143332406134,47.256046195182144,3.981898589962647,58.93055926711037,0
13160.903399543131,5.66668089274364,1404.5522886797612,16.36890805418889,3252.8733127269466,42.70725298731083,2.712076554431733,46.12283133508433,0
5470.255223981008,9.369538029475567,739.4211709843968,18.29623213263214,3161.3342173015476,38.44286997545269,4.320227137505051,37.96433103771167,0
8270.459025250151,8.041467148722036,420.56389018355696,17.120059095115607,2585.888471114896,51.837144444542375,3.8746932454429004,42.6761725440492,0
1525.4617723326419,7.745248411086459,1586.971862354944,18.10027776978706,2424.6922828473926,42.39113562606028,7.798538899092078,32.45129148457749,0
8101.270683966241,7.802734405690709,1300.8536781374496,18.13583461062007,2703.5900660903285,48.03754011049758,5.134247042197682,55.51398342778242,0
2866.1889698406985,6.387344507045892,97.24052322447687,17.786980706762435,2130.2039787208137,53.05693736474014,4.230096552533578,41.85928777507817,0
17104.456836473262,7.136773894735671,502.57379905221234,15.744817920333789,3936.4383593805524,43.07760579892119,5.623807927268409,58.39247845390595,0
11253.505354175228,7.650879414327496,491.3310765504405,18.90469029324877,2729.12990655291,64.10639040239656,4.059427714743323,37.62745017125372,0
10913.997996311136,9.381567429605393,-339.7787730090166,12.50623476813559,2973.7799946965697,41.02683010773444,3.7343638012171505,57.104245340914495,0
9121.996918942901,8.466258783095089,1307.2804640193176,16.926841828395304,1787.5304868733988,46.35065322015953,3.367553482283909,36.194289825530035,0
-109.5287330681058,6.899358339402762,630.6993078157477,16.979817459040646,1952.3975854745745,45.541749523083574,2.897980505222371,43.91846448379591,0
6268.698195878136,8.249229961696816,2213.9038746377896,11.457871084651792,2523.3262102954022,45.14429243301892,2.2628761952922334,44.956347996193934,0
12784.226525562532,7.0514741675947015,405.8573347214691,19.81374026931263,2457.386877769379,49.586297675517834,5.256129594700479,66.95515819249857,0
11668.809422489534,7.443269121754637,470.08432037162413,15.489153207943113,1737.2454752696726,42.62510580763997,12.096260372158683,82.37234875631017,1
8955.157462150259,9.477644099498061,1124.7208428477343,18.07948349163246,3650.949139798072,40.55856451551856,9.555269982164603,72.00259851850032,1
5672.767866850536,5.39015911659179,-765.4504979319989,19.426980200166533,3297.689014710328,53.24868087899543,3.085875944483189,60.77359809862273,0
13351.699278192622,7.640176750466337,1609.1293944917059,15.908212455390919,2087.7564775848814,44.290300289075184,3.2178750169850057,51.53427380385389,0
15714.340239092999,6.48057508248153,162.68975680886547,16.505152972136905,2260.629585317176,56.00375889548076,6.785615858497965,59.43768784799322,0
8824.93152395395,6.299762506850116,-43.402899820685775,18.521043442340353,2663.9564772323943,45.77873076564802,-4.16713272731042,72.77745927603704,1
10349.498409726986,8.298439156650824,410.2154615639971,14.614811976583649,3153.64902309883,64.5140226216022,4.941034857073694,51.93921476883934,0
2119.7699327921464,7.700515466301097,1144.495357231182,15.384767897619994,2005.6236112323584,56.39909831764787,4.574615075774745,53.327052943741826,0
5686.46161394752,7.029901703645282,414.70683781848373,15.439635019188941,3483.8380975944365,52.08524923764162,4.238437938047125,45.583098955715194,0
619.6364358011178,7.166359946613846,550.0846404881015,18.021013932439825,2875.3922227016983,56.56485980726937,4.209818504965224,68.5383415750222,0
10286.274702019815,5.915754851895786,1936.7904933326613,15.808908013010306,3519.9910058333926,42.68277011739416,5.842249691203139,44.46732341313239,0
13371.385141639556,8.861320395444267,498.3752304990399,12.945911184304174,2646.4864640333876,35.68763876602942,6.259574163501432,48.19897398648642,0
2532.9472789149786,4.147891418513845,555.2375378067836,19.689690633658927,1932.835424423602,53.855742616423136,3.9434587543462705,51.42404866628132,0
7336.795308848217,4.412091605419135,651.3699206090831,20.290720464434543,2295.205680799253,62.89849222322839,4.492319096876234,62.22345256467975,0
2870.592221932273,7.403866921313586,940.7230099746989,18.82126920153057,3494.4026527411897,42.578285661725054,4.422228895726644,57.332158376215936,0
16965.104411401473,7.186218027891357,347.47452612472097,14.033155992178523,2388.265629065652,49.666719812949324,5.392212804401516,43.33354807042022,0
-5247.2535220490245,8.083957009143607,409.9419990055797,20.212723998004527,3055.447459299654,41.642667754950054,3.471393151329953,27.698697470853865,0
16164.218758185682,7.271275523083925,-87.06012211735526,19.167598327179427,3584.3205638823056,43.27161255681364,3.571169219564873,53.00586924639131,0
12860.596664037736,6.226777761237807,447.52125043852976,15.00831359498415,2928.11834156601,53.374618289287014,6.3454259415917775,51.92679929849472,0
7543.685536556009,9.701119240792943,-207.75462173033577,16.744990373626102,3652.163129257535,51.44396844862465,5.348984648646434,38.41998193477768,0
8981.805672600174,8.013511390654406,791.3460617204659,18.123056588519052,3483.2128241221803,71.00244464215129,3.4171023351070495,43.011338195580066,0
9839.714255822784,11.229263526346925,-400.99461875923214,16.34857887881818,4045.5403811018896,41.320256100156186,4.437020781227143,56.871403060029785,0
4963.808949023735,6.918851327039568,1595.5051084784461,16.868458934322465,2987.037483103143,57.73533920860374,3.6104935589886202,46.77938603521668,0
-528.7807648123253,9.206707804929138,-331.57505444553874,16.08602440415137,1501.8882436080053,59.20109442943693,5.202084242950047,45.79735968841172,0
11506.655343582306,6.287691071354228,683.5728924757227,16.56706567746605,2277.047865882913,55.19274707510001,2.1194853486563465,47.18539920111704,0
11279.340360807957,8.00205397125144,692.2693910314727,19.14930810078885,2226.3362785856207,52.201989500546915,4.506171768650219,37.16914563623558,0
-4602.028615494786,7.973147318986656,282.04950631582597,18.095683133272292,3260.238358039348,49.34692511991005,1.04907188684607,62.28327710544461,0
8064.852828256486,5.436392804154894,796.9155891398859,17.14144420530718,2328.671909460006,27.75778686169071,-16.754828985526867,81.16414227890674,1
18903.66524239265,9.108075482199094,466.94114935790026,24.87756017705005,1964.3945205510252,38.95717651669452,3.345001398096813,45.92968173053941,0
3687.588467813179,8.534404947201836,1626.0766526223351,10.861888526815662,2609.369289174681,56.36549616097909,6.682157254057912,20.239675259904754,0
21228.34179985169,7.901484588242087,1154.6891295555001,17.306486924058817,3785.290517024316,31.0044694400325,14.060435672029605,71.81314956788802,1
12636.204180653858,8.71242565757206,307.12004969938636,20.928063267082326,3336.0558664860787,30.87206155647708,9.623620538080775,83.6272956656597,1
16767.60218483631,4.671821578209941,1431.486759443867,18.4754571406096,4094.6514688733523,37.68535930244575,9.967282112862726,64.26565161009486,1
11114.903427003714,8.523067120965488,1219.9373271779493,20.683893977108582,1997.913417195799,39.36475917339935,3.692415337001692,41.128374116371454,0
1141.325920768034,11.310468308592757,-432.8263566175194,12.475319223341117,3065.776579241475,33.202016474947044,5.563417197062097,92.16859709129001,1
6715.936724888789,8.617769651898701,1304.1232566113986,15.296890587402874,2858.3830490078058,47.353515843821825,4.236035895992364,54.82665026041307,0
12778.132390155075,8.358530175172259,1631.7858185159298,15.941841063665382,2249.017893327921,52.72691679398577,4.415376536727097,38.5493208351746,0
3981.7352373511767,8.089875762375147,1454.6805286428794,15.491736081077585,1508.449606566902,45.72182195153757,6.169250970067134,62.55323189530938,0
18301.359108380133,9.529146594015229,719.0376293180509,20.439448618085883,3616.3377764357374,53.2114372749397,5.782445976161541,48.12157179936209,0
18889.929562995152,6.968174492899037,1369.0944512238284,14.980745037488667,1272.0339919675175,44.27589787101801,6.073776982752354,49.391140230932976,0
11467.814098212219,8.166877504456405,196.88590330977763,15.643433491426729,2163.918551585132,48.15320825677031,3.544642193348454,51.650995514932255,0
9788.570567864585,4.63351666608764,1062.8750991409556,15.995995769542468,2748.700312946683,49.35933601400726,2.9551456882375855,52.742150351301675,0
-1488.834812781024,8.361711056280846,466.062172499256,15.099813319120885,1945.3670960190443,53.933917126049764,3.551251210472457,38.682758114003406,0
12464.2946906945,5.6369142915573835,257.40535065031065,16.170263852602105,2847.3743880163906,37.5512308812345,-0.236509118677243,85.13601233974696,1
13374.826735667964,9.020267385427651,419.79956696389144,16.959676702964043,3971.9235410228302,74.32549563327552,3.0249947597780196,39.385270270763726,0
7452.365464436553,10.027071204168312,-526.9409182318066,14.589008883561167,2491.152896446097,23.383526143628586,1.7539707846598471,76.24826275164443,1
9043.402989730677,7.917775934384682,1247.182761910158,17.570047348501323,2338.0101269099932,43.115809056150084,4.249792282855499,49.82482637104251,0
8412.962611021509,6.419273677481413,909.484375051338,18.688512225228653,2564.8392972274364,52.7737921299356,6.630044425352958,74.48812305740228,0
13113.260691782178,8.510060494744968,424.32206956220034,14.265494673576635,3403.6447721886398,32.09696731264809,-4.372204097428893,74.71919359896654,1
9274.416292033848,9.630177512314452,-53.9580035855181,13.607264134451574,1760.6966929521413,42.39859630344164,5.250274165047722,47.90471618482945,0
19652.82115027335,8.461427273110475,1381.5454876489193,15.729204739661753,3686.0671773220756,47.419823047143545,5.641661980200924,54.101515677135936,0
4185.773055223379,6.667790223488002,469.6377966360317,23.66499875614756,1848.162634902431,55.625746038853954,4.747362455547124,63.2240432481173,0
20543.64783346162,8.362993104046373,476.70334942201373,18.23757383755122,2441.4130647988723,45.13752015976274,6.101936074060371,48.41358973956899,0
11972.195759022483,6.239580869906387,784.0671272854034,18.682314006972785,2512.3932544656777,41.84025024985849,6.994988038160165,50.70697021664839,0
15381.465113633974,7.843007032343055,1003.4620298349937,13.335513612534067,2100.1845481897035,48.25639275005169,4.367540183224758,54.57671611193586,0
6840.955278379917,7.139451752632257,1298.6380136952307,17.67726343173297,2384.246123982396,24.93207440673396,4.911863295070784,83.60828408401797,1
14826.226411876207,3.910211397060128,1335.4411723910691,19.728131535082724,2283.57170222091,57.04389168179305,6.461526614113442,43.31850808483264,0
6971.329013592304,8.856942178069762,883.3779134177947,15.542751688197244,3386.3717987494138,22.996795478026833,18.7952342945363,91.41537660235113,1
12190.733920572571,7.270560823708673,691.9758597427875,20.260196279858047,1996.2046352000664,37.64301414075955,-3.9884826816667704,72.7035359793842,1
7104.369007111207,8.41193758178265,228.11744264883566,11.261241409761318,2109.137650770661,45.96227630531879,4.301900805154817,62.60951685480927,0
4743.726645501698,3.3238924453486343,1802.289347450751,19.014692618699797,3037.8578550185753,41.50207746125373,5.219572368870042,58.24086580544264,0
10613.912208326983,6.019275301254184,-151.87504809411757,15.912231336548599,2438.015865379696,53.78362851770617,4.954948359683085,46.764089287189684,0
13918.426982057988,9.887692807915347,331.52852685271347,18.609644055915986,3522.9021386883855,34.92225055547025,-6.593568568365214,72.54236255889334,1
7752.170910167735,5.4625871783272935,609.9116930726661,15.56324723725451,2339.899050769461,20.71143386106565,6.043026002784454,75.41367602698271,1
6726.830318545884,7.09227338976489,22.92041194249032,17.798724821143907,2855.2942749687395,30.76058700439217,9.883774048411645,70.98847657365913,1
4818.148035956918,7.336409608798043,889.3753959697174,18.53533591335259,1903.7600703354005,48.69670245299012,5.111401659389287,58.48317219704606,0
6405.4124245282865,9.360098255719535,1137.7235114705957,15.690538807413429,1604.7134199447535,43.34343625813763,3.9739093343559517,49.17554040850847,0
7795.64672288246,8.703092954908112,311.124916295102,15.388419832127601,2782.573559883563,50.17654160749491,3.4098427949726675,59.13280618040284,0
9002.82362892922,8.004007399754734,721.940926199445,15.147552330736138,3502.980541756133,56.44191886323525,5.00516733903776,44.460653161577575,0
7419.081645531876,8.337810685862198,642.2656358541692,16.337293976010585,3446.6127026017803,54.08078984965818,3.714789754733876,36.1562185578631,0
6174.827646655623,4.252281670409679,160.50852902182976,14.886636612626384,1752.388889209882,41.78631606571787,5.308972806143987,63.08989409729112,0
6991.702777796697,7.419590873890808,72.8255725497072,18.243917747479014,1929.8368454488025,60.12418337134832,6.354271735061783,35.397140939411884,0
12789.201535510925,6.225766044184997,441.9729367042284,17.111777524441855,3120.097525448856,57.38426749788584,6.0969646987678345,48.10221700432019,0
12499.411941797389,8.00493777133925,1286.9497814441524,17.303741611824467,3694.9788470421495,55.99950714355871,6.6561041585117895,44.54273959363806,0
11732.554031026075,9.395097186953505,-36.21918663176484,17.30078767367973,2178.492776481801,47.94724131368381,2.7685337111307677,35.96332693949473,0
10813.443821944173,7.512982013481075,1289.072052036043,16.182329862841065,4234.209107499066,69.58869590539246,3.5300834099196905,60.17147674379312,0
16127.843428499982,6.697996340174769,1227.1235114904648,15.534150529476706,2945.0129994112394,51.241968416466236,5.681483815148638,55.837293615218194,0
-878.194407953959,8.003495018425618,784.3685498988742,12.441028364482502,2555.805224863173,55.22694707036708,4.159032534373239,49.34470884511049,0
7812.594705644477,8.763858916690488,407.67377345699305,17.947986471044555,1767.96948819855,57.96242320423379,4.2111569137832285,64.5540948217203,0
13792.313927466512,9.930104002324047,2255.5265696021497,21.25158154361714,3506.359835803977,51.91573591024348,1.864264486028281,56.67383103140568,0
1882.6637442493939,6.108137198156005,1003.8430515296219,15.572171565903465,1640.8350698095514,54.37119161333817,3.142193638377405,45.29460860470583,0
12805.831595525444,10.749141895293194,945.3802618609056,18.36176135297116,1898.637717632161,60.361188353562746,4.5652083529702505,31.2594449726878,0
11400.129382732364,7.246562537459091,874.6628811491383,19.05111457260389,1284.4453773452205,44.46937181955207,11.467056915139167,76.94924460897745,1
21234.632387815247,7.724187305962643,-9.20554821122937,16.733345142652542,3083.0765543952016,47.526048738938165,4.074179122377822,41.96061623272836,0
6259.839134493688,7.398039051449077,870.9229499444496,15.601759334802209,1907.3188791298228,37.517852456754994,24.699845303294033,78.7412067260591,1
17341.264667918724,4.693202948475144,679.0645523572033,18.92838202419344,3486.242771486728,31.312554423559227,5.1002860208378875,57.6459959763558,0
4406.436940952648,8.060415684695345,1849.0342161095668,15.031687023598591,2182.2548372510637,57.54961307519873,4.998796047046327,70.47651903896849,0
9515.06760458021,5.863508039722257,1758.4276919996794,15.448050172186536,2075.5484740805223,46.566541678178766,3.5757276202678296,51.325080968421815,0
16198.709614445932,6.9647595616177576,436.58673746964706,18.153335261152332,1626.4233487168938,46.491803955160144,5.813920866770315,35.10390387648997,0
4372.983424985622,7.087185061372535,1089.9316845389658,15.150755203242712,2847.351878069671,47.56301881316212,5.016106987406102,56.58820244689464,0
14467.042811540221,7.244323831506538,459.05019172797296,16.360725203278033,2621.1038451935988,52.63113229381633,3.452686715053754,52.712114752799735,0
18912.241808379513,12.210587303481612,479.64360175518925,19.08863142947282,3674.2429935383398,48.87747017562272,4.706470706839511,52.96295365503668,0
13357.702416907336,9.772705059730036,991.0039179204721,19.3975317866819,3174.4289832888826,54.27763159708958,2.4774091285577073,40.17907593199784,0
7871.099069018933,9.75733446203048,1098.2955610798185,10.927245608784752,3754.0715779127186,45.202803908392546,3.559389913098379,65.59741947283963,0
12336.437693863549,9.634175309734852,567.2127239552573,16.63059676983828,3256.902216575071,28.58550681502134,-10.708755518180691,91.37910174804584,1
2666.731756946734,9.848736342786687,1029.2340793030717,16.40949316249312,2516.0044825717982,57.214117503522274,4.558460015272569,54.427533213091046,0
-1016.2627094042346,6.444799675290539,322.7484032495487,14.839235351253446,3549.38111299447,50.72033267093567,5.589708357914567,57.26127521350374,0
-6729.821423814887,6.631391024315968,-786.9947134676908,15.019295818249914,3046.974422498362,38.363082011382716,5.809174833143358,46.07325346473915,0
7754.018324150226,6.560922470230116,1822.1637567206026,17.058836823805613,3018.468348265129,42.13517482284681,2.997962341775829,39.500864546304726,0
11858.444587382628,7.509866443710743,921.606181959607,16.353934252333723,1573.2063093795439,45.577993703469424,5.485160567175595,65.46108560431409,0
7612.76223388393,9.45375010501754,1308.6612752828864,18.073111258025293,2882.5999693757917,46.71061283557347,6.809928615824468,58.37209486728681,0
2142.6933386467845,10.279836770341792,490.9104327145525,13.001355656028919,2871.776893495665,27.972228340079965,3.554005332608861,88.40342180226772,1
16067.597063933092,10.554792745450698,847.0680991836348,16.840020667008666,2676.8478557680482,47.225088096603116,5.636233753975416,47.39569413504887,0
15568.669813186556,8.935394702085294,593.0987229363875,16.71857820237859,3705.3247223603403,45.224103751635745,6.505624900911753,67.45903632185619,0
12107.266969904875,7.2102019141675475,1253.481202847213,16.515901420708396,946.058050300788,57.0539712060801,5.861909137919038,40.9586115689852,0
6229.866697202529,7.728490217949097,492.6093827270555,21.69564719810161,2605.7465794577356,45.38396448218238,3.1379854821767172,59.126023140297434,0
9723.772402147615,4.122011722070994,1231.751387621192,13.628464544241705,1793.4966523019093,38.94971281690466,21.27577335845417,90.93906951632465,1
-2317.8571430050997,10.265922866682185,1028.7969238271883,21.47593273617211,2381.1076147882336,51.05241312141997,5.127862813412324,51.884400804207566,0
5034.854906026861,6.840728397056356,434.0501395033181,14.623767592074728,4319.686956470862,49.94195441227471,3.6479698958218783,53.45086186015082,0
7431.946103582426,10.347695591769696,973.6502113634918,18.651094950050876,2357.0872894042313,51.0939720211877,5.297462897273019,47.34477138566651,0
11072.752342713553,7.899674185453233,211.48998306358885,21.7185758443181,1909.2574899529682,44.69470099352568,3.8798789189444522,49.21073324225444,0
9407.707085207068,8.669462729683586,168.84828358451705,15.708912822763136,2670.7351924743984,66.45268656566077,3.6684681238235184,61.09099465476719,0
6464.108372051965,5.987901811598061,1002.2990090420819,18.55825291001307,2110.9229257029806,37.77935246915393,3.5251423743719537,53.45270509612289,0
4363.687577646074,8.581429509284419,83.44314581511196,15.741162313624335,2922.9156270845488,51.19008586668557,4.768319345335087,49.51504138451174,0
4418.8878435110255,9.384210686088977,1173.2696669897837,16.771175088684068,2730.1583336340814,56.28386071863661,4.703792007100425,34.571778509627876,0
740.5689605404223,6.602907567624785,1108.7995377073112,14.879875102914868,3566.187037383705,46.81126368868993,1.1945740459219527,42.92888918706791,0
10683.42336885778,8.919875628512655,664.9301617236077,13.587146514360596,2648.5767897991204,47.61683724205175,5.0095021152565735,59.67522994909176,0
10032.632690264132,8.24903234514703,1611.7616636978892,18.97379390701767,2550.634285887065,47.03589314724904,4.861162051970894,50.31417473466551,0
5712.656910682665,6.663854714383446,136.37177849258478,14.611457589157355,2698.210870293742,59.28066009918891,3.4922431111815593,66.56322507803557,0
15670.862352109656,6.771272617863486,2457.645828360032,15.249423030620472,2914.8469395802404,59.96445451746901,5.531634061557319,61.26517893685703,0
8230.507395637702,7.891268673951239,-8.500669438314503,15.668417882611312,2145.2287295905953,52.6487371045251,21.249836362118227,63.45853969426703,1
8178.987447836146,5.5940701956352346,1218.7887006680107,14.006139432863138,2815.771783935926,49.21599226573328,5.849296979965067,34.97611018310483,0
9612.742344619994,6.6982497447133165,1517.9618916074091,17.21711542663465,2950.247601347415,65.20711031682947,3.7468047647679645,44.84365965919673,0
1412.396373130785,6.63602119204737,1248.3260399906826,14.227358629050133,3186.188099259183,61.84989273298876,1.9401786868462274,41.138873486523494,0
8877.813840561483,5.305997113050234,113.62140267473944,19.554687856517713,2688.8272135613893,58.0386331958659,4.7399786398364245,40.98896713015643,0
10817.258720172314,6.114305608348632,1382.1203671128774,17.461580396252558,3040.939677505774,32.71155202120583,3.4144905435443116,47.25167621942773,0
10738.04749185815,8.675993228785268,881.9842340222443,16.815914958538656,2026.3382375908036,53.96998852996342,2.2973154277549503,54.5583767838814,0
16282.311845150616,7.452002078825609,1275.9052122419894,20.501006356915838,3585.3002026294803,48.059868403791825,4.012371778355492,50.70185852422745,0
10194.608594950525,2.654342051414239,337.22535443597224,15.402206863975017,4124.952443267345,56.824882115597916,4.41026244401843,60.55798238466572,0
13038.165181287008,6.768684177437298,457.5427990765915,14.070508958199769,2230.893891419737,48.38443144997585,4.833695514688233,75.61297776771106,0
7072.259547944866,9.042788932550167,1559.1860776736553,11.610549491055988,2310.5927636814404,50.59418952152116,3.398020635205919,74.83765992587507,0
8586.976736015233,8.721830765023677,1046.119630054681,17.206155130961964,2328.1118759996934,42.2986517247278,5.057402598257055,43.949363092780295,0
7780.125805642137,7.936773330490525,-32.395986059056895,16.31393470435497,2587.23251984708,51.53595030897814,4.574936371995755,55.2056079584387,0
12634.727152814472,7.5271533893528195,748.0434195135143,16.930480946660776,2308.2686624241596,52.29776276140223,4.973784024494612,45.11553908661349,0
4196.794506424585,9.682679692067241,771.8418579116786,16.56746291453676,2400.4742963588724,54.69441480588524,3.230218809035176,55.19436623191738,0
2741.8994603137016,6.882267208404011,1057.6095068572558,15.93910005428841,3139.938868609055,44.20374184772601,4.6352987256921,66.94175758191057,0
11073.314796482618,6.779817041521585,624.2649230701967,12.708441424821698,1385.996003850708,47.97032211946881,4.075258334791478,32.9313743780695,0
5595.383614019878,5.357977351015167,823.2863965973787,15.018618883501198,2520.2244825467064,48.44735894133524,4.933032731478817,32.75014565868733,0
11012.271623764693,6.973362690910056,642.7268299284709,18.391017781048298,2439.9637374265744,55.29844913894642,4.203178887421304,42.298808927682465,0
18264.91365465756,7.634364600961381,1491.5763431027021,19.672759968783215,2090.5499961458754,53.62299461435913,7.4020269042869415,51.63951480894811,0
15333.70760786402,6.318013814174234,447.83249823955737,12.41024292993265,3868.630459857445,43.959004812411855,2.824525043716571,47.096170083492034,0
-1945.068877863334,4.568683720303188,-136.00598723422013,17.049132798072566,3239.607766426637,53.60616333749013,4.25787074844101,54.782239401626235,0
10764.653482079932,6.691367750287634,415.0592834787978,11.24415419817802,2939.443163870142,43.663971407238044,5.305231213666619,42.05916293394553,0
869.5650525880656,8.042679200664894,847.8704365086954,16.065521328787643,2872.2766875101597,37.94000866718599,3.9702290336245083,59.25804641596059,0
16787.27569738717,8.521530099639083,1467.3682071203775,15.881610668041038,3044.425156825959,34.548381687230226,6.5075876434139435,56.97387478711935,0
12015.70387090795,3.9968155737685525,-119.69199292496933,15.11199728395054,2501.566973333805,53.48038697312356,3.888520196556202,58.731692923815885,0
5095.530102413791,4.955147310460747,667.0732438629465,13.975412460018855,3290.502090190835,16.113808102822805,4.695617188338585,67.8593547692742,1
7856.179681212519,9.783362762378454,-43.029978488035226,17.20015812003841,3069.2056186765103,48.546712582513564,6.028871571920155,44.5061661605005,0
16854.262829793795,7.230320992174972,982.5883475617568,21.339028521445044,1328.1739882581053,43.78510321102886,2.839839225052817,61.14082436135439,0
8695.791429374298,8.384384183664949,1060.4471816080465,16.582205828969148,2401.8671557915777,57.20889424849737,4.9224139093090375,35.94323192295998,0
12932.215618715689,6.2897470751534525,-616.3926306381114,13.558862416349148,3004.9934650582927,49.60978988399506,4.938475449883431,36.492025773893154,0
6354.052656891634,6.590104408091017,547.447682166813,17.11858352960027,2590.5243491034153,50.52282909376714,18.558073034127965,66.37399720250536,1
16022.200183117026,7.252037258942953,1072.2550229426906,20.224876047160578,3325.9921057968068,30.02254857718828,14.77113763338743,70.11628937585898,1
13997.00836663621,8.379058875282556,1481.8034068083725,15.796046026368222,3278.1269494340786,51.17608666890291,5.054702795151658,51.60611302155168,0
22525.490869681176,6.893819116058373,399.62234774676523,14.20581008143914,2803.0350354229868,45.306041914159906,0.13775972695187733,50.47104697759313,0
13894.956997440528,6.8984515091402665,216.12708107004516,17.39415445202652,1989.1560383466863,45.6276136301082,4.080361505569499,34.57807105812777,0
12197.949961152703,9.281607317486422,2287.232665577189,17.11660284132597,3340.202803539603,45.58609718534166,4.438326087368972,50.63537955156817,0
-561.2117666593676,6.530450078431699,493.21896764931597,18.14518895433131,1687.6968766594027,27.267239148888024,-17.688309549181845,89.7205201292389,1
13909.440087043418,6.662343231312321,1218.0763501517292,15.856103907851757,3008.859331791773,53.415869470896794,3.61672173775122,47.23789618799674,0
1131.056672374696,5.6872636289611265,1795.2804876424218,15.324787727833936,2717.558724589285,55.036466928526686,7.113065026416927,52.149845363327515,0
12593.820629850976,6.134636145313022,788.3679285833067,20.6489466646306,2126.331567101981,60.38352154828106,4.330098696846794,70.60826563902658,0
3356.419320734598,6.719800928887825,1126.1793096292615,12.252826538639507,3121.7049839611527,51.6259818504432,4.5485147278001605,57.66503767005579,0
1399.3562104746343,10.14649590796482,1542.045011422178,15.339987823600401,2432.532785896644,48.298240664552644,3.976451770807012,55.32596487614065,0
6807.501794381705,10.15569676257901,477.35131090438676,13.875599920008934,3263.951233945188,48.62085840152615,6.439178015901516,42.580605462435244,0
10970.454489476464,9.01755239110717,673.3852452342722,15.630369832291125,3095.3138608392,47.87029639674807,4.462607562238227,54.10460221902078,0
7775.489230857825,9.072464888310803,-321.42057534121557,15.254018451730015,2662.891984887766,51.45182305503245,4.239849561974485,45.39476578838686,0
11299.922301113662,8.164843559758639,682.7676144104507,20.20568699276818,3079.050421811109,50.83633796439373,4.579906592283506,59.031675919947766,0
9728.46773527146,4.769105731900586,1602.9531042543445,20.105220080749913,2568.1389537843233,56.11156290972373,4.771010200844769,46.12239077183776,0
12022.556237800723,8.055853127399784,762.4272213007364,16.60859868658615,2449.927076714028,64.65695686061841,4.87257513240712,39.372997244721006,0
5782.17322261798,5.068735099068305,713.7503183301583,17.55575193522026,2759.9079329080755,38.76656592107279,7.213443389647361,97.96044208266184,1
9264.450941124556,6.811801886927185,-22.804449647868523,14.838833227191738,1948.6953534597296,24.92489144366754,4.4168563079015275,75.288869764087,1
16352.803158148174,7.122651965781182,130.2595680202993,21.045119082529652,2198.7400088312247,43.37746225555152,3.403061100473045,84.15671974096576,1
6043.8546106466765,6.6617145933457245,1302.4395233695266,13.617511341040917,2943.9097324376535,52.559422894758185,6.04048732044169,40.223531628451944,0
11182.89057222261,9.163944415261362,1098.9792377717235,18.484115684129698,2911.4331253731234,53.61997164882146,5.1284216896549975,49.94277159095079,0
9411.515526107743,7.30694015411351,1105.6098711382779,15.575715439217333,3451.768271138409,49.09134505415369,4.079191927609684,50.71664139750851,0
9910.36731271161,4.411442366636647,1900.271163304325,17.864046672398324,2573.396135293783,52.09300210864617,5.353255323054364,54.82039797219649,0
4352.916790689418,8.525023034810983,396.88378426243884,21.592806716120556,2782.8825590823967,53.121405873077656,-0.9767194921503499,71.59748235381336,1
7040.983619525523,8.359961544438056,2371.997923774768,19.923742729705754,2778.2307071240803,43.73706791762007,4.538538546518785,30.672658574310613,0
7009.216703580303,5.4796368494633665,698.286898764698,19.08952015021261,2919.1980320612797,48.190597698553916,4.704846579305408,63.127240692726616,0
11987.96030125018,7.959969864573809,1001.42346934026,20.72762729079001,3167.727126535072,45.326167254463314,2.34526413522922,37.95913049828803,0
16723.099278631034,10.718323950942265,257.1381267768453,21.650344968397366,3295.8051705894754,43.542274580124484,3.0855706418444946,42.34518779557914,0
5000.527028367385,6.121245385782682,1172.6057118796107,14.13872326015431,2043.2917251078147,46.16564269113798,-14.682355303124165,83.28678242348083,1
8056.699166114359,6.904958979817471,1675.749800996442,22.569115247972576,1856.2431573576253,46.87289386262089,6.846391459379748,52.33287581557379,0
8211.364018192833,7.284789591556964,1081.7554910802994,19.792156751047276,3501.683143137161,49.3514340719358,5.73808677661687,39.16798316815399,0
13306.220802309726,5.754797354479679,1121.9302363244926,16.44073636869782,3366.7129923762686,50.26268647281045,2.3780837885982167,57.05548564795987,0
5178.949891287108,8.370196169790193,196.75826538107867,20.829960468464368,1408.4099586272907,48.20607235561451,4.281665473989098,47.16707040582288,0
7463.8009763501705,6.19089386950834,1279.920700929361,14.307860832244385,2434.2138762984723,61.00985576508458,4.068191447063534,42.385444432361496,0
3557.6922684111605,8.653101495422334,652.2140614552918,19.513516350597683,2928.1751255517893,66.85552145810549,6.729109051979599,50.80159760487553,0
6385.939460915024,7.4610757745410465,2279.324019986409,17.148353691021434,3434.8213349019006,31.814622379625344,5.1164102589519675,36.65173182411507,0
4728.810817220921,6.849963442935914,1440.6602242440385,18.11547265051024,1848.4297141871784,46.83946475098232,5.154310179631343,67.98414979164819,0
8998.15297089646,4.135688486255816,1294.4836078253707,17.055232817159624,2267.805512922116,35.69859796981761,2.714946196760792,73.62432074677125,1
8911.04729316134,8.97160598756879,-125.89475949700386,13.590501583801888,2025.4665761927272,59.33756786687276,2.669873230782767,43.200333050679745,0
14321.411215233087,3.181037291202734,-47.420266187836205,18.877149973699684,2544.6543347998536,49.802116633580795,6.006813030889321,41.59565237330293,0
7517.913578702505,8.626443880886482,638.8248535981845,16.300071657780624,2801.07283153345,21.648533883391416,0.5992540605646512,80.5798294658885,1
12611.021171116343,4.566281092099746,345.2540339052819,17.904060180479448,2250.82906754697,59.37819967686455,3.8338498130356653,39.719613409071364,0
6766.28699986998,6.834786040815954,1386.6707918254747,14.163774587332062,1790.9021300936404,36.158222990836116,4.737694340437919,57.20610548678933,0
2867.2127065221375,8.362308366181825,360.54069388089533,17.367648683043072,2411.2577757458553,45.16776091620183,4.669774743521608,51.17844326141301,0
5381.575065649371,8.60630986308324,708.2460218287869,15.171798157172068,3247.967742962348,43.74256436837893,5.077375068918224,62.30484356358352,0
7019.352708916891,4.697350334296118,-258.3851345522862,12.34051585895375,3232.666023629119,28.00019099796629,-0.4122717664698463,67.9087702860386,1
15449.494984563571,6.52360823018968,989.7728889476018,17.043016125882755,2895.067655315799,27.722406985085573,14.873226156755404,81.60110890639598,1
11687.713392259622,8.192423753149782,561.7108377908569,17.562234216983654,2632.022479469778,47.43402902816923,4.75956649349798,43.831446668964226,0
152.14518628373298,9.810316266517466,-209.94356295723696,19.10907898190679,2335.4362374465813,53.567582217002425,3.5294470579002826,57.15864629571147,0
1490.1163078346817,4.222348608573702,1461.4135928670871,16.235281567641994,2652.7016381653066,58.945348386991796,2.6162679783373486,39.619514185753395,0
13942.391980929315,5.194155453772556,167.8575780938039,20.340945996652046,3040.9718369716898,42.37711167530959,3.460791949220849,39.039879521289464,0
9703.337441230722,5.467491493207191,380.8497940618868,16.44817959387885,1874.6405745985894,66.41207571268465,5.3018977487296235,48.01543560455964,0
2136.744127080734,5.100211302280307,531.8101915387246,16.637754028177348,3741.937784545892,54.40254293481912,-6.134650161854619,62.20176824676566,1
4439.62642395775,7.204852488457059,499.6430919826179,14.38584059875172,2388.6391114218154,22.603295606475193,15.29643852361518,79.72231269658649,1
7210.611946796241,8.279982965671262,1564.3723983492014,17.436347607108225,2209.7328599003836,45.868180300688906,15.806556912954083,78.22970544085183,1
12306.587304385052,10.679820952072223,1055.809817186327,19.586130124169568,3113.422230299633,36.11514224253881,8.811527053774716,73.69307674322424,1
11708.109611295302,5.8187092695459155,527.8500322051881,19.44922010780231,2971.4996255725932,46.73928524272244,5.865937733867495,36.095709942101905,0
12131.748217560085,6.589918514212101,164.0179861696372,15.157309057668877,2763.7436598157756,43.067435564596025,3.532402537344468,63.86780657285211,0
8620.890426861688,9.87710974262637,541.8056966305687,18.417601717732552,2886.6073530503472,48.81016329746085,5.854254933037423,49.18057517608169,0
-2363.641725544232,8.31294132406556,648.1074265148204,18.41441764245349,2537.5589334193733,76.27294561030307,5.232527999180219,52.783856953208826,0
6202.737329172291,8.943059354223921,88.85084471955315,13.474351519579166,3032.931917942325,44.32776878148022,7.03450719270349,69.39463549570124,0
4768.174408794149,8.696022075568491,1712.9329564356144,16.540299761865125,2555.832296082202,40.22109754396597,3.5172570660315348,56.3936284348663,0
5705.8699003983365,7.893025527377795,1872.5584356551394,16.780016451200492,2128.6255770888165,49.219034433807394,4.530806778249135,58.85527372305955,0
14957.720362805436,10.169358719041728,-109.285350261634,18.910586078516367,2341.7881733426475,42.5612164128588,3.99985001863399,47.5344639242401,0
15206.553460772617,9.332048655573363,510.0132139073841,15.416252178572126,2791.878190995118,53.55886576478658,3.9417054849971027,50.10067008522581,0
10903.080615382067,9.440569951546614,1370.4172163343933,17.773614783076933,2607.3980472813314,59.7971098497214,5.302275139604552,31.241909071523686,0
8890.19561496335,7.555019327707348,356.8736936944733,15.544547383881795,2158.061328791032,36.24158603847216,-0.6281048956178665,84.31332186353048,1
7805.601306518802,10.570516546123724,591.4236457977429,17.98247704897068,1900.0185688759811,58.35508841501263,4.267579607946743,59.06648385809283,0
10820.962952989292,7.53610170403068,193.21593939368597,15.648044098141419,2788.587191674069,76.28578970945473,4.501987026746342,52.96583837150803,0
14237.818121308359,7.192479898197883,1385.6558963171506,15.548664883472531,1892.0280522052365,57.52295750898638,6.055197204767747,46.066075620442646,0
12758.503646627192,10.339350890560457,285.906697530357,18.18503638048731,1511.1490444193462,52.6152869139134,6.007124448018836,28.52867900033968,0
12329.983412232641,7.971055639139893,-291.7713774899463,16.413043483021543,3452.486303134438,53.95617993639018,5.6984718840997175,51.24778579677412,0
5705.933094259038,6.997745074545039,1272.0695040918788,17.98709439739495,1780.0165615989022,44.132869032687054,4.410897471008301,63.747979700547795,0
3501.0480629829854,6.666204749330316,1102.7864489605129,17.511476178403612,4088.9363641424243,44.207504681638696,-6.430323017088263,78.33078666410718,1
17976.744475064006,6.833789492119077,872.9564889135223,17.4347791804204,2519.4061250798286,44.980310668194385,4.238861492738799,55.38963072655722,0
8882.59033520803,8.098486138420522,1311.337075888649,17.220741218838143,2591.798728671758,53.44591947185481,4.07438356808309,38.52934400280923,0
-147.40391475020988,9.710112179676287,715.3154374709384,11.311219383487495,2710.431918952631,45.419311614987784,5.2038181891416,47.92087689933886,0
16579.671193350754,7.3342323055393805,530.8562378794311,14.585181421978202,3201.25479271278,54.30380775861191,5.550787635873884,38.216538751931544,0
16863.034246813688,7.638706544022164,946.063397578826,18.515804720257155,2557.4520640152796,47.40815319439538,5.429728068089228,40.94663832485148,0
7251.356089115505,6.42707997253536,2614.756378772424,16.278071853630536,1953.5466422498712,50.37549038732182,3.524372577397413,44.92971737208976,0
18455.18032854225,7.887290165778129,740.1456418036876,18.278448775447288,3075.9001656470045,43.17146972237915,3.3724685794825806,50.63107121492024,0
12869.429814546304,6.910769598571767,245.67004622431784,16.340488088868103,2850.023809290142,57.508568536479515,4.938518211389651,51.521337188641155,0
17238.320568599804,8.996897910756632,527.479262954779,18.45627038948357,1900.0380214511415,56.834954562795374,3.7049794244319116,52.798118543023556,0
7324.312564865058,6.6157999146350805,1597.1825198510305,18.351810238437924,2347.594399375203,61.82811102858834,4.892198651380224,37.906755322215865,0
1576.1595021657304,7.35363707881879,-104.5458254398585,15.137727182792123,2856.1060422980454,52.259598112444806,4.12259952797976,58.47111207439402,0
2512.3831887942542,11.389078104278353,484.6025101394915,18.30920409832052,2880.2354799971085,33.62611400583224,2.1204482497590256,75.22296284025572,1
15377.52013583273,5.614712051497134,339.30902027702797,15.478824661821324,3244.8172172926,56.113266399455156,6.730563162696618,41.76650461637364,0
17766.908092231584,7.62119840837639,836.6986137320662,19.04979480875254,2852.659022857896,64.84094858428277,2.8148202999645964,46.11231249570418,0
14370.476061729129,8.946455869178386,347.69878257415417,21.61279177491312,2306.270309138552,49.20359453452025,4.7519112628955975,44.587055108615715,0
10768.76731155137,6.656239014073741,643.0002823115332,19.75968287084526,3378.816418392198,46.65795900063347,5.255085816354289,68.38754500912114,0
12422.226726354944,6.939546406751007,916.5316162927093,15.599580638512718,2840.067250859387,29.083526014842484,0.3708158975713278,72.35039646891364,1
10573.143849866576,8.24656244106534,1651.219924168207,11.562579854610458,2066.4903122085993,45.75928331196104,4.531609546496922,51.78931728938161,0
9761.92543604336,7.722755185999491,566.2136646874574,18.009257634828785,2343.5620586515747,53.47632077803432,5.1339239266981265,49.136150156485016,0
-1890.772332131799,8.303847140217288,563.0546751946856,13.91971560254284,2504.361714966587,42.73476841113864,5.105182818677473,63.59739255037019,0
4028.9149577147473,5.156027254290848,1180.4859721373323,16.5224330767504,2662.345948823771,28.431267177066058,3.1786188643122397,77.85671933855086,1
-1857.708125104753,8.690953051929313,1395.2625780422395,18.406615261918454,2635.5422089915232,55.80828799383467,5.407970958128325,52.01066990031392,0
9357.756101069814,8.110425732454987,1218.9563182412862,16.99644163174832,3223.4107971617213,45.3123938502895,4.898815645766404,54.265392900265425,0
14331.511185714375,8.757570315703365,470.60380155171777,15.297282537677411,2642.607844488455,54.43314341210199,4.937311292562417,50.5135875880268,0
2399.125462802963,7.93687339920996,321.5226658354133,16.12784646755083,1437.0861950216536,61.87547230752183,4.796747999489103,43.24288469841308,0
6877.744023506292,6.902327235356975,2071.1058122913605,17.111723362141944,2277.7286333084157,56.38918565752915,3.7579237764472166,41.223034864834396,0
-920.8208821655935,7.498538651597355,966.5870826162293,13.918965839410767,1741.8780444311778,45.64456208140635,-3.5742504560071016,72.65089849367071,1
17606.59600020203,8.201872420263971,969.9150829839753,18.860265692627472,3137.8195707933883,68.22151140824745,5.959048274638777,43.908639111424364,0
11338.32527126096,6.1768490420816935,1491.8969277285246,20.10162636275979,1813.7986597237718,52.95241638871975,5.598206580862348,64.3174948424108,0
7203.610788399697,8.126128035200301,-35.79560926677527,16.55683077237353,3285.3196075484175,50.26854118455205,3.5854098443685363,58.24884037728784,0
-2990.2998856694594,8.505551104594643,671.0297133240387,21.286240961364793,3181.5562120233653,49.92903254168341,2.7882202120546022,63.12549194340226,0
17192.945842786055,5.90622473295978,875.0588220955376,15.826344817745026,3390.583127919304,38.17061122951762,4.547837048989903,50.413857623071145,0
6853.624862105075,8.69451652413104,1088.1455962813645,13.74362822084466,2631.4137481961197,55.13822605336826,3.1313058126137348,64.86159237018532,0
-682.7990307319978,9.993728920645019,-59.116033152294904,15.96553039099995,2902.238374298757,56.96048173525987,4.450178436878314,58.293439252262814,0
7217.625360404851,8.690854979075786,1089.6162954691904,14.753045213824468,2335.0904412687596,45.548273777200194,3.571902088061981,48.115131402411706,0
5310.503230713808,5.243209033192181,629.2280286137147,14.25562939545003,2070.614855392536,48.89199182448037,2.7423519820589197,61.121490628065985,0
8150.286639799913,6.51611703349779,1145.4436039261846,19.40488215153181,1781.9584265758858,18.40264638618429,19.022333855646156,74.8797048574072,1
1026.482729090194,5.638150378002113,976.3630459614797,15.09658299221943,1856.2482240098534,45.294774997435454,4.532412665162288,58.439892521191965,0
8656.860699071722,6.2049526432805315,1752.4895345650252,20.486345140154427,1553.8518666196414,53.33327248438875,2.6476433737515785,41.62617915650425,0
14461.33035373754,8.532649756732894,2080.8049237191667,20.10815807205536,2718.768132887115,62.42683759244716,4.8258986401843105,46.92629680302768,0
12777.96017705602,8.334416987132656,751.9075611691709,15.599356598930054,3266.924273771934,37.36523870343792,5.368796438882285,47.28000027691864,0
16209.795683835819,5.7270462293427435,1859.9649835227237,16.43353794632809,2171.805918238564,47.212270469104155,1.9272398020536072,57.07106160106563,0
6546.14014090897,8.82578444609232,283.08234851206987,11.915921388428359,3374.6108065233884,53.67329052782846,4.091976251251851,57.037958837508185,0
10895.177410148637,5.830268659110205,1064.733595799469,15.494200970544314,3558.7797827164213,39.869847076588634,20.481631514439037,92.10757739617591,1
10538.180404399536,4.62784074098326,582.1580911612687,15.271421199714142,2410.085162340009,56.92216925835637,5.790144898778108,63.43008083736131,0
16138.535467637106,5.835217263964548,45.81220201357189,15.670326404984806,3687.5442040240123,24.953107211250853,21.57211021478396,80.24641566637946,1
9064.345986176328,9.63938189172546,1151.4312139279673,12.651523861961952,1742.3017650052843,23.413449026770834,19.84695279194262,77.37647445839981,1
1412.1960797650063,9.972535958621142,1158.939496463317,19.50724005240398,3165.7877357349093,23.475555318911322,16.13974278411861,80.8685977581361,1
7357.356818965259,7.159864034433901,1855.9402981760509,17.296212560479834,2990.698056938575,62.073920158620005,3.348179637340446,62.33039133450946,0
8385.662993617303,7.142504429109413,159.55726100011873,15.253783301095968,1694.584540311973,33.71277943916179,4.745183860785984,53.2383926632745,0
1677.7115797607958,6.928647789908381,1634.7574368161672,13.791282530822935,2234.640622332953,63.87810234498862,4.161507531748382,51.28098884358987,0
15375.765420729997,7.8954893632163206,627.895834248269,16.580452959347827,2057.5121212493927,36.007032140339774,26.786338008939644,67.8728492420115,1
10939.112095682642,5.723215980746664,951.9109961248669,17.78937014872352,3178.44968916049,56.93725511280149,3.8516573665251803,55.23160033402162,0
9319.561667114882,7.58841311609299,276.0905320843518,8.313985369234096,2961.958080549934,54.705103610741276,5.046090690864444,53.54818118178393,0
5097.733460034777,7.5682777839375195,504.27869256692,15.903539716416311,2714.5316324912665,42.18913837203348,23.169788473699928,99.44048293801899,1
9016.700876644767,6.376196964598617,1313.5575856684247,9.911241939735003,2201.6164808913773,39.43032614515097,4.347170798254666,47.25888524619278,0
-5099.287484185559,6.08147756908165,1390.1733298274567,20.962783242599198,1604.7491443807985,24.188115219610086,0.3894164339950805,86.96792960496072,1
16364.070249809374,8.264740749037335,1700.149519757735,19.2242538132435,2248.487876523624,47.546494275836,4.474365153070227,59.75107143288809,0
14213.406386099294,7.559642246762826,1326.6786168829121,18.90995776171858,2637.9196911849945,56.27427802611001,3.2287911752702083,54.12114300730602,0
9144.753114631569,6.639625703335165,1746.9822930538826,11.591699349589632,2663.7067169500715,54.52197699179784,4.688278489438216,67.09705900607331,0
4655.395318961755,6.464688873905547,-525.9267234409282,18.439294220325884,2716.099005580484,47.03383522671592,3.7534470235723334,38.57518101881577,0
10249.17106735202,6.774877264254692,619.7801889182125,17.22166938317586,2177.974845486779,43.75676315257098,4.069926620366371,45.49331822431992,0
10963.743662658702,8.598511198647532,1223.558169789138,10.476033028316362,4057.4853364053224,36.43985765619754,4.247606672561411,52.862782230818844,0
1384.8888544912088,8.058233090868695,964.435158690257,18.625449558988354,2253.1712501428765,40.738296608469845,3.4528865683126164,65.4764077359527,0
6850.9050733897,8.426731012145531,567.5006607337914,20.640682064711005,3366.3796428173105,36.64638531449738,-8.235432233902317,83.77094727442345,1
16265.055124007911,6.305743042723962,-3.5396493753556797,15.822605727335379,3912.772370523011,42.08676385605611,3.113404749445483,39.13589046644382,0
8970.65696608741,7.8924578787228885,775.6971787964405,14.424081808416595,3054.934085517318,57.4211642544264,3.053301178771494,45.087755853828874,0
18740.166653839682,7.51731231721491,723.7747084400701,14.150400172236635,3284.345461367692,45.44511046327305,3.7219022292494253,38.181060256280105,0
7563.718186635795,8.750296003146897,-501.2618661496423,17.42483918682875,2691.5778550641608,43.21306770861528,3.6270422322548646,46.67822206069261,0
7674.28496325233,7.227306126845717,-343.71928511587225,17.257757909432584,2932.411245280268,37.749021130822214,0.33173392091885656,81.58647451212279,1
12100.646331439428,6.890575218025995,1134.6444372476983,15.169338970079995,2651.314699622819,46.53190543037173,7.410495110164671,44.671484591398155,0
8651.533058440953,8.201478865212755,211.17881979398078,14.283853777374867,1866.70315021656,25.3395025988541,3.985677315661548,50.917189497483655,0
10294.945789536981,7.166718047231076,911.6208846214971,16.57185561877087,2774.3508912293864,59.76932600003269,5.56848960622421,31.585052906635415,0
9104.747841891947,7.012805184203769,797.753018117553,12.262500210947891,2524.4480719361727,33.69242780094262,6.85332514954976,39.735658893641144,0
8444.47609883458,3.183489951420089,256.17137032718085,17.36120699067004,2919.501182874836,47.108526429197504,7.004726594152353,38.32603019932388,0
9501.845176212744,7.986233611200216,1700.3182310319864,18.585442307983904,1837.2637204129128,40.30394305924753,-13.97703239266853,83.47882531202234,1
15325.111012695274,7.0435380085973165,1438.6284175101816,15.572322594897129,3894.1845505349775,47.16967415086149,5.302890305395637,56.85558363217184,0
11761.350913497965,9.18112800489813,28.903930040160844,16.77704520622363,2319.734400152088,54.94769913910575,1.604939018496227,57.85255359571548,0
17706.25014323346,6.678720112715125,700.284005741229,16.675333369869648,1760.6142478077259,44.84902391113318,4.053217975715419,61.07499240118156,0
16540.107115305636,7.730364134099639,-57.73757753058953,12.20109051303255,1669.7980486776992,40.203544478199284,4.236568101063432,57.070588584012036,0
3848.951071994703,8.923494564905319,181.86953060547432,12.483929778663855,2733.890513753436,38.53567676305717,5.208324373290386,50.39462199303931,0
20294.266463176493,10.261933504339154,1237.6371489768912,15.097806213850571,4077.529898258536,48.747969358326316,5.215559742553455,50.313684160997084,0
10987.99288284184,4.909325966625916,1612.657869076119,15.846704067202788,3898.3161356813825,38.34160569932935,3.699408539920408,46.7116917341276,0
13075.833683478977,6.249947189649996,849.2226769312736,14.700587432436441,2683.9554476438507,24.130761834994466,1.7183637693813703,91.14218070279314,1
5109.3974127571455,8.609246978716646,713.1164810672876,16.16610290514819,2543.9682382587553,39.87830371201443,5.35971624438888,63.96465700455733,0
4596.322535265861,5.93481992597208,626.0260040741582,18.026456014692567,2492.5894281133014,39.94440923493606,18.61376088989256,72.59418459795097,1
7154.532926159416,6.641398530021409,726.2283436306343,18.52134895820635,2723.081426060069,20.86822158134199,5.245133293978808,81.30086936261738,1
18179.783119712843,6.962266522067777,266.70265215452423,16.20911347962136,2977.407917818759,60.055024253399374,3.27012612074296,63.681890237485774,0
2795.7147292840573,5.524708315353548,415.059677025479,15.79037156592331,2635.1365704513214,63.42444480362076,6.339573897037301,48.8521117836545,0
6787.365815653344,6.041261853924434,849.2152521860417,18.109529677864867,2703.30190801278,65.5212530546805,6.273820722766802,52.61404502547211,0
14958.40854334211,7.854442216064578,580.7677360405763,15.807294608744533,3270.5260554617657,53.71573975778848,5.2054021462389475,42.517253452223045,0
11822.577168075937,9.285936099836276,1555.3503901871272,17.357717834255183,3688.2074369387747,36.3412563708032,6.258455312998222,48.12518512508718,0
5773.728007802692,6.362092809544983,1106.220158879748,17.757300502186744,2599.2279919497832,48.20848460549381,5.270529310798336,56.87177475098648,0
10166.81054019105,7.613291532958369,1045.420373041063,20.76305271187749,3111.845131844044,33.503246259867396,17.758195333018968,74.71278367163184,1
12455.16441884429,5.1740705729907,437.3350546186336,12.366764756241821,3018.0787096408067,51.084144022334364,2.993821119353811,61.22771240233342,0
9789.01320563124,7.128766850008922,334.8059554806035,13.85476600946319,2764.970715853949,62.82275397742376,4.753656785575157,51.432130832061304,0
3782.9523736079973,9.22273723069486,463.1613163610491,14.283578111923836,1166.098187971594,43.97805281445326,16.87206270581685,82.24179484853792,1
5457.961208063076,8.551066100891374,679.9921784179166,13.39209613765526,2942.651967164002,59.513038251627734,4.928964223018469,44.555989804210874,0
9604.934457447764,6.430965259752954,1181.86564244369,15.080937758444978,1532.6712352836266,38.42094933229528,3.914833111801704,56.96631501217747,0
12963.454721879149,5.853119571394111,234.60958800387039,16.47663466805138,3379.9171526141254,21.547675479001697,-5.70793403619499,76.86631368714926,1
7444.862816993778,8.332601815674632,1255.093145692004,22.041613065409873,2716.9538673966285,37.94462160689589,5.493330257246301,36.78766262336308,0
13205.862876733681,8.735637507996785,155.78626128165536,14.412386758123874,3625.616496564676,53.639006405310745,5.0901772813055555,47.361717695993676,0
6283.476214353683,6.286451330662329,522.0851839548993,14.529139220954505,3503.797461270351,48.72537137992519,4.717334746667316,50.3764737216936,0
9425.91044852864,7.085263966803813,788.9166942950793,14.483407971559824,2003.8661247998384,51.707182961775814,19.400387532070432,73.77859045427866,1
5317.3100867016265,8.16575435038149,1501.2802789144312,18.67444349680804,1898.0370972106148,40.88571072631785,5.491982156918918,41.43892347343569,0
10882.318496212401,6.7718859034327945,156.10250460925863,18.371869682893085,2719.4683277793856,25.86950816003268,-1.7102592822652838,79.93335499609739,1
-386.2705359718493,8.504079388656272,1433.7882964045007,12.057199113332548,1313.8884784067689,64.2764711108287,5.702244496249306,61.61211402411614,0
7949.070403005564,7.637476673016506,407.5950502069682,16.369464168920068,2527.249064792889,58.539742808565485,5.020952377849167,58.166247432622285,0
14897.648115078227,7.84433537919645,42.03195635244879,15.142118102999675,2093.112039119218,19.416435552794802,11.331961512084078,80.20708683685403,1
10780.974238330442,8.707347550188203,-85.06885446420665,20.05476666414853,3476.0417849544137,43.602056895115744,4.117084758898772,57.471865901250936,0
6064.499974096514,7.730869608889426,1292.2985659142696,19.55461951114067,3015.651869640254,43.627099442976174,3.408417569000354,42.90157340555276,0
12033.17608110851,7.50152963346206,233.26403980175644,19.117775268922536,2574.7816334126155,32.19251665633538,4.663712301680736,59.385958031751116,0
13726.881569600348,6.718076174548544,75.2144290449944,17.771093205480106,1637.650375448758,54.53408304894126,4.334656966569264,55.727253193298225,0
9211.117509378857,8.927848026219452,910.5692238188304,20.677862239838095,3045.06693479998,63.40103951752181,4.2994366990045965,49.63058813532502,0
1403.5503019622283,8.984995745120772,389.2404865093364,14.644230795680407,2310.340789991223,51.85338147356049,4.624960065625608,53.79833455037085,0
17452.78861988666,5.644726934772243,570.5695614572763,16.74690377259684,2733.7217391278255,24.891863288826833,15.392224990604728,57.40723828564465,1
2945.676495395076,7.938537309304322,804.5416436219296,13.097969570075426,4259.623481227617,51.079516241305996,3.999953419690731,51.391684617326206,0
12906.560289417977,7.173210449075812,58.86884697822984,11.023052957850323,1792.4132312397837,66.84685075490661,3.3809287338639535,54.40248030210398,0
9918.926025972947,7.404902750752199,497.1734351991954,15.623387972116594,2589.628639423973,47.904439948605166,4.7956175435381985,55.19829002671027,0
10746.076687116347,6.512826349219902,1918.2664291584085,17.234409936534703,2869.0748788967003,41.063215333663166,15.097708591258453,93.59137683302019,1
10107.066300757984,6.677638414122423,1390.5600124495509,17.525864134669437,2563.191481906833,49.640643694764535,2.878143054882919,41.2222269356419,0
7575.969435364613,3.1330139617500876,859.9166039556718,17.262103005041578,1855.6666288469046,31.1603979796516,11.435720111545926,66.1771409586397,1
-4197.0780243797435,6.105321039940102,567.5300842560704,20.461778537047728,2322.073201180304,40.80656318226576,5.879372472994236,48.290899465252565,0
2073.923856899203,5.890459204888866,672.647152331278,20.57068645063062,2862.161206994746,41.29729961829104,3.2183434339605115,43.34466132991321,0
12223.7462187561,6.103562906503796,1192.8612683236374,21.21867948336756,2657.6096072175983,42.622245782922285,1.7620055130953074,59.79035825467517,0
12478.900533849312,3.1915715570247407,300.77909873952876,16.038134992866077,2709.598056024244,50.526787980527345,5.1596037761856595,61.28906595877223,0
6459.285406904792,5.294871602718038,641.4163937086827,13.185735361747518,2790.5909546479206,49.215751429761696,4.369696227806468,57.75765385282725,0
4628.632487977127,10.446176599190206,1813.514395933844,15.360100687141184,3019.174956499316,52.85181683735593,3.580224272509717,75.8727145584531,0
5905.025124488493,7.723381617953772,678.0297113750838,17.170189825650617,2982.8177215767564,50.39673462129269,4.189249398278984,53.63840434292613,0
573.5847096251055,10.322608108891197,680.5035892869179,14.131266988506267,1766.9089442174554,51.92834622289689,3.618057747797547,60.41107816524563,0
16913.738622838766,7.473600887107597,2243.674490159003,18.066081455293222,2932.5950069935307,53.626192337065405,2.591770412094842,60.264193771346,0
22683.549275047622,8.223558998008306,1000.1808198071893,18.13322091982499,2469.173053983944,54.87850015899802,2.678461062063956,42.543795328278264,0
16591.686084806748,6.068917588194831,729.130303305374,15.948758244449417,2976.680101768872,53.85291076550475,4.407383668663565,49.966423799600186,0
9385.603164181,5.239820122256126,550.9739893093229,14.751040737584418,3235.254761105254,63.40735030087501,3.6743014481036185,56.64275204257125,0
7767.676291523407,7.414291354395476,-5.182793825752128,13.290416182220437,2942.0264019897413,47.36888402663352,4.303288827893381,52.4551844332736,0
9419.273843434363,8.18522370981533,473.09269561821225,20.37153213938412,2944.424782556338,51.38454118856443,3.5822780521769597,56.77149974133293,0
14589.964514422889,7.113549456721513,1108.8033856078407,12.617602504917233,803.5007705103365,61.10372467178694,3.3301388344331504,50.96690702886819,0
7318.950841402184,8.078400814585484,1449.5676080180124,15.163821656406267,1646.4638428161347,22.3077846964678,-3.448634923668525,63.96960515564522,1
11551.051128798212,4.615309876331656,1187.7615554875283,16.277824029161504,2834.8887412191007,33.8395486838142,2.1579088691874606,59.46548527716782,0
1057.5291937886268,6.2915598248551925,334.3136497317647,14.03466157641778,3935.7643752945046,52.75819978073836,4.676096966646271,45.845495169612505,0
14448.381757290219,7.025277591669983,1189.4556552529557,12.553695811947867,2069.1397799746815,51.761033499902204,5.381773612212501,66.83972030069339,0
11398.056793815958,8.955068678543684,397.02135463901396,15.282564626525907,2841.3184919373516,44.01592410719572,5.259679856996673,49.924353403253505,0
6301.952122984818,10.009173792723583,-406.69434033622554,15.296257154814088,3062.174410129122,56.30034659461492,3.822836465027249,62.09086398014004,0
9770.926270342417,6.515529809622336,-54.00357567091805,13.938390857629141,3395.8361073955843,40.68964384836334,23.56347039530311,101.27004538892996,1
20235.766375228253,8.132690525371224,1388.052575957656,15.404521094741298,3001.598904602767,48.88323898307399,3.603333801335418,43.45554266448693,0
1857.3533848124616,6.967555544416695,379.2232221363987,18.586872013884992,3205.672362865298,69.18759428470456,5.546392158512236,34.971982886949306,0
1646.402163642114,8.552428587758088,981.6861514560436,16.00246386651944,2310.326323437421,43.85395743686584,4.2329219150743045,60.243517898599656,0
12353.237127026752,6.651655895209781,654.7245402765568,20.70219174545376,2304.32841565012,60.18328173797939,4.561291565358094,51.94838818985597,0
5841.935455468753,7.069056258988428,492.6288626144165,17.741908166640677,2387.5652528416845,39.400506606935735,6.230707999285279,64.67817583918544,1
7132.662177161121,6.982968491646379,-44.26975599175216,17.140102923133053,1537.3110833537448,38.75782133684774,0.018420627014091195,78.03218166617263,1
5123.299445813314,4.907891388427286,-692.0475601496021,13.248077323463406,2597.876439750813,34.23074244220845,14.87606764476963,80.78434507197599,1
421.1422536728551,10.7538291723186,276.83903618489524,16.462159518470393,2568.5590679197103,45.16255319898071,3.8829486667643685,44.75463260999902,0
3300.571848661938,6.219430506983295,554.1476921098964,17.09863007913585,1790.8504299913889,10.762526817220227,-3.829780946912674,80.8722989241942,1
8280.759480798093,5.888535924972791,1064.008508705,17.653958241703336,2129.0702407829253,28.12523373596475,6.192142814975593,77.16524008445688,1
9877.61973848996,7.734490315131624,-89.63079772976107,15.97204069936328,1733.723926634027,58.721954269264515,4.789294771686976,59.29189561547711,0
5820.7527754272705,8.07512720694522,841.9995433608981,13.129201270774427,2113.753226989747,64.04881271754827,4.900951496805882,60.4784905688975,0
10705.755648317561,8.373237074719071,1636.3839622481096,15.163991904829146,2782.9510011704306,48.98409749436016,5.200120282987158,63.25308997267739,0
12277.254291388263,5.93251266684319,1117.72678938622,23.465373374672545,2467.259037663305,57.952022306950774,4.622858638017184,42.825013979155784,0
3237.646921886295,4.358783814382202,839.864944193288,19.115781729098725,3087.002294208866,57.35408873345033,5.366305502890047,67.5782689950195,0
25473.5414209195,7.409291263690793,547.7366945306519,19.00482639435127,4352.8213389990415,44.43106358922959,4.801905501598614,52.422442324896494,0
731.1857233542341,6.289678836976322,621.3171774721296,16.052466376025126,1691.293425415882,47.45485893870858,5.668004939536105,43.71701507982247,0
8010.580967026168,6.781685399413336,821.515873457325,13.404753682723234,2722.3684313362132,39.485719217535035,2.524186336077671,53.54772868628009,0
12849.248689422213,10.493829779942402,627.3465657642082,18.12905529780269,2722.145747287258,49.52858916381559,3.014206626797449,53.01930635003021,0
1470.2528139190517,9.839018024189166,-133.79670967452114,15.140940675328183,2138.8155568995167,34.29313085387584,5.687519195508565,62.77633349807809,0
9860.200226799512,7.380640339447874,1217.896729446921,16.970055158691604,2835.6417638684566,39.51270394342272,5.9598338790594445,53.27818715815984,0
6643.085757098521,4.115061343648605,1005.430578809875,20.00691798647637,2730.2349386851492,27.241356944397413,3.9072096504628457,57.78766499224876,1
5810.1468484499,10.090925202484945,366.7747112658827,19.313429628247786,2522.5737400323446,35.38738609191707,-18.383591635514485,77.49572782563239,1
8353.472020181,6.815627154345351,943.3253256364939,20.03024631928733,2622.1674360581687,44.050400664758534,5.107037229739388,56.727204878601405,0
984.0915498038867,8.170782244173516,854.8493015198009,20.836657432506588,2533.601200773109,58.78588642818741,3.8919549885477136,38.82802334259555,0
13975.241347107325,8.114169352634802,1045.886033992136,20.372999405867375,1569.4052342660573,49.10916478091591,6.641562728339727,60.95873454976826,0
8699.797933618242,7.914238975083878,875.9923847988374,19.880349698509598,2900.3294313776396,46.03035299406794,5.168337458808604,45.97331788763269,0
10565.007414585383,7.646034306571931,1064.9571411057811,18.158612860294856,3397.5932189803816,31.255450852986208,20.92035330975729,84.63280341790389,1
16252.949717641619,8.048374430439619,1090.606482442096,16.96451805545509,1686.8941472139682,55.16836274742985,4.668352110840653,53.60580015886302,0
6634.813998150754,9.102456970761628,586.1258516239511,16.268178892596453,2760.6693370533694,53.00597505375727,5.8465700807034295,41.749881015938136,0
9263.329329391321,9.491351445813033,1173.882502999756,16.379318705356702,2662.9323332216113,54.06470171536629,6.741639509950932,36.40031786327726,0
13572.04572291188,4.349127477789075,613.0636209411601,10.739675089193813,4330.097316595949,50.82372193971688,4.013938856465336,44.85135337596218,0
9077.179110709467,5.9401928995788476,19.700226326289,14.493539118798392,3357.547212064549,32.734088814727706,2.0606023302840635,93.71952050679157,1
7785.316395085241,8.649327624501659,418.9005798000677,13.691262380068773,2492.906675456058,47.919976261260565,0.6247616809503267,75.6181888080265,1
15192.939454728283,7.363914706158884,202.8841968894859,12.933679088685947,1890.8473619414647,46.96073626767539,5.26195544833506,51.47318859031395,0
8010.877897848516,8.80188645925366,-151.88053305715084,13.86528955176419,2826.6630585477296,39.506106462039,5.2042218465418415,46.3759756631192,0
11359.85902495875,8.993069087483885,168.12928169261073,18.811678848586887,1365.6577567051083,22.70681979187496,6.491586524554249,68.53932057891672,1
11248.038302669034,4.2891748127128935,582.8759064788147,13.512543173476008,2463.7307939102448,56.31003235108358,4.078183947889322,49.98928866462586,0
9842.488738820077,6.102655741184924,496.3803733839185,19.920631775285983,2471.2415875228653,54.50727960657706,3.5646525584973214,52.83476604018982,0
9071.90509991843,10.644504315872016,1393.3516718104902,16.53025640550812,2562.3024354551035,45.46663525630848,6.361653265211392,45.665683623598554,0
14426.457289254831,7.262939161025907,2480.2320451955666,13.39937677890476,3393.3130615652317,55.196650653169385,4.322060234487116,50.1069331179648,0
12700.398600413831,8.384070732286773,-84.69176879090696,18.501369488884603,3349.4477129379516,53.61058259794729,4.302943459150207,47.732392033498556,0
7572.883838436498,6.918359202995923,1324.5273501939907,16.296614237412605,1824.245389869991,29.768562535584735,-17.087419232715504,83.386251576366,1
18437.733827874355,8.398719217263965,2727.383687141735,18.06434232069095,2971.797238583161,49.375127919097686,6.481966738423055,42.44966004089501,0
6484.837053096512,7.133234186733432,974.3891072622221,14.562648467948138,1989.5267097253882,50.153750817738164,3.8862749654609523,57.74914554913987,0
10044.336970605123,8.21779811669861,1396.35242473252,19.514726689370104,2863.6268989320706,41.00667212190453,5.533092125449755,67.7764481881943,0
9832.993106177164,9.160681021925685,406.20224277819,21.8143053703839,2122.9061612751398,44.5027928348828,-7.694118908743064,79.92611130119677,1
10613.979573026874,8.021871326880525,423.44219985431664,15.273634376806557,1698.156215371052,52.78476233429876,3.06700961269042,80.71336701606002,0
15215.051008262853,5.4412537967605985,563.5449426931486,19.357737948620926,2177.2574619404168,56.028808873278514,3.0449736634995856,47.95139365728615,0
1247.298982674538,9.280152473567531,-74.02412517632047,13.138803285710662,1999.5981129791262,43.846701450862795,2.679512355713241,59.112622830378236,0
4947.168580124978,7.330614475374796,914.920406314708,13.453262763566265,2573.743329900854,51.04103550478433,5.981348374517629,66.53635216029858,0
7903.021317584318,10.225173122444797,540.0645331843477,19.445992722907985,1653.0298324327523,49.66185601252165,3.7441591810351498,40.34424993790161,0
3000.1132535406623,9.775806934005178,1642.5884326201176,17.791617476874958,1723.1221541638436,60.82761249180895,3.1614959957637527,42.50333049054086,0
6541.8632993411875,5.884182120637851,618.257478850199,12.802138421007802,3444.7188522288866,38.39024626992052,4.838823196775583,39.44155362566159,0
16175.200978001043,9.873562243484885,1272.4444002994783,16.27649355363633,2735.426654090413,58.71503868923686,1.7289551743093816,41.269474403227726,0
14432.364181617973,4.15176261060766,102.9102881952848,14.984191474887528,2773.8995965105064,53.86278996598487,4.729730456813531,58.49456255104331,0
7517.889867635902,6.469708209883862,286.7081361570538,15.649719537840706,2194.6697254551827,47.166251072666874,8.268507492122684,57.21161822084155,0
6510.247498452218,6.0776213065627,574.3000096308258,15.58757479217386,1907.4661065517084,42.27683031893662,6.592812280890879,48.709200119531474,0
12970.492111147058,7.850925339560141,-71.43372463232731,19.7877259677254,2947.990936530369,24.61622357299449,11.26815071040777,86.6862975813259,1
15753.168630242166,6.062953205033116,34.93428462441818,17.597470322093127,2850.1472334339774,53.68982609199038,5.809233491029772,64.47857766151364,0
19926.006973363612,10.716823151439385,927.0215676672656,14.18713168409076,3558.2447914795953,39.984621916212376,3.9793829719769134,45.942634983677486,0
11462.21719221949,5.810240041109821,237.4532959353562,21.776732138497977,2903.2752993422587,35.67479205634629,4.586832467890061,40.9560487704538,0
3483.5017259966226,6.780930899879625,875.5202535397792,12.235418026759527,2856.260978752095,56.33709919316375,2.391091955516694,61.40962932365408,0
8430.782544694444,9.262194959164688,999.7358576893122,17.30280476866245,2066.123486122993,34.16290142860978,0.03878987414964463,80.81247076239802,1
8612.945557253699,7.743993089817596,1454.5577242107165,13.804523888486873,2812.058821928837,51.35754526377027,5.639108762223491,44.6027320184823,0
-1071.1737748731957,8.930962409337731,1846.309164544385,10.975638737795254,2341.064663148618,37.6063804388173,5.191474463514751,58.96707778368703,0
10221.152652510715,8.088471856391829,805.335147196661,19.94975085699519,1849.808097388031,32.0403242695174,18.942051586579318,82.43339565264162,1
8698.749073476467,9.161337905793896,104.266919113575,19.314542416889964,2247.874026041774,52.09214877380664,3.613036128923156,39.216358362051345,0
6926.441474178837,3.549106142989414,1660.7709265311178,20.044854299668685,2703.515884080152,47.03148776879318,4.1807799653275834,50.84888241526667,0
6209.026728578385,7.210108541738912,1216.3837012298436,17.24615312513369,2214.037352184488,65.5486726990205,6.216036466705643,43.97042191118582,0
1590.5062504824054,6.958061108605211,327.1037512136913,15.195576886293914,2359.811024283585,57.51362281329638,4.534618673751822,39.9079684756261,0
12830.706860687003,6.281805962553911,1598.4248471770493,11.41688449346582,2233.2290027258314,43.429708927417124,5.626333294350592,53.10175827182838,0
8873.744823742561,6.743347024000489,397.0313226660235,13.051679373484,3095.4692137469765,60.75748138584492,3.9961510052587705,35.78330951940968,0
15267.75088632591,6.928416000299903,446.2113658286738,18.76440103902308,3239.5956972989447,23.969407358689857,-12.326263281995079,81.99272212748446,1
8597.973705481962,5.4049870269744416,681.0282681134489,17.450371969037004,2096.484564856935,52.97838733090472,22.35400523570422,89.27973537420044,1
7746.231028928587,6.115302134856236,-978.4439866889941,17.40104117793303,3113.645077869121,42.74563304382459,8.524286640780087,84.40918827808359,1
-73.80156610941413,8.307121101252209,406.829949972576,14.085197577812238,2737.4080937817725,61.09567912218624,5.966633016128155,47.29707682375505,0
4654.4057118043065,7.303512129852169,84.76632635539329,14.73811301804535,2156.7827812952123,55.35907592172593,3.5216266622542713,53.02613525946254,0
6439.669075231915,8.471587902780056,777.2541003054483,15.178123050942103,2892.244269895286,42.917388542255516,3.9746134525660173,41.770513741376426,0
6329.248495357197,8.06898964126105,-571.8601918884714,16.001155135358136,2973.35122311181,55.24062414104421,4.437944266430345,47.169209264017496,0
-2148.130261379203,6.3575938674366865,-777.1740059094928,15.208820294729552,2394.0356079135186,45.28192607466292,5.274220195777082,53.957115324169536,0
6023.778321844769,9.435509986346702,902.4224184085627,16.09588911100014,1980.5448008877079,32.28585451292359,2.924591672288729,48.73858450122682,0
14013.614918108135,8.820603545595821,555.9250315603906,14.93625096690356,2264.9959295259737,55.78456259308463,4.596462046516386,38.872359216789455,0
20300.727529873853,9.00564961261524,1392.8236492739568,14.937726695239617,3772.113103264864,38.90170789255307,4.069408354867741,37.14434406288889,0
10421.703600326777,7.301217142783897,1210.534881128269,15.886198141291494,2351.4768881714554,58.42497162019042,4.376246325178349,49.3931456679808,0
7543.597509212142,10.220585260865718,625.8223410740596,11.594647247505389,3209.143165564305,50.12726926719705,3.6893177656905403,54.96737756775718,0
3385.1767832496807,7.6543938266457285,1296.1189378697663,11.399591275368405,3204.156235178059,46.08426403726408,5.064471290410988,58.69762058176292,0
18424.462679108656,8.534347279415709,892.2543291182026,13.556338385687651,1767.604886434766,45.02934621182416,4.329257169065823,58.804813009141135,0
8946.236549250816,3.901163431153077,1079.8581548525985,15.040830160791906,3149.233004562092,26.888559852495366,31.949813006664016,56.51998865595656,1
6503.630660297456,4.325190770729094,1028.199104682426,18.437857518938312,2758.2591946604907,64.83989885984525,5.560779792563601,54.60327818381483,0
3446.175156230416,5.652320637916424,159.89305419960556,12.516356113882475,2408.417901456851,45.2055776910102,4.692845461534154,41.0038134245421,0
2745.4118277468697,7.828961396962954,1071.864821417964,15.672980448408094,2599.020489221213,51.248725907654816,4.416653834578777,41.332673293396866,0
8313.646794936958,7.02862608903492,350.1009986100347,17.494954267119994,2065.151286127194,32.24008729954899,6.336056929873955,59.36814316922667,0
12464.160475897232,7.241970214273087,241.93761327482468,17.826288534728594,2373.208791698563,54.45374381306735,3.7592585168937376,44.61473546431522,0
1546.4342016898627,8.6533906036521,754.3005302252641,14.142693116995893,2665.1638754611777,51.74010796751028,6.254391397041984,53.15309626770591,0
8901.724829647812,9.624387188864771,460.34944142859484,15.032410495415126,2135.614012398076,46.468979973642966,3.0254647789139835,50.21981552643602,0
17348.333742543968,5.87593481075886,-252.0671553630815,17.902322990389642,1382.7585988085232,45.36696930394499,3.4392121212935987,43.02968530635138,0
13246.092198687325,9.031725846592566,1059.9963090635006,18.53069465882711,2201.420075896608,56.07210376465751,5.766065458731061,29.83705689576835,0
10536.704259543765,6.180740611849262,-851.1093608390407,17.231313079860893,3385.871158991199,58.60312443533131,4.298232424740999,67.33441339384262,0
15174.221825004672,9.260664587135954,1495.5644892845062,14.994386765250775,3427.6777557383475,46.31547176192354,4.844755887298905,36.616693731795365,0
5438.783989743737,6.569716001555561,826.290652934528,15.734636147536863,2350.9427563517406,53.22125585317729,3.4248635956934654,60.09103411728053,0
5313.934662373047,9.44847979608554,765.6231040771058,18.707669597475643,2413.2262472424545,56.05381602282743,5.209547507152167,53.88214991591073,0
4682.3521172055425,10.591813775937968,976.7229657281748,18.448286584157866,2608.465072538312,60.9782313075726,4.015687995615708,41.51933073114583,0
10755.875056533185,8.351671864741533,231.42181810046975,18.404357961930188,1632.427132373427,45.16388911552164,6.760573237421763,59.12023670988306,0
16221.129413736031,7.967356513600897,1322.2923649942113,17.86102690939461,636.7535002387447,55.19683892090309,3.4811718815015578,37.470002428316064,0
9004.312705834198,7.7426865924007515,77.2754041633575,14.322169402101222,1782.0628072453296,35.5139196897484,5.770734169985931,80.28076181116171,1
376.47762669280564,6.627161031927125,531.6085189341522,18.376840394696906,3369.966094350723,48.950558765881276,3.6965372083490275,72.06782724615101,0
5147.458517600357,5.745341728785179,687.4144140190215,19.74504959495121,2293.92303421746,56.659204308724476,6.356773179705214,50.32426604187004,0
15435.87209807123,8.079727449139117,1368.905062435767,17.01032138230037,3067.9235043823624,45.99058290437572,4.06986457283199,50.29174426768096,0
8385.067760949889,8.580531147088127,741.9469714908145,16.326580577498643,2613.153416281465,46.56761982464312,-12.59929264468574,76.0812347288744,1
2812.579745082874,9.21588443749031,1468.6669247997083,22.1637075019864,2895.7988160636996,61.602722070072495,3.7583615113127307,52.74930781070087,0
1226.6971215135536,5.540703479834711,615.3423684245765,11.606754037611712,2210.224203915811,51.70180896953428,2.9720934578317686,56.55919139658837,0
2246.365105785967,7.320080626579315,-700.7255058240631,16.70372458206508,2720.857762672282,42.851352256175915,1.6015640855057645,62.194310829547724,0
2253.25039351387,7.033537991019961,848.247133477444,19.806095591257897,1706.56217822157,44.29351279775831,7.058575752172441,52.167912776044936,0
9654.941678572555,9.16619270831716,167.61842112179596,16.26610815589992,2390.8323830360323,35.745340002222434,-13.08680686205292,81.7858859883365,1
4706.6857477744215,7.753133875739462,914.1595144855671,20.756843557144734,2454.645445544868,43.82280829030446,4.457090826751783,64.14743819359813,0
4267.177552130126,8.317178644241526,1479.8779809738928,21.28527804138371,1766.5420494691475,35.9442722435353,-12.129919076527212,80.85668338354176,1
14555.56208954064,7.9159650760772955,518.8219398030025,19.410078997738964,2367.2682270795026,40.91522187579581,5.263482994116389,38.74129172854876,0
-1290.8688457351473,9.001625455581484,1913.510850651338,17.12125364451622,2166.580231002331,50.81286174952009,4.374215560871445,58.52441264821343,0
11728.077715363916,8.40342906224417,1085.9536575647492,18.20951510571775,2100.085609578931,55.648535598843445,3.6757437182542465,42.16511871654126,0
6737.184692947503,7.251904097637859,288.9388437353333,17.72885045905618,1423.5181077985205,52.594927793950404,4.497465984018212,32.00643318783527,0
7505.506420655214,7.989272595280114,628.761880453809,14.245193764448192,2275.6893210233775,59.217709304549345,7.165444073126353,36.074874328615216,0
8450.429183814562,5.428057429976846,1062.1929836017946,15.472446625256923,1601.5443107772005,23.05660835380725,3.797859693920894,81.51673185801404,1
7005.561378779228,6.385771423320783,1459.8245044868618,20.392410024288143,2481.8627364903673,73.56197031948079,6.714479617500455,40.31916410846172,0
11800.494042576334,6.392889358576759,1520.118867018735,16.965444239638394,2417.788795930138,47.04957387848905,4.162567185363085,46.10864904023436,0
7454.166107342808,8.874845887123067,377.58896708313284,14.23664302879561,2588.0677168995753,53.67580047175207,4.541689480246829,64.7373757807617,0
12751.875059678772,11.60378976788234,328.78811066913795,13.622915382867642,2820.200155538149,35.63513261280459,4.725514906490246,82.14352208276996,1
10370.429610810272,6.255463338272868,994.4828763396881,19.873249823795803,2336.4556027223625,55.601678780150124,3.89076867578389,58.7620599167166,0
6307.916790902233,8.950952400855948,647.5448591976877,17.238034619779793,2292.6369933605642,57.26025840634158,4.63622579577353,29.8850867453818,0
6058.069795522149,7.003907590714506,1200.2196769944417,19.47876216584059,3253.986356755368,53.43231654054039,3.0020366377568184,34.251200125372655,0
572.7139223094009,9.37455220464478,502.7094366913176,14.47031345432029,2228.2701751272857,35.6740808506082,3.6323721126834894,86.05686211129193,1
-4894.324488215161,4.213778527549147,829.9078486819276,16.540261124171796,2212.1780823148843,49.88059702045632,6.2789328345055635,55.76192750328422,0
6914.346637480874,8.031289479090619,1783.6267191662316,19.48129179115892,2299.657184043098,46.21846177821143,5.274356350117252,28.572801536014538,0
5621.578253370717,9.509881084076975,1369.2263629263743,12.707850689694013,1576.6312952690641,36.179501708925415,12.773547467523633,77.45281210014109,1
17443.628458640298,6.5962700586239995,1218.601331267227,18.902655740160075,2188.3856411186516,55.74665234555397,4.682217059569885,75.19707645645374,0
-2738.3501554613485,10.50637000103665,1471.3645393003312,11.711300153444766,2617.2837225005524,50.67208152739481,2.8093153146895142,60.10370850190332,0
5674.477077897403,5.805991325879583,1434.5506582991998,18.145111277588807,2139.979161952362,54.63977736826888,3.5335179959213034,52.7279338628598,0
5762.735800211522,8.556686925416447,939.2712559461058,17.426048323629345,1727.5584290423424,56.287942501625054,5.165960597998335,46.08821836364279,0
9914.717967797675,4.831336037396299,785.4212139603461,17.797804655563006,2882.233794528175,37.64835996517982,20.909696134093455,91.02276526585351,1
8805.523409304391,7.430250197218572,220.91149872250196,19.17240321209117,2106.359184050116,49.32026722489482,2.9300960934907545,66.27118052159759,0
13012.292568639754,10.987487465778301,19.43951960329548,7.535497533358084,1917.6812819648549,39.74868016177579,4.87574810063159,50.0827449434232,0
12634.112784273384,7.105056219895173,606.6837075021703,18.93627215302575,1621.3873217615846,37.894549488591366,10.384898442662465,77.29049326623057,1
6404.976316352731,9.540403490107257,-522.554491453284,19.796374365553635,3186.2607801657905,53.624317252576475,2.8972720000243672,64.4700461758506,0
12558.544904175766,7.359838273570064,2185.3993240983204,15.855895413924427,1674.5889720541788,48.844097268444564,4.935718119193247,53.6516063247517,0
7473.76655636549,7.494602332792771,976.1040979529771,16.128032142147397,2586.340459825606,60.401412214505115,5.512594529382749,42.72050132525687,0
7807.668366012261,8.514577365060406,1790.211194724949,15.003810602201623,2936.089728449833,45.80925463749284,2.956236607716705,54.35683111924503,0
4650.226713274381,8.368216611491514,-167.5130865623927,17.47977871795764,3646.5066312252493,52.33026932552205,5.98394369057157,48.67574415056663,0
12153.706875185111,8.190484537266707,41.057530803322834,18.844814770212537,2336.460626213717,50.00431490103103,4.422722951250351,50.554799187653806,0
5795.531714965506,9.31192946329011,1103.7986081926883,16.65019849779895,2885.757027863274,49.3822263072126,4.934429461186159,49.710984765021394,0
12990.24590405482,10.588609925693259,1125.2077834100223,18.94214178137218,1792.8855024966924,23.06281217731273,14.856085703155482,66.32128223054569,1
10325.030109407668,7.235218854863259,-7.987081236489075,18.524396511971965,2268.4689822145347,54.90147773818276,1.921077400963437,90.58402908095175,1
12936.684693870335,10.25532768938495,1567.5743428072167,14.9144910268168,3572.30280268569,54.19384143961624,2.642085998122998,43.418865069083054,0
3713.9150048691827,9.63259466237621,1277.7076669700891,11.11127787091267,2534.7879860479843,39.408798982374826,-8.082298485678702,74.75170878561025,1
8499.050745987679,5.797035812234639,-210.4284088972886,18.32219928316943,3602.6887023947475,24.855783767164148,24.259758710680043,78.35303952542074,1
8030.816747064063,9.235320140009451,524.9075133665913,13.904628195272938,3174.844679639277,23.728674163181566,14.034373706720666,78.91378202110491,1
10656.913327714396,7.268900887201344,548.4171238276078,18.468246858058233,2241.4473519392595,45.60955981778265,3.444391423902436,52.06816361791404,0
17587.20877616184,9.352439007045314,1492.9313687866807,19.281998203164875,3267.1953497660447,36.961092921318354,1.9318524234293353,84.13348778550252,1
11331.965464173998,7.214265319033886,1275.9020792787037,21.212679653797608,2267.111610411083,47.751814421791565,3.999720436656733,64.63900786174322,0
3358.2286894767485,7.555388128390272,567.4563247599634,12.765701836294573,3032.86751636769,33.87993248394328,5.434419294870947,62.924089304687286,0
3368.553253791716,8.470302989373657,1615.7252678975378,14.717320282138893,3314.1661963883193,54.94725772595308,2.409883065140037,43.96562165511392,0
10536.340483564134,5.668144740849494,2017.8864763287668,15.483843630514047,1585.335988776653,54.47890979801761,-0.11418967877422048,86.44954984027396,1
11893.153395025172,7.742926741428886,618.2843629072868,20.165586506805287,1864.132072256809,48.169725248644944,4.598643511515355,43.82700930241955,0
9861.133042656615,5.734646739321302,142.13691689460268,8.596418403750437,2351.0400063296024,53.78573652649587,6.794613657195544,52.26315952898479,0
3069.9735358661037,6.713384127998519,803.5871825162576,14.362938134889976,2321.4339721785336,37.014923231332745,-1.6305973806030742,86.68731730855284,1
6439.135261759582,7.329333506455554,539.9033420327783,13.48086574894137,3154.836869610567,56.33264681561855,8.199066544588236,75.85044120867187,1
7886.579407561865,10.129054913507368,-427.5048288060269,21.047083120953832,3090.5969767650845,55.742769831970136,2.843532183931119,44.75771551895412,0
11199.543463330438,6.081634889441782,1323.5913300743855,14.255139244653924,3545.283433969945,39.82972600708718,3.379193397524743,49.44606474517664,0
8415.165575320085,7.5321869595601365,674.7155197443941,19.65961052013174,4085.343207007266,48.1921476372475,4.241316646368277,32.58430349748875,0
12453.069104109774,4.6722856754286095,617.1154412971699,14.056812594235243,3634.8451905037955,44.93088107271538,4.400001359250783,44.38401323623131,0
14637.697305265896,6.2667028601292305,18.20668274642844,17.78276182976481,1622.0007584641282,60.680901342432776,7.1936187065163075,52.991834608137985,0
5487.38965573069,8.929452481198169,-52.28745704609014,14.554590689869425,1271.9558800288578,68.10055046668255,3.3424108933259324,58.23294994355331,0
8913.32687980084,8.501039873701966,1878.6684833245004,18.491202580407975,2500.493749388912,29.155385954491738,4.713887692686066,38.70111912097249,0
9953.394933115807,5.966104901244617,483.0209338702831,16.754915275700302,2769.8629714349117,40.992276306643895,6.759434633559263,88.19346906382545,1
15533.878403400025,11.033311650119337,417.8508829679883,13.000740793562617,3272.729397145953,27.27482524315606,13.654392512912192,71.06411875101584,1
2639.5595337494815,9.335099583419751,2078.069284236345,20.631056461284096,2437.5902086266583,41.38546421098355,3.9082806468284472,61.25930330634056,0
2253.953978851796,5.122180705265201,280.59739253145443,9.486450988037864,2976.720340253054,45.88960197833572,3.159696585705409,38.64555805662877,0
1582.3072886242053,7.955631218853769,1205.0051688785165,13.404327724157257,3857.5817930586063,45.605199270389356,6.504112680699707,36.96998078185196,0
13536.988323421665,5.8300267247857285,449.2213967599727,12.662569757020675,2790.4247036148136,62.22385258911609,5.064685751280357,58.767599891542645,0
5711.689580953012,9.527209583882938,1242.8908664425758,16.208186341318335,2406.238007770851,56.14007265453838,5.141362242082213,52.13596574564316,0
8358.58920530078,6.683654203412821,667.6913436214752,18.830157800838702,3310.312398608743,58.19909146212744,5.364016238203502,40.96796391104549,0
13076.14116342417,7.478320573354504,53.29121093110132,12.845478148605231,1530.1939146419618,25.037009854546653,13.050849245738736,80.77784341977114,1
1855.2231970387884,7.287686403674168,752.5703263083913,15.339728404186923,3197.7179899175785,47.131659779499124,4.51894172803278,35.873088475073686,0
12663.260049137152,8.11293840397469,321.19031123146135,19.70716424928036,2254.6743666377215,35.989864870402506,4.74054223906694,78.35844566506184,1
4320.171351066626,9.473830064528023,697.9825765003708,14.829703704021624,2637.441104716582,49.0359915342134,7.532412501994326,49.85252281983158,0
14063.0018292577,7.433520238075445,511.45823502443534,14.790774499131459,2911.0915159940437,37.64320218475501,0.5305200570031339,57.97252298540033,0
13773.86969313445,4.812753934046061,-236.19574488252294,13.669557606253841,2691.016568272396,57.81198162218311,5.250092156404888,62.83888783270268,0
900.6329703963584,5.435106250674231,947.8737572049058,15.124761504950184,2811.9914138747554,35.88578129416735,1.391619977218145,79.29166092474745,1
17073.48425797228,8.331474453544292,1177.1727305134118,18.7773935096468,1919.4545243153148,55.00088436999158,4.598435915265739,56.07255017754922,0
9106.247039636242,9.078092144708624,1011.107656865356,15.827325031998704,2894.39992192919,41.7394439035031,5.669655150063102,84.94176289423754,1
5216.952733797529,9.271668266514443,422.54108823017475,23.10976653351718,2025.2846225375856,51.25678920515064,4.881791192891862,40.934922190672296,0
15632.48696796041,4.611062156930432,830.1435847144169,12.763787327294523,2237.387644886511,17.038353408314187,12.291875307869606,83.97433973855752,1
4514.024226023268,8.347303339515713,1105.4153706259603,18.04112103143038,2559.8698140137417,60.78142468410099,3.945001016160037,49.66525189673094,0
3573.0995419254677,6.028322314423642,590.8062409260504,14.261286121890581,1698.1237987891461,46.67926930619737,6.085453351293092,34.0799154288135,0
10996.388791040175,7.512282259369514,1456.2578217557618,15.171411111460431,1981.2431828660506,54.172761282820055,5.842694726048609,61.31299050249746,0
10636.6539169268,7.732580166361874,1146.7772470673046,16.813486246160988,2822.1150593157554,45.04808957721854,3.511366427252296,51.77297213147308,0
7824.247348807002,5.556945377101011,102.24808782470916,19.370547047960645,2224.9170576061797,43.169851431432846,-7.136872101675165,69.46754839866128,1
9998.946098181797,7.819502535706557,1631.1904526402814,19.39907862528129,3405.441586408256,56.54027607876238,1.8751429020287484,53.26670921542168,0
6267.847228655535,7.0849779597900495,1327.7381309787572,20.052577930021805,2451.9417814462167,66.15359402169011,6.2988144818802585,43.39668737199884,0
8657.47998885575,6.394615326572348,800.1923461305284,20.047867773264407,2246.7772929546686,61.05946672724346,4.450250445204257,50.14816009930505,0
18473.45130372468,7.273101588253638,1281.062676416209,18.25829114234524,2639.9122652435717,38.805255617713,5.068009420062172,52.651070945122434,0
8826.476871614448,8.84298015784067,1209.6106762100817,14.38095980933503,3439.068826354948,55.67291511706627,5.200085898957829,54.176751006519595,0
8013.172976089732,7.12024518793981,462.6343882956394,14.894584041521709,3789.3295371306986,25.706754117583728,15.394987596500425,85.1511195443178,1
6334.368945442681,3.2072493941694766,814.4990684415798,15.53818222846461,2775.154198562294,47.30912090882136,0.3207804905141849,79.93040117087642,1
14334.839312149688,9.21770571357353,620.4648836632357,19.08860311152386,2214.2402977740617,56.848384758204105,2.809882211557967,44.72228124054574,0
4497.481942841753,6.65491069416791,556.7165638602746,17.238672422423527,2644.5764751580286,58.89833959913382,5.361674452604643,49.76156231863884,0
5306.673228987412,8.902038316688012,1101.3620962296536,10.980463744537705,3210.640429168944,60.75547126466404,5.533317586808008,54.868859503005716,0
1845.8231763256572,5.470080718348932,1370.943320101288,16.82096695250359,3353.743080495181,52.71623029923373,9.874901101230908,42.62373734729145,0
15165.47966653524,7.447225242940449,-618.4941259236645,14.966487267281071,3461.497079384032,39.45526371363596,5.30875818205206,57.93225717810098,0
6336.100071326077,7.418574063590671,1634.8596195575467,16.607755711682987,1792.6034342895896,61.35875589898443,5.871965129196017,52.77479241337466,0
8124.627012632515,8.310781205204654,777.54285348099,15.72127502541365,2697.815061006068,47.310370106665886,5.388400107067775,65.08336098057728,0
3435.5735335490435,8.538965800317241,1413.6702414900633,17.75722926352727,2106.7825317909796,55.72728332903048,4.537018400464208,58.71705131061377,0
3962.5211604857923,5.5000864444724735,824.5016858135882,18.614936252221437,3057.098392706633,46.63117782270535,5.619394444910637,53.70502010828092,0
11414.889708516086,9.6538993766062,1039.4450189819036,18.054137013882148,1650.5704331005927,48.49844854862588,3.6768785952604586,49.09253242660877,0
9050.956319394354,6.043674828926465,1272.036983568339,14.018925853816494,2713.5166661190783,55.46731738848025,4.549415420338722,50.24647378210543,0
17603.06910425477,4.739478718571026,1122.0622878498066,22.264248281281525,2254.7805233758727,36.412395452797995,5.603023384412344,46.40023826419099,0
10748.748701389115,10.971688736717702,-289.11265953376903,14.33546822021249,1096.8021352944113,47.419610318187026,5.167184920428166,70.5039665111151,0
3953.672696304664,10.228732490461203,236.09561477183013,18.978915729195656,2435.660924161094,44.429651367580846,4.968581152649202,49.01554685823252,0
6245.701780106865,5.804898074807298,884.7804991359546,14.054791607274392,3613.1346557183588,62.05222909049813,5.719027822791572,36.462172392085186,0
15601.36667794608,6.283582200354186,1521.0667425379372,20.7232350733534,1507.6831374998944,44.00915761785309,-5.214536994278177,74.32136852748584,1
3513.882800102251,5.886414042822469,498.2597176511228,16.148213500985662,2194.864026636916,54.39301340446692,5.38281691651168,56.10133545087935,0
3447.7483539220384,5.355479787516929,710.44630490073,19.904525726170135,1815.3112708981762,43.945757063833064,2.392523718624508,47.66208632400283,0
8026.504311611857,9.278843469774806,1726.825507290907,16.894192574626278,2306.438807076766,60.230990117603,1.617663667259345,40.56530175591844,0
9631.147441553527,9.944868235615731,168.8461024317835,11.779176981518704,3294.623660973647,42.31642436812895,5.8051283822387445,47.50081515160471,0
22347.738857130855,6.265743210400237,195.36294872752273,14.430142942347178,3374.6077411210013,52.45431969969162,4.839869950332862,54.92949810466969,0
17003.890976086026,5.617656689501834,621.4089367354161,16.990625591441635,2508.8820527064013,27.776663761497957,12.444664883523732,66.0701838232481,1
16012.812115669605,9.410085145438966,733.1629967970626,17.089218777390418,2925.8702924206927,49.64346480459614,3.130301049327337,51.90310125397057,0
5313.820170651189,8.022258503767194,1409.8720671796566,19.39979460642033,2011.6985988044537,51.105541982330564,6.7677766846726115,54.05029604444193,0
9940.01667742533,7.414485666941044,1513.9571172083404,17.675493064444712,3069.312565579295,33.019727804025976,13.003804701530214,82.69823632377181,1
4766.215478580914,6.492972239409689,627.5171338496733,14.65567103032013,3142.8679594037753,45.751526636970596,4.692831440957885,42.551272147237256,0
-8579.675509921746,8.54167602047528,580.4919329303789,13.119564569269516,2992.533627115264,58.89637473682565,4.152094616369982,44.855741817382565,0
7004.091754091038,6.347365919110904,874.6404645091828,18.234629806213054,2577.6593121194633,32.17326048040176,3.8243205602458774,46.08006375212285,0
11431.525307948328,6.099848616724017,317.43670162674294,17.70019032706984,2749.029679488231,57.474493901366166,5.385521911514586,46.38535670836538,0
5359.593224908034,8.267976915831358,786.9169761923371,14.875587020355665,3788.001570811226,50.80610258321279,4.381352849208621,52.81165142894617,0
14878.006466073108,7.958302504035608,396.68251926372557,17.247431320239976,2191.519195834227,41.91527517473124,4.525926657110022,52.69235132886258,0
13688.459779353496,4.354260127489281,220.91085440059072,19.59403325214711,2212.1726788749456,17.266459653925278,-4.259798037671093,88.7298564134257,1
5000.788353788503,6.072558222875349,1360.7441090748612,17.671449661887326,2216.122839914865,69.53430868263817,3.5357628462874895,45.299548148451315,0
6998.679819969126,8.561937224559188,413.7321987911919,16.149557620701383,3759.063968188091,38.39869466370639,4.014645254491076,51.247638628773856,0
4732.22797898529,7.133247441920067,1219.5816460186334,12.05353394494638,3118.5326706364453,52.042625373960355,3.9034391713560765,59.2118903782456,0
2004.8369269982422,10.54230477339417,519.2751831920568,19.02305274988978,3019.184017886859,30.54916714376736,6.548501834011693,82.07325834193641,1
8079.356481050307,7.477591229827223,1001.4677875476459,19.147123439038253,1282.2688573091593,37.1503581213723,25.718953159260206,82.21811148330961,1
9996.002318275456,8.671143762343638,888.9619830332402,19.54807895178766,1899.4758850575618,50.31839563292813,5.711153946935771,62.43941924966124,0
17845.02417618492,7.009365973727933,411.723960562638,15.68613696077076,3151.32765829078,49.91554852095317,6.061355822614287,46.65946917943155,0
9296.867434897325,8.699954549086588,371.53118101238744,11.372466831748913,2923.8880288998776,50.14494782100697,1.4190769083132002,52.20145190351275,0
13088.11649506171,7.437132405964624,361.3780442784193,18.01883684216365,1694.4481338426747,58.171664832123014,3.1996009998862878,49.06047634367716,0
2166.889003977879,5.4609166988233895,327.5532843026228,14.091931205871708,2561.9235878871914,58.58672141490836,5.124211705920326,38.88834701100014,0
6300.3074275680265,7.703734151599655,718.4794267842576,12.066954196534606,2759.9243957674353,53.51735777818419,5.298127261825775,47.33427715071015,0
12686.813331300775,6.539404548222068,1400.643247220636,11.687996458160965,2238.0222866125223,50.88268346527501,4.867943744378307,55.08267321463349,0
4055.0044401748246,6.747443493707009,1064.2363086142673,11.652683708975124,2955.3258298243327,48.75044879922243,4.255488583806696,38.99903037422194,0
8882.378484653631,8.574222880999056,889.6277213932448,21.64106684579158,1935.660077456095,37.019399033354816,17.19767778003491,84.48052798604925,1
19264.30486301741,7.620087770448669,467.91206210431807,19.378114969799984,2804.3695628946584,28.6193699068387,-1.4608469788004896,65.86030866592887,1
8025.041335783278,6.992738089660229,662.8918523167177,17.795818306150732,2618.4105467146264,54.931154324242875,3.3751034538764246,54.96346411070492,0
9942.1584935883,3.8863894024947507,-360.55336242112514,16.267647395423324,2086.463058801355,43.59023712149693,6.69435031493019,50.33649958535531,0
4749.272003206002,4.527153311926269,492.27854217972464,13.96227384135136,2722.352241739085,40.130633430135696,9.640338378110318,96.31152515028003,1
11336.42290405222,5.551974376425923,651.8987788241884,15.463415175356742,2768.321085037529,53.273700628852374,5.907237092622081,51.85877883622266,0
1077.9247822853458,9.897803740474622,1519.1226226199833,17.17654392696817,2015.4162800196468,57.20620105432447,4.489100647085176,45.690561995147725,0
-737.92214575256,9.298998044063834,661.752061129579,20.762385160370147,2646.8812388332503,33.59158073716916,2.984357575707521,24.795615293809348,0
11277.095805458213,7.916135867440084,1391.835563987308,20.42370079380251,3639.258688375996,51.496551503812796,6.050058729025487,66.95363494179935,0
2206.5716439285316,8.672925229457476,1841.4967888497627,19.62769213665364,1831.7021809386463,51.46593528366975,5.619406670834684,62.195329359482585,0
9623.289437799196,7.939602559955977,2736.5193614066825,16.705844142903363,2889.36373752501,51.39138809580122,5.5348686911012255,71.30104266320959,0
6723.543654245979,6.847977315027839,1180.8434706293335,17.51717136055009,2840.1706588862576,29.063095060550314,4.032285436660283,42.89717962848922,0
13354.380059618597,7.400185016333297,1855.6339063480245,16.324832041393492,2496.58857271138,62.81594123690731,5.659311426427585,43.62420142122464,0
8611.461860617535,7.0017190177672655,1470.2226981637289,19.111976670657526,1966.114000400442,50.11505596995413,3.1504131740004073,64.31889063774514,0
250.20127756565307,7.896781845463107,583.2863807636659,15.970742303753479,2189.899477481021,56.056448014555336,4.2600840922579,52.69783929399936,0
16320.43628488919,8.183271398139915,1157.3884081377053,15.085684277563203,2708.6450771944546,52.28027793679489,4.882945010242249,58.81013347165202,0
14606.066681045315,6.618834673432018,-332.65180655036954,16.022268226393756,4170.527281697351,39.52214420505894,4.897467311831852,63.59771893328313,0
10054.851473588387,7.905588521104886,1232.1961234938356,21.700380871155396,2759.310773608537,41.364208643403636,4.732825205406959,53.10186516828704,0
4346.457920921598,7.31223933749704,1212.2529472595554,13.810097555960507,2383.046024414641,50.539760202057785,4.794491690125608,65.92852064371988,0
12739.261574241165,7.1259199795995505,1015.4833669355821,14.650447006438563,2147.3122584935572,46.54079050177631,3.72622927632782,46.20520743988256,0
7173.497926579636,9.594152178224304,1575.0425571209748,13.646154034867662,3370.5827704632384,39.498715513605774,1.995781764820875,37.951856590625454,0
19195.035003540797,6.000149822332682,1028.603995875698,21.86372382420509,1823.9319787220172,52.369603546838704,3.409990497950418,54.86619480128111,0
8853.77823655301,10.071617959248062,1110.3903867515905,20.483649330522933,2334.3755849226027,39.30814070697415,27.139992359884346,87.84095596372498,1
18985.67596914703,9.726270081891652,1097.3756541664204,12.152811838883693,1890.4471139064103,52.81568859366445,5.441866424993022,48.999536888963334,0
648.0826958177386,7.442398309320975,685.6377833678274,18.78889910462725,2108.3683853423095,43.13841269260557,-5.801003827998791,84.04750858996361,1
1705.0362237890813,11.5280282204717,1296.325112980141,18.407956344312385,1893.4810658282752,60.45243254187601,4.152611903479657,55.1486117993516,0
8166.010798146663,8.04565782761778,-3.6485468798315424,16.687012142091085,2259.4517490700814,54.63662277691078,6.197808163751112,46.72184689760642,0
4663.146125845529,10.63046685937163,20.58619352362257,19.115306140912427,1721.357480066547,31.429955105489853,-4.957661641136228,85.38084786311639,1
15849.249974926122,7.7413024390896865,1666.7443712174495,15.50733204411418,2834.212428559669,49.19041898145974,3.6767261681475856,51.349071163381275,0
16415.391831489684,8.183486950727149,242.4720184908025,14.862078186892502,1983.8956454273102,40.648152718300004,3.7718095898563213,65.32783884768105,0
9260.938519168578,6.401600646771012,1262.1630677055862,14.395529795470695,1494.5072691693094,51.63885840174153,4.280492041904891,51.65040636537739,0
10512.94039154804,10.207948991492708,661.4500718634747,11.280313160110047,1163.8617794341217,56.88068054194256,4.461376858866861,58.40567697791671,0
17747.869402359393,7.854877819110758,394.1694045760263,15.106251582234393,2211.3060446174222,48.39168982506692,2.9245044278901133,37.97308971105132,0
8057.726913767447,7.885840560537461,754.2224000801575,16.496216750521594,3482.3007861083615,34.96815244196938,2.943704864073621,50.14416562635549,0
2839.744757711146,5.940501161884843,1488.3373008614697,20.178914921416563,2685.5002057491547,58.46508890053937,5.5268823850330095,48.130284871827186,0
13753.424909151832,7.407953094893033,-581.9715269043664,12.688261532775531,3361.3485871648045,38.90808463447006,5.32063333671839,52.156627874860646,0
3677.9697150767806,8.416436564567459,-51.08792021612794,14.840443177518546,1768.4153296764869,45.70268590089344,5.069524707641714,51.87101537222273,0
22165.800442614567,8.919570867048712,848.5874366181695,13.688421901118044,2954.3930182993427,57.333651780712145,2.8222823823817498,43.24281997584468,0
5419.0966230765935,8.238678434051891,818.4572561884694,14.415861173781266,2129.6058835880685,44.81149519400785,15.805051886334915,80.28906593325794,1
11087.362764659802,7.059982343434681,753.9566455583627,11.100873322972278,924.8918324856832,58.68393468235372,12.513366271808628,85.83050730963885,1
15345.88857563524,10.50458517107905,1561.3218173610337,15.481228209137209,2914.5932831744262,46.51845334241766,4.659221542959692,51.75542243835148,0
13727.29812418648,5.9070647314318006,1001.3050087558706,15.411697502556498,1954.91701391429,44.589282273891634,5.413716748873072,56.94096746811757,0
15176.655815172133,8.669157300909085,1557.3379224967484,13.690564706788674,3641.3260101587243,46.69174992952536,5.8463405902982695,64.87688446403513,0
6801.481006441431,7.8677383861854855,1314.7742531842694,19.225360304419944,3590.588855224126,44.67334364678167,-4.536576259119229,74.45355891953992,1
4261.141059368883,5.400685792963474,-846.9301451463217,14.677512814684725,2249.1924672839796,35.72049173702317,3.085204592451725,59.43516818152708,0
7924.742228753081,9.294887452257324,613.7052154565333,9.57899218390639,2248.492757590291,51.52738985404085,5.590097086903395,33.35210998567237,0
5885.3739703643805,6.784241904580542,322.34797367402274,14.578076002341142,2536.418033479641,47.33568179408865,3.9134402419788823,41.330747606555654,0
11422.94447868134,5.867189119737077,813.1092020988538,16.165363900221568,2795.0659474708423,37.38216291094302,4.66577706764109,44.779280955016404,0
11045.718412708018,4.355094852941108,1431.4069918411096,16.383373931724556,1767.1473141653064,53.02581028345208,3.799535225172689,37.38122556641515,0
7135.4996285053,8.990961113462827,421.54309789031754,15.649707551161825,2282.627727423931,53.3395762752864,4.1547565342450605,56.19656691763148,0
7560.856020034829,8.27376429585476,990.1746350673361,14.556720556178911,3170.587461506007,35.638966427041055,5.748032063835225,48.365927692686874,0
7903.001835974259,6.096606153807756,651.436741698412,13.305592557192726,2057.4030628829887,39.867689368440224,3.9993181977140226,47.391291987541095,0
6453.535456572967,7.303802183834819,825.5888723150023,11.97124942344793,3677.1959349612,51.608268029732564,5.5797953953595485,53.57192878994939,0
17894.967074424378,4.693086510329824,701.473254193201,18.4423632958757,3114.044737191506,56.26643389670971,4.104724252844949,61.12326824390263,0
12595.733372887982,7.888763758224342,1553.7490906885525,21.503384844106918,2320.5047589530727,50.97202407855148,5.317992781676927,45.589761794763916,0
9459.648444584443,9.148747349213263,926.6620822417458,17.766314122096784,1784.246180261288,42.61618481300725,6.526586630763212,51.329284648275014,0
13306.346923048332,9.87344697531557,1226.290204943991,17.03138283420847,1838.1361913825288,48.173113658738885,4.705247391164576,34.05817320274599,0
8167.55849706506,9.058525383197415,1146.7514641935313,17.009054408958733,3768.6188104000585,27.289636858589773,11.638591996777855,69.14063679596157,1
-147.68378500543076,8.104678714298752,365.11541820500224,17.914989911999946,2460.7904212400044,46.20818648830796,13.282785192762223,95.1690535333588,1
8950.159193277628,6.791675458523401,2251.883554358942,19.160632752399998,2086.136691771962,46.12035564097908,3.1334604756285445,42.66537908831036,0
3185.8269150444166,5.4438736160233105,444.79760689154926,15.278867685934097,1858.2485779224937,41.58761953327871,2.728523423628722,59.83178480999021,0
7068.9442812817315,8.631761911385837,750.5466910952555,9.520726046278345,2603.1303971792245,66.43276466338915,5.564770754951695,47.37150933839627,0
3684.3134756268146,5.706299723687398,207.12623277559896,16.025889546649264,2868.254043872946,47.831078813104725,3.5395306748439723,52.84885899715317,0
19852.24434188714,9.783789062938114,209.14892036946344,22.676641478739356,1772.6826868554078,38.56538823220748,7.188734544209138,47.29463262838733,0
8661.93795457706,7.078666017220616,428.63299766886973,14.048039305197811,2501.0877435678335,56.763252454256445,4.255339837224175,40.166232770513204,0
2795.996011759975,7.878716842801219,859.5958644916501,15.688004969860673,3288.1127713712167,54.532862662680714,3.769412205091962,52.402306257704474,0
5540.09477357591,8.106892767486244,1164.7113403143499,11.829140884291455,1732.708081115949,32.45081658992901,2.07608859126927,47.66864067454948,0
5707.978419319541,6.530089486345202,1243.1755014822068,18.875363659921504,2195.177092904519,56.05562188902256,4.354215473471506,38.90692467502005,0
7195.625661746495,6.796954254504637,992.3983320251377,13.561011067532778,2474.231195400196,29.90070754634258,-4.074449523659558,80.30504814500428,1
7795.124528439135,8.869906878304217,1152.0870325640385,18.571698530500395,2551.2112191646147,29.62223444195452,1.6874405002446444,102.7157445890456,1
11224.54638367016,8.077450393026263,1353.933902460899,15.54193324182305,2791.1107508766877,39.56360880332713,4.184619788968662,54.604222679843886,0
10921.24376326669,5.651988819721504,496.1059583577084,13.457937647502995,2796.156495183484,62.6384556592124,5.006572430634315,41.508603534870076,0
14445.760185243562,4.677184347103889,-299.59303210859855,22.308708854178338,2069.8295557964075,50.19583735881529,3.8581748126559594,34.110103975222245,0
9094.82657742405,9.105630562758455,757.4558614722492,17.82274443308245,2014.1791976367167,40.76446492603005,7.149681008471507,78.48654265350719,1
19830.754034907914,7.110335424922839,-13.731485042721374,18.752647141170804,3819.856083437173,55.86678405742545,4.160648147868811,55.07879845068621,0
8264.8104224304,5.114103914502978,365.5615299457035,15.098302911285735,1932.24738836682,50.124557258472144,15.920688603779013,98.46603072081052,1
11095.817559142435,9.354709175058648,1336.002225421575,14.511123140149547,3174.1642581985043,29.319064484089743,12.691306469494293,81.62399906519589,1
8619.938991608831,9.969003395209715,869.1888661787959,14.252671566605422,3449.927229244572,31.155318873005786,-5.722714785911764,83.13935072310166,1
3506.0896574782246,4.795974043602711,649.2600275294313,18.124528902244318,3198.8381607963956,51.360081751841676,5.104363963413434,50.988872158551835,0
12760.347543479333,9.104154918577732,559.6233691551756,13.37220108979156,2734.935152946466,46.3731723991953,5.312205184933209,39.24141438162133,0
378.4912085475753,5.70228376949332,1035.7870307404833,19.688157545346034,3176.3428980978006,51.29210799390726,2.72667347069602,44.17070504400733,0
11220.223460457057,6.145894166237519,-571.0359760226363,18.103964507121105,1931.9836153411018,21.933206693552084,7.803786764129589,72.76211210886119,1
6811.933429510605,5.782219218184604,395.29136982559,17.048481485876938,1857.9876712923403,53.338634413283515,5.144954504070242,55.42985202391105,0
13279.79875418079,9.164649996503938,131.1782798135356,18.2425037573897,2521.6359212768293,43.12716580759887,4.164040640632165,44.39442654905632,0
14151.7135257089,7.0041787762501935,637.5263922379548,17.85532607499129,2923.078631768366,61.27547539240728,4.415431711347053,48.7347395047135,0
9774.381001757312,7.9315303634479895,-441.5977026041194,11.840245055604605,1215.4994535550966,40.89283432957596,17.44893334888379,85.5184758064251,1
5574.610225249091,4.665637336072708,970.9308465834426,19.47168357628715,2572.0022991078345,23.199760859014933,38.86686048322273,83.11207594172772,1
12685.671294003005,6.7495061141147685,-53.69493941431972,18.26556968146542,2406.6785365717965,21.330608414178904,17.25044054722867,83.6661224429402,1
13908.096988483469,6.865239298339231,1485.4731541805263,15.351405219457403,3057.1145031380265,38.10276611432183,5.355194438552408,48.10248442740317,0
10081.832303773392,5.930380561145219,-768.5696209569327,16.358233645445967,2032.506532260963,63.461303317184914,4.672862677831796,30.897458187189493,0
952.1172674505378,8.878600091326845,783.9543364951751,15.184609062637454,2111.254008174853,51.825498311687646,1.850066376143889,57.98504904615669,0
11602.352264554818,6.662527084188951,811.1935134579816,11.842422344372043,2360.7174405578244,48.72638630730688,5.366994923331524,47.321605674316885,0
7051.016367340364,5.961770077294005,210.13872884335092,17.96575323092559,2572.493132411821,49.33271412202751,4.4545023862406765,53.770609096284,0
8574.372276353828,6.980508268302952,481.3601875352294,19.51199291715339,2070.9094648829405,33.861796738164166,19.931035778482933,69.46363385953613,1
18428.035278612988,9.439500678617215,-134.381043297239,19.01833007434368,2078.929090206714,38.3635087580422,3.390345743518594,55.67021832903227,0
10003.754340911144,7.510038687928002,418.5677678259154,18.681916668640866,3518.557837075022,44.7118249476583,3.90906706510534,67.55311070633304,0
17461.346580846788,5.251461865481387,957.713890859045,20.671387266403453,2863.4542811979204,42.955148321746805,3.8606481443034637,57.03156316419617,0
10002.505560091187,5.600240116756881,22.4785486245612,20.69901444823147,2334.658400969125,55.61505801647435,4.620964644551729,57.29843035114983,0
11560.529742545343,6.666598323320389,1445.694747222404,15.302394891395203,2744.6640638959752,56.66356354260033,3.8094117442846542,55.130478674102505,0
1720.3524115853525,6.965723397456243,1137.7739364925792,14.272598026706998,3079.7246453700345,60.68379118280524,4.5230441051586565,54.26790193258645,0
1202.9515822485473,6.81429853927073,693.820475924886,16.912993097041582,2666.7564612066694,33.1239085535572,0.40965888471297873,94.23631181818513,1
7850.32028087288,7.273558485425694,2351.668756096542,18.88775727223979,2988.01858680043,51.57898084351728,4.2720222918035065,38.062881457557225,0
16058.131047286435,4.824048272582787,579.4595840750565,13.467597110032,2172.097184002573,48.676607582544854,4.500192608888502,66.08077135453547,0
12506.013543206514,11.047561037430189,1184.8323289403827,14.149798172254084,2144.8234114179327,11.979878198648013,16.153749705965645,65.76282181296065,1
5110.616402169844,8.076834919366231,1650.5046605636785,20.26839820241774,3109.462958619085,29.06300573012743,19.433944363978718,70.10995561713987,1
12088.565449568401,8.302949390573449,890.5217548793063,15.651792442956554,3258.0785737065985,45.30423211183629,4.313925546361826,58.876229633803966,0
21895.64422004376,7.731481069923352,698.7399529703866,14.092119342927697,2586.6345600170225,35.14033733881851,1.1700296770370766,68.66540360949541,1
13799.341589162264,8.446613818846817,404.85397998573717,17.206632198298813,2618.2821061361674,56.393971660137964,5.052054469060267,46.68947831249642,0
6787.3651322510395,8.402078024904487,1284.2241574513373,14.124448067081538,2989.6077493366456,49.59329651601532,7.1138286645128535,78.28617325726326,1
12245.153048809409,5.810801450999038,808.512066058223,15.935969364188056,2349.2369878318787,58.723777352455954,2.564379823707637,44.260653669258,0
13057.676875375146,6.990375306812259,628.2033386634298,15.30345462370294,3233.9002233457363,47.64701455699064,6.972409852604198,37.45598940272499,0
10508.847921189354,9.341090626055722,-80.47621584315084,20.755563178526238,2683.6390472563494,37.866848198743426,-9.34224797530156,83.07552917728448,1
6815.168160970697,5.22761814372015,115.11049352614077,16.74143644619925,2602.0641295514383,54.543956316193935,6.244360981049937,60.15342786270996,0
668.3998100102799,10.645171608807281,720.6604758961059,16.071989180548915,4001.539376646926,48.7236394526517,8.664519777073494,73.23189264453686,1
215.4771295626815,7.4532578759081405,-359.46053957332754,17.216649646981214,2918.270014700346,40.968293878934674,3.754638241444511,42.743323971169794,0
6469.417232413878,6.1243864460474775,1051.9480402689198,19.782991535132695,2360.417388250849,42.317175582863086,4.95159114917589,23.733152440013882,0
12433.630879482062,9.369337190988881,1513.443458268998,13.038887481834964,2997.645315124466,49.56202883459027,5.883993316076267,49.91586334028635,0
19502.257775182854,5.2450710337904605,925.4690516038353,9.957532616451907,1253.4287050804664,33.65951233497809,15.444266892508482,73.96113949946945,1
1300.3462537781716,6.721060631947537,1326.528398489918,14.539434507683053,1244.6918687581792,43.93228861655308,3.898023985444251,47.53142107489147,0
12126.923792158444,8.414379817972572,799.9156319986125,11.67043045649067,2542.9075589317804,49.302812861316596,6.059557542364128,48.21417730485775,0
-576.061366230886,7.154856533676682,-902.8359464541887,14.184313351921052,1638.0173328231688,50.890148153339915,4.40018320787471,48.30020813789069,0
10717.412067852994,4.682577778574677,525.1457836216643,14.612312930314241,3260.018655994497,52.6469082485353,6.096412208987663,46.60178831691703,0
7831.85211597768,7.600710653628142,616.9793925184401,12.907934089975397,1421.636573330404,48.51787268055713,3.9486294816568273,40.06566400866885,0
6368.873472857218,8.984588884468856,394.14357592580785,16.37452826116413,2438.1551222034973,44.65646663632396,5.921981337120379,46.5973032204583,0
12371.63439924993,8.953840979987175,1139.4632535262783,16.64692020202126,2838.814868748522,55.900224507732304,4.131801906733687,45.71571565244423,0
7088.385322596936,9.321788292568186,474.7875796528411,19.48316005725485,2718.7813954896474,46.78360559780168,4.250132748464696,42.81966917827726,0
20540.148285062525,7.513647848218199,712.0219771971633,14.79716939144502,1968.090337881064,53.641171047596146,4.3520260811206075,62.100659331755935,0
11483.484404986844,6.376224404956478,382.1036341004283,14.156861533069403,3165.7271732650693,48.81969449519879,4.12948585056794,45.13863533151168,0
15122.109504766859,8.224323785217353,468.78335517527785,12.761855283842891,2165.7981260621814,60.2726422123383,4.790955566067253,47.975568258166646,0
11554.484856594701,7.40381580519478,748.5614492082565,13.454135243504801,2440.7360840807587,42.30590063381439,3.008923196640353,61.50834649684363,0
11436.587941058146,6.7404200371510195,764.2909215949563,17.967537906585594,2767.299669195214,67.6179461869833,4.323394022581876,52.83678449698853,0
17475.313814875808,7.04793519774996,-189.97078683301697,15.56820935254827,2837.26389543526,45.346681017529356,4.543343879145718,82.76079005548155,1
7584.717942355867,7.069574650629237,547.5829098748536,17.072067977569922,3076.5071572527404,60.22301216833578,6.158565593816009,49.08610327949739,0
1348.575409228959,4.193722140233457,811.9243866765945,12.732909663017695,2427.9509296529113,51.48317325174209,4.4913945468224075,37.823286223935156,0
19555.14829937165,9.172545647325354,1214.4982998783423,18.774494697347862,3049.466047713382,52.12230675827047,3.7743897820416974,36.73565172692004,0
4649.790639504673,9.435912657438777,-23.300913899758143,18.11944745117879,1845.1910041419706,30.136082312091336,5.509507173915451,75.5277887053615,1
15441.93105001891,6.29285450199441,782.4201486011508,14.620698254169122,2224.0590741831306,43.81993114886272,2.9013064958838655,47.613829714893946,0
5373.132407795719,8.150867565063676,342.0580948930598,17.48194301156687,1147.8578801218887,42.750254990458444,1.0724695039906114,46.80487550080965,0
3795.1478511576533,9.643472373818224,693.8198798817518,17.74947305750515,1959.092410663959,31.979731881730807,3.4346383435948153,54.60958641857302,0
16423.329447386375,9.848184352866127,-116.04985255156657,19.76718824116051,2097.167255203527,38.23393855065687,13.25516121544067,71.46471691896505,1
13155.587827189196,8.965883460447266,742.6698580301755,15.92125194195377,2247.390017246763,55.387430502029545,6.6869560115925495,43.8808694735818,0
10892.619290512226,8.925244318424255,1998.981849453356,17.976002152849645,3667.674016321783,43.03261384103992,5.091741032659206,39.228331738414724,0
9763.600269181117,10.92464338870646,165.81488792177447,16.595846384346856,1812.8618918206653,51.96221545774086,4.444050281742397,58.54317339173783,0
9213.886428797312,8.80840325794551,-145.39322110746048,20.366038413041082,1008.6937855560054,41.28389273381236,5.185539663797155,54.517002009759395,0
4465.19900042843,8.35792876821426,799.9253608785076,12.447668516353222,1472.1100907398995,56.18182702335515,3.9117992215481276,46.936186358376425,0
12717.205284840174,3.063760655885572,1555.4006779616257,12.472132884825783,2653.033743121793,55.806569184310376,3.502940803373844,51.862524599012666,0
8284.014675047347,6.526423424105495,1257.174709892272,18.312579830032217,1815.5573445198643,50.61386287514365,7.01051828594149,74.23106130613554,0
12446.181494754728,8.73073118061576,937.8135592996371,17.77474824159949,2525.5303220813084,52.671560383992315,4.627853611721249,60.468009034913464,0
9912.621149139324,8.721222568945054,631.3216165410008,16.25418359673423,3447.7937164407376,63.985084580194275,1.882589714801187,49.67981195512929,0
453.11926813702485,9.135392257510473,-221.45218980031575,22.98625307942962,3372.1087648204866,53.209106090113835,4.519945177634896,46.96913922887986,0
8711.005193897763,7.734172665306617,1015.0439889775271,17.293039303331796,3901.7287819717835,56.62126007788159,4.710438288786401,40.64564594541293,0
7075.8823189507275,8.144047021803809,1245.8950607290653,10.574563647024327,3209.881249920312,54.57738504829971,3.535410422108706,47.71119836842058,0
7912.98795559492,6.254742518903366,705.0098962553263,16.17037027112102,2144.6990558482184,62.427966043700195,-4.943624841497879,67.50703074264854,1
5978.613723720808,8.257045709630514,-260.8878720478193,14.77834339721513,2945.2594431018206,52.31864033496569,5.049131690328447,77.06687940975502,0
5306.345575840376,8.921545792122098,280.6675141145201,20.34564367072861,2888.2312383788685,36.063568465825355,3.499503311137061,45.20540589049541,0
9558.904993032213,7.723683592904204,308.1401272178324,14.755710153324353,1346.2480105582774,38.42225776593634,3.8518331526436675,47.63845432142774,0
4547.905806530666,6.809413671359103,81.15989279969097,15.416321521477398,2927.9802377028273,45.97930788875452,4.637079173402827,56.60258706706549,0
833.9160922839365,10.389606297682853,-806.5479559258714,19.96455442449968,2511.0278123382195,45.084611804417264,6.5030963308518,41.829045413597676,0
5489.527417159496,9.457440366506031,561.7910255455531,19.546335334474904,3198.445916344966,54.68650386843724,5.2724808014305315,50.41671422139356,0
7291.881748630446,5.447858809857563,723.7100213208436,19.025169847683387,2972.1648872759615,45.645693654756116,3.7217740445944156,31.545761151954643,0
1401.9474896695428,7.884856123104201,795.6051495245556,15.267219452649288,2946.4244208558703,45.44295938762898,4.928595102841525,45.89142800863526,0
11805.824002873826,8.576749855707172,506.6037604508276,17.875653632695723,2974.2353982619084,63.43027045909484,6.765430785550366,51.821348710111764,0
13019.179390731942,7.74367197178924,146.19954546224062,18.118481600459,2071.128310660921,55.64118927150541,2.5633182534252104,54.52005368582448,0
4454.721405935623,5.972537421700492,835.2870382017217,15.855246922947872,2758.8167032084025,39.88088924717833,5.858744849806726,63.25263603127389,0
11616.70472654737,7.5392245323056555,-892.8633923144826,16.069118912278004,2193.377501914493,32.46099037259125,3.3445172855735628,84.50149760059732,1
18214.258320498764,7.576951138809132,818.7165546805394,13.962275015384687,2505.8541778109325,27.127903122149366,14.13094021340344,91.38097094110448,1
5022.573390979982,10.183190195145317,893.531946675596,17.373699246814663,3893.0845450618917,41.93589421463457,5.600839979373418,65.38847290469344,0
12972.406365693423,6.742454755053183,651.5503590918665,20.634387475141185,2886.3823712188687,53.44676804135797,5.171774114316913,53.83655023866789,0
10561.788702948274,5.969956537842623,1042.2654860302523,15.981462476673139,1904.498310896359,57.528532411615444,5.288166994211377,45.213036189920544,0
9715.467026856573,5.865964499531235,381.05755158604603,17.301398326135004,2880.3846026628744,25.53215936253804,24.05042221468732,72.55335097585086,1
5723.046951882481,7.489535169452049,958.0535084195682,18.940452508884455,2937.5305859560603,58.10354307735825,4.120010682316027,24.463689843514018,0
12515.291265518872,4.36192602302518,1582.9276537709484,16.930445608175557,1948.9968468480174,54.16781498793417,5.555116686199873,38.0055374204464,0
16168.398468534902,8.726761481717897,-701.0998675815307,15.065659465714031,2977.7550610154794,52.02546956559439,4.43479099075602,33.45964499739298,0
8734.242567444331,8.582515135716669,993.1090549126596,16.943094976082612,2930.5229913065295,56.783430026842254,2.6784586417880982,55.14640239981159,0
13209.30728067279,7.961480358383869,-404.97911284981376,14.617715126662208,2594.962616567601,60.444661726484185,4.7303064060433355,56.27398485621341,0
379.9704171161411,6.436201029729266,-433.7550996278097,17.189720467818532,3022.105765198498,52.55061634863624,5.2585819556289275,42.18440140775415,0
12522.890385806146,5.715092940829196,340.4162740640174,15.26969787837422,2394.476417438922,51.62871098564058,3.122781480340949,73.0233715398694,1
4040.584315356701,5.218987126571708,34.034321823211485,17.467706338599722,1859.0105655719676,52.79719805717979,3.882877234115231,37.404372711302585,0
11265.29723851809,8.524418648612743,1467.2773715564424,20.262578931937423,2575.6195335265156,52.982353268233645,5.931127445972779,47.24817562613654,0
930.6151073624842,8.805339041063196,-23.434590996516476,16.377513383760842,2729.7004006661737,52.775682375075846,2.7682616529866264,58.3814689689716,0
3581.7465289859547,8.89431666845722,-168.1277029532838,16.885013240259823,2833.8098671362336,43.064212348539584,4.073343994571153,28.17898705799038,0
5845.751837548938,6.645595794810275,331.20763026975135,17.353660767135768,2604.3416201938953,34.0495799630708,14.845292184244876,72.04244922938591,1
9514.403439355006,7.651501487999519,677.0151231099895,16.74019419876338,1524.4701431568956,24.700679196882074,-0.4361649965337753,88.46869734684252,1
6604.606258744589,7.958118765406407,436.7946377026459,16.14273826695648,2619.341822168411,45.304334320189724,6.102543674042091,48.91665152630706,0
8183.876474422513,7.269848403187897,-268.0161829016241,23.886886032035996,3525.96841081899,50.82251394524055,4.770205118672323,51.712440476849956,0
8062.51230842107,10.495004940562755,1944.6059772730919,20.367953446905,2247.8283691964516,44.22642836787646,5.617214225842925,60.69691681739608,0
14764.972387067231,8.209355232329198,-47.43251620937451,20.088644145024386,1983.1380978082084,38.492586249796766,4.006877908111366,43.20709680372394,0
12857.81343575355,4.633820209711271,47.43602843676797,14.06094865316104,2833.858844488091,60.01727229572888,4.327892140249285,56.28730548259637,0
14742.717724868471,9.68977229279425,654.8121513421389,19.297827372071957,1533.2330606953124,29.417224037919468,1.4432278724282188,88.19421207205271,1
7242.692073678266,8.128867716105749,844.8047139639558,19.596417639021702,2183.733807838465,58.54913775672068,3.4972785111747053,38.68910254831158,0
6278.830315936402,7.697147746157416,596.8601541546681,13.001910489199943,3068.7263569670295,55.72487254378473,6.576140123050607,35.13837725393384,0
9988.376911297106,6.1806161108836815,860.4609862880409,14.712421001789425,2948.0821012022916,21.660333690121085,10.470012942647289,73.89507673727967,1
16427.42290880841,7.777613223971793,460.8708719036144,21.163420304078652,2575.454983226712,42.08272569990985,4.176311272066011,58.10594973148592,0
-5660.864082326254,9.4181555413312,-53.86260709200235,13.903917142494294,1755.8564313558713,59.57990832030539,3.8985144509999063,46.16056377936541,0
6177.991166714315,5.770184170253117,1660.5100702048605,17.439629659831606,2174.7966523881264,64.25119773280686,4.319581960456479,61.6471078523991,0
18139.062742309416,7.999960670057984,1004.8802129897783,20.463040496838445,2270.695844830453,29.699886959586134,6.204962863726625,68.92800202141002,1
3952.569359681822,8.531058415552284,1476.1688692057578,20.11806593915635,2112.798806298747,56.14274955734489,1.97279255834024,55.69029537259759,0
7214.78022401987,6.373663422500268,274.9895205194756,14.965349496491363,2352.1533820683403,41.45580499287058,5.347824928104753,39.48836393649806,0
13469.77803363674,6.784794775420137,828.803804059739,13.539635344627092,2828.149589389915,46.661877077420854,4.8447215149449505,54.62547922797749,0
3479.2486726354673,8.180710686043666,1247.4423295251772,14.339450551448467,2924.5855009211573,30.106676245377944,5.1808159514098175,90.63955845045848,1
676.8884869295525,7.5109016636000465,2285.8243916477695,18.577916258742192,2241.4091636423077,42.735464233920275,4.698030314926454,36.99264929612664,0
10231.31563599478,8.38073971360181,283.8133519397904,15.77093835539202,2128.75545414281,43.57532335424752,6.194515649613107,73.17353765614861,0
-1332.1094325179638,6.012515398217248,-24.51974528911751,19.358419866364443,2927.6632027311484,56.32548968020672,4.930489665729963,58.63605506886287,0
10974.791777741477,5.674611902743259,113.11047188064924,17.043103754497963,2457.3733518629965,38.2962553117474,17.848261138558552,94.84060553220698,1
8749.19437514788,7.7658236488783725,1087.888805762706,13.634143023251328,2597.173527144063,49.63070444824022,4.400891609500185,53.097295030870086,0
5061.106160884778,10.59941892942716,522.2671834360459,15.760185752867146,3666.360959325717,2.044388200326914,3.3384520288704955,77.74472172678271,1
7074.546129537247,7.046355523331027,1210.4748992454222,18.506093049865424,2521.005729014621,45.93387883133344,2.8191961741361427,53.77618406420093,0
17618.89983915697,7.561548064721393,533.8735762932176,14.04766332959949,3249.3711082405885,52.80873033341388,5.236926966347621,48.72003024786605,0
8900.20898447155,8.308983419213238,878.4051651156941,16.725898104792723,2367.819893468889,48.424598894067096,-0.2849156511834856,92.99485998181763,1
4748.9157777718665,6.499008771885372,1083.3479229238924,18.50310744460473,3568.43179587997,43.62967848806328,4.6931705971045865,51.39825271326053,0
14439.298061421148,6.061129038306549,652.5393278452357,15.59435544425567,3060.087855778519,51.1462933750562,6.40072372915618,58.17686313054554,0
7588.5129519183365,9.434560388187327,675.151676224341,10.155777005431199,2301.8031856040225,54.229078522676474,3.41731415674228,40.38748512548932,0
2376.3861245274447,7.912807904287238,2054.7749934681797,14.044880317772149,1684.7332914262024,49.613442570125244,4.4810667733203955,54.62912779493113,0
3492.9609238694547,7.721155849860993,1784.541639322039,16.654493082416888,3689.1331126906216,46.54303165496464,2.886015997669909,60.94573291220567,0
8769.055769884113,7.483768953246207,1629.33497066347,13.820427898242203,2310.4433767608807,27.479010480753203,5.287152662569648,42.85387187875703,0
14789.676233184378,7.351614999904494,138.40884414169705,15.27393301999002,1634.9772705676548,42.041826256546436,4.010807305720878,32.81090043971119,0
15489.091148475485,8.756034570916555,251.55895910278934,17.119832054004398,2415.170317156654,54.137681729271684,5.278047333251748,45.88720075669462,0
13107.349792726947,7.22006911694348,-390.25682251252556,13.704814761940572,3468.4348640489793,27.823644080283376,8.217778262376934,64.41300194606092,1
8510.08147357834,8.55450992744955,1416.1595187810929,16.884822214090686,2349.1438936186346,30.35086924443977,7.27186305952077,87.80213972200242,1
8146.285166826265,7.46672216763747,1238.0159621595026,17.855491822144288,2964.92967226619,37.87908051000416,5.113926108442825,42.477654634725575,0
3815.2923257977527,6.986189947677341,811.0211972195721,15.475061096476173,1677.1032621022964,59.6113362542962,4.3833994723529965,67.97544844685987,0
18516.883557897712,6.961091592402121,165.9578211205736,19.38990072934373,3811.580235590251,50.92191893577615,2.2294980892980893,33.88282934381146,0
15167.05245390825,7.260062405430157,2352.303628556539,17.482503140566482,2156.088041938838,61.77120278533218,6.037523574481611,57.35443286204159,0
484.8523750184049,8.34886603982587,1475.7480166158307,24.295660988577964,1792.3697772957692,65.67747185564707,4.117899775538035,53.46782554594196,0
9993.350402015521,10.14138019486812,319.25944048738063,14.93648467694922,1830.3519231692148,39.410541128156446,-6.338288039246018,73.58298969577483,1
5723.573638240957,6.615363434361496,1090.6201351622958,15.812334860384276,2564.568207949283,54.510532475092035,4.319299741950086,51.67650155386656,0
18058.53935079666,4.733682009770037,1365.2780627808265,11.747473694172434,2998.606211849177,61.52088096055339,3.6480970404575226,43.996433057364264,0
8733.396355558969,9.530164240521387,1062.7313310734226,19.73690219919813,2171.95035363234,42.92861640137323,1.6402653826968923,45.60146736899594,0
11849.782265498481,7.41697701904438,1302.9767116887829,16.254610110667024,2275.763772037598,55.644107088481974,3.4724542516076635,59.28767535075775,0
12092.043737289832,6.301806154422319,1472.9716088206915,13.529523190594407,2456.820737973252,47.67975678827046,5.728442803908118,61.20129406331044,0
11299.538359852655,7.632072853346584,1306.835202227257,17.320704837431244,1921.5270841795032,66.69011280646465,6.525788463483349,41.996593679640505,0
19857.720484755162,7.575211557399838,1106.0821583094576,20.16870118409908,2748.713538384952,63.42372669574958,3.6566006244774707,52.39796833741989,0
8366.281105266013,10.628840302493957,1419.5881116361468,19.104469020485794,1925.4337321284893,55.09695232328982,5.453911221208734,49.718756760581655,0
10522.084195651883,9.945993425760218,185.66030880034793,15.73681796315191,1597.9733505639879,49.81105616465235,6.130028599716726,38.46340648573431,0
9237.805290018065,8.970627320113845,835.2252543875427,13.643812771822844,2417.17581219521,61.519632331429044,4.1548990228894835,46.67802283858067,0
9887.074390128622,7.238547719353196,755.8587346309429,16.60530507079523,1799.541012207841,63.11965345462929,3.6277327401543458,46.23224530262145,0
